/*******************************************************************************
 * Size: 22 px
 * Bpp: 4
 * Glyphs: 232 (+ reserved id 0): U+00A0-017F, U+2013-2014, U+2018-2019, U+201C-201D, U+2022, U+2026
 * Source: Montserrat.ttf (variable; wght 500 = named instance "Medium")
 *         sha256 0f7b311b2f3279e4..., units_per_em 1000
 * Renderer: Pillow 12.3.0 / FreeType 2.14.3, BASIC layout, anchor "ls", Pillow's own load flags
 * Generated by harness/gen_lvgl_font.py -- DO NOT EDIT; re-run the generator.
 * Format: LVGL 9.0 lv_font_fmt_txt, plain (uncompressed) bitmaps, no kerning.
 *   4 bpp, byte-aligned glyph starts, continuous rows, first pixel in the high nibble.
 *   adv_w in 1/16 px (unhinted advance); ofs_y = box bottom relative to the baseline.
 * Metrics: line_height 24, base_line 4 (from the bottom) -- copied from
 *   lv_font_montserrat_22; own ink spans -6..+21 px around the baseline.
 * Synthesized: U+00AD -- SOFT HYPHEN is default-ignorable and not mapped by this Montserrat build; emitted empty with zero advance (invisible, as at any non-break position).
 * Hybrid: no ASCII here. U+0020-007E miss in this font and are drawn by the
 *   REQUIRED fallback lv_font_montserrat_22 (hinted, kerned; same line metrics).
 ******************************************************************************/

#include "lvgl.h"

#if LVGL_VERSION_MAJOR != 9
#error "cc_font_*.c are generated for the LVGL 9 lv_font_fmt_txt layout"
#endif

#if !LV_FONT_MONTSERRAT_22
#error "cc_font_22 draws ASCII through lv_font_montserrat_22: set LV_FONT_MONTSERRAT_22 1 in lv_conf.h"
#endif

/*-----------------
 *    BITMAPS
 *----------------*/

/*Store the image of the glyphs*/
static LV_ATTRIBUTE_LARGE_CONST const uint8_t glyph_bitmap[] = {
    /* U+00A0 NO-BREAK SPACE */

    /* U+00A1 INVERTED EXCLAMATION MARK */
    0x1a, 0x91, 0x6f, 0xf5, 0x3e, 0xd2, 0x00, 0x00, 0x00, 0x00, 0x0b, 0xa0, 0x0e, 0xd0, 0x0f, 0xd0,
    0x0f, 0xe0, 0x1f, 0xe0, 0x1f, 0xf0, 0x2f, 0xf1, 0x3f, 0xf1, 0x3f, 0xf2, 0x4f, 0xf2, 0x26, 0x61,

    /* U+00A2 CENT SIGN */
    0x00, 0x00, 0x00, 0x43, 0x00, 0x00, 0x00, 0x00, 0x00, 0xc9, 0x00, 0x00, 0x00, 0x00, 0x00, 0xc9,
    0x00, 0x00, 0x00, 0x00, 0x49, 0xff, 0x94, 0x00, 0x00, 0x1b, 0xff, 0xff, 0xff, 0xb1, 0x00, 0xcf,
    0xd6, 0xeb, 0x6d, 0xf9, 0x07, 0xfd, 0x10, 0xc9, 0x01, 0x81, 0x0d, 0xf6, 0x00, 0xc9, 0x00, 0x00,
    0x0f, 0xf2, 0x00, 0xc9, 0x00, 0x00, 0x1f, 0xf1, 0x00, 0xc9, 0x00, 0x00, 0x0e, 0xf4, 0x00, 0xc9,
    0x00, 0x00, 0x09, 0xfb, 0x00, 0xc9, 0x00, 0x30, 0x02, 0xef, 0x91, 0xc9, 0x19, 0xf7, 0x00, 0x4e,
    0xff, 0xff, 0xef, 0xe3, 0x00, 0x02, 0x9e, 0xff, 0xe9, 0x20, 0x00, 0x00, 0x00, 0xda, 0x00, 0x00,
    0x00, 0x00, 0x00, 0xc9, 0x00, 0x00, 0x00, 0x00, 0x00, 0x86, 0x00, 0x00,

    /* U+00A3 POUND SIGN */
    0x00, 0x00, 0x00, 0x15, 0x78, 0x86, 0x20, 0x00, 0x00, 0x08, 0xff, 0xff, 0xff, 0xf9, 0x00, 0x00,
    0xaf, 0xfa, 0x76, 0x7a, 0xe7, 0x00, 0x05, 0xfe, 0x40, 0x00, 0x00, 0x11, 0x00, 0x0b, 0xf8, 0x00,
    0x00, 0x00, 0x00, 0x00, 0x0d, 0xf5, 0x00, 0x00, 0x00, 0x00, 0x00, 0x0e, 0xf4, 0x00, 0x00, 0x00,
    0x00, 0x26, 0x6f, 0xfa, 0x66, 0x66, 0x61, 0x00, 0x5f, 0xff, 0xff, 0xff, 0xff, 0xf1, 0x00, 0x00,
    0x0e, 0xf4, 0x00, 0x00, 0x00, 0x00, 0x00, 0x0e, 0xf4, 0x00, 0x00, 0x00, 0x00, 0x00, 0x0e, 0xf4,
    0x00, 0x00, 0x00, 0x00, 0x00, 0x0e, 0xf4, 0x00, 0x00, 0x00, 0x00, 0x00, 0x0e, 0xf4, 0x00, 0x00,
    0x00, 0x00, 0x5e, 0xef, 0xff, 0xee, 0xee, 0xee, 0xe8, 0x5f, 0xff, 0xff, 0xff, 0xff, 0xff, 0xf8,

    /* U+00A4 CURRENCY SIGN */
    0x09, 0x60, 0x00, 0x00, 0x00, 0x00, 0x2c, 0x22, 0xef, 0x60, 0x6b, 0xcc, 0x82, 0x2d, 0xf6, 0x03,
    0xef, 0xff, 0xfe, 0xff, 0xff, 0xf7, 0x00, 0x04, 0xff, 0x81, 0x00, 0x5d, 0xfd, 0x00, 0x00, 0xaf,
    0x60, 0x00, 0x00, 0x1d, 0xf2, 0x00, 0x1f, 0xc0, 0x00, 0x00, 0x00, 0x5f, 0x70, 0x03, 0xf8, 0x00,
    0x00, 0x00, 0x01, 0xfa, 0x00, 0x3f, 0x80, 0x00, 0x00, 0x00, 0x1f, 0xa0, 0x01, 0xfc, 0x00, 0x00,
    0x00, 0x06, 0xf7, 0x00, 0x0a, 0xf6, 0x00, 0x00, 0x02, 0xee, 0x20, 0x00, 0x4f, 0xf9, 0x20, 0x15,
    0xef, 0xd0, 0x00, 0x2e, 0xff, 0xff, 0xff, 0xff, 0xff, 0x70, 0x1e, 0xf7, 0x05, 0xab, 0xb7, 0x22,
    0xef, 0x60, 0x97, 0x00, 0x00, 0x00, 0x00, 0x02, 0xc2,

    /* U+00A5 YEN SIGN */
    0x66, 0x20, 0x00, 0x00, 0x00, 0x00, 0x04, 0x63, 0x6f, 0xd1, 0x00, 0x00, 0x00, 0x00, 0x4f, 0xe1,
    0x0b, 0xf9, 0x00, 0x00, 0x00, 0x01, 0xdf, 0x40, 0x01, 0xef, 0x50, 0x00, 0x00, 0x0a, 0xf8, 0x00,
    0x00, 0x4f, 0xe2, 0x00, 0x00, 0x6f, 0xc0, 0x00, 0x00, 0x09, 0xfb, 0x00, 0x02, 0xef, 0x30, 0x00,
    0x00, 0x00, 0xcf, 0x70, 0x0c, 0xf6, 0x00, 0x00, 0x00, 0x00, 0x3f, 0xf3, 0x8f, 0xb0, 0x00, 0x00,
    0x00, 0x00, 0x06, 0xff, 0xfe, 0x10, 0x00, 0x00, 0x00, 0xcd, 0xdd, 0xff, 0xff, 0xdd, 0xd7, 0x00,
    0x00, 0x56, 0x66, 0xcf, 0xf6, 0x66, 0x63, 0x00, 0x00, 0x00, 0x00, 0x5f, 0xd0, 0x00, 0x00, 0x00,
    0x00, 0xcc, 0xcc, 0xff, 0xfc, 0xcc, 0xc6, 0x00, 0x00, 0x66, 0x66, 0xbf, 0xf6, 0x66, 0x63, 0x00,
    0x00, 0x00, 0x00, 0x5f, 0xd0, 0x00, 0x00, 0x00, 0x00, 0x00, 0x00, 0x5f, 0xd0, 0x00, 0x00, 0x00,

    /* U+00A6 BROKEN BAR */
    0x35, 0x1a, 0xf4, 0xaf, 0x4a, 0xf4, 0xaf, 0x4a, 0xf4, 0xaf, 0x4a, 0xf4, 0x46, 0x10, 0x00, 0x00,
    0x00, 0x00, 0x00, 0x05, 0x72, 0xaf, 0x4a, 0xf4, 0xaf, 0x4a, 0xf4, 0xaf, 0x4a, 0xf4, 0xaf, 0x43,
    0x41,

    /* U+00A7 SECTION SIGN */
    0x00, 0x01, 0x57, 0x76, 0x30, 0x00, 0x06, 0xef, 0xff, 0xff, 0xd3, 0x04, 0xfe, 0x63, 0x35, 0x9e,
    0x10, 0xaf, 0x50, 0x00, 0x00, 0x00, 0x0a, 0xf5, 0x00, 0x00, 0x00, 0x00, 0x5f, 0xe8, 0x30, 0x00,
    0x00, 0x00, 0xff, 0xff, 0xe9, 0x30, 0x00, 0xaf, 0xa6, 0x8d, 0xff, 0x70, 0x1f, 0xc0, 0x00, 0x04,
    0xef, 0x13, 0xfb, 0x00, 0x00, 0x0a, 0xf3, 0x1e, 0xf8, 0x10, 0x00, 0xdf, 0x10, 0x3e, 0xff, 0xbb,
    0xef, 0x80, 0x00, 0x16, 0xae, 0xff, 0xf0, 0x00, 0x00, 0x00, 0x04, 0xcf, 0x70, 0x00, 0x00, 0x00,
    0x03, 0xfb, 0x00, 0x61, 0x00, 0x00, 0x5f, 0xa0, 0x4f, 0xe9, 0x66, 0x9e, 0xf4, 0x01, 0x8d, 0xff,
    0xff, 0xd5, 0x00, 0x00, 0x02, 0x44, 0x30, 0x00, 0x00,

    /* U+00A8 DIAERESIS */
    0x5e, 0x60, 0x4e, 0x77, 0xf9, 0x06, 0xfa, 0x03, 0x00, 0x03, 0x10,

    /* U+00A9 COPYRIGHT SIGN */
    0x00, 0x00, 0x01, 0x56, 0x64, 0x10, 0x00, 0x00, 0x00, 0x03, 0xbe, 0xa9, 0x9b, 0xe8, 0x10, 0x00,
    0x00, 0x5e, 0x60, 0x00, 0x00, 0x19, 0xd3, 0x00, 0x04, 0xd2, 0x00, 0x03, 0x30, 0x00, 0x6d, 0x10,
    0x1d, 0x40, 0x08, 0xef, 0xfe, 0x80, 0x08, 0x90, 0x6a, 0x00, 0xaf, 0xb5, 0x5a, 0xf5, 0x01, 0xe1,
    0xb5, 0x03, 0xfa, 0x00, 0x00, 0x30, 0x00, 0xa6, 0xd2, 0x07, 0xf3, 0x00, 0x00, 0x00, 0x00, 0x88,
    0xe2, 0x08, 0xf2, 0x00, 0x00, 0x00, 0x00, 0x78, 0xc3, 0x06, 0xf5, 0x00, 0x00, 0x00, 0x00, 0x97,
    0x97, 0x01, 0xed, 0x20, 0x02, 0x92, 0x00, 0xc4, 0x4d, 0x00, 0x5f, 0xfb, 0xbe, 0xe3, 0x04, 0xd0,
    0x0b, 0x80, 0x02, 0x9c, 0xc9, 0x20, 0x1d, 0x50, 0x01, 0xd7, 0x00, 0x00, 0x00, 0x01, 0xc9, 0x00,
    0x00, 0x2c, 0xc5, 0x10, 0x02, 0x8e, 0x70, 0x00, 0x00, 0x00, 0x5b, 0xee, 0xfd, 0x92, 0x00, 0x00,

    /* U+00AA FEMININE ORDINAL INDICATOR */
    0x00, 0x26, 0x64, 0x00, 0x0a, 0xfc, 0xcf, 0xb0, 0x03, 0x10, 0x05, 0xf4, 0x00, 0x46, 0x78, 0xf7,
    0x0b, 0xd9, 0x89, 0xf7, 0x2f, 0x50, 0x02, 0xf7, 0x0d, 0xc7, 0x7d, 0xf7, 0x01, 0x79, 0x83, 0x84,

    /* U+00AB LEFT-POINTING DOUBLE ANGLE QUOTATION MARK */
    0x00, 0x01, 0x10, 0x01, 0x10, 0x04, 0xfb, 0x04, 0xfb, 0x01, 0xed, 0x11, 0xed, 0x10, 0xbf, 0x40,
    0xbf, 0x40, 0x7f, 0x80, 0x7f, 0x80, 0x0b, 0xf4, 0x0b, 0xf4, 0x00, 0x1e, 0xe1, 0x1e, 0xe1, 0x00,
    0x4f, 0xb0, 0x4f, 0xb0, 0x00, 0x7f, 0x70, 0x7f, 0x70, 0x00, 0x55, 0x00, 0x55,

    /* U+00AC NOT SIGN */
    0x49, 0x99, 0x99, 0x99, 0x99, 0x38, 0xff, 0xff, 0xff, 0xff, 0xf5, 0x12, 0x22, 0x22, 0x22, 0x9f,
    0x50, 0x00, 0x00, 0x00, 0x08, 0xf5, 0x00, 0x00, 0x00, 0x00, 0x8f, 0x50, 0x00, 0x00, 0x00, 0x08,
    0xf5, 0x00, 0x00, 0x00, 0x00, 0x11, 0x00,

    /* U+00AD SOFT HYPHEN */

    /* U+00AE REGISTERED SIGN */
    0x00, 0x00, 0x01, 0x56, 0x64, 0x10, 0x00, 0x00, 0x00, 0x03, 0xbe, 0xa9, 0x9b, 0xe8, 0x10, 0x00,
    0x00, 0x5e, 0x60, 0x00, 0x00, 0x19, 0xd3, 0x00, 0x04, 0xd2, 0x01, 0x11, 0x10, 0x00, 0x6d, 0x10,
    0x1d, 0x40, 0x5f, 0xff, 0xfe, 0x70, 0x08, 0x90, 0x6a, 0x00, 0x5f, 0x42, 0x38, 0xf6, 0x01, 0xe1,
    0xb5, 0x00, 0x5f, 0x30, 0x00, 0xbb, 0x00, 0xa6, 0xd2, 0x00, 0x5f, 0x30, 0x00, 0xca, 0x00, 0x88,
    0xe2, 0x00, 0x5f, 0x75, 0x6a, 0xf4, 0x00, 0x78, 0xc3, 0x00, 0x5f, 0xed, 0xff, 0x40, 0x00, 0x97,
    0x97, 0x00, 0x5f, 0x30, 0x1e, 0x80, 0x00, 0xc4, 0x4d, 0x00, 0x5f, 0x30, 0x05, 0xf3, 0x04, 0xd0,
    0x0b, 0x80, 0x3a, 0x20, 0x00, 0x87, 0x1d, 0x50, 0x01, 0xd7, 0x00, 0x00, 0x00, 0x01, 0xc9, 0x00,
    0x00, 0x2c, 0xc5, 0x10, 0x02, 0x8e, 0x70, 0x00, 0x00, 0x00, 0x5b, 0xee, 0xfd, 0x92, 0x00, 0x00,

    /* U+00AF MACRON */
    0x77, 0x77, 0x77, 0x71, 0xdd, 0xdd, 0xdd, 0xd2,

    /* U+00B0 DEGREE SIGN */
    0x00, 0x58, 0x61, 0x00, 0x1c, 0xda, 0xde, 0x30, 0xac, 0x10, 0x0a, 0xd0, 0xe5, 0x00, 0x02, 0xf2,
    0xe4, 0x00, 0x01, 0xf2, 0xab, 0x00, 0x09, 0xd0, 0x2d, 0xd9, 0xbe, 0x30, 0x01, 0x69, 0x72, 0x00,

    /* U+00B1 PLUS-MINUS SIGN */
    0x00, 0x00, 0x47, 0x20, 0x00, 0x00, 0x00, 0x08, 0xf5, 0x00, 0x00, 0x00, 0x00, 0x8f, 0x50, 0x00,
    0x00, 0x00, 0x08, 0xf5, 0x00, 0x00, 0x59, 0x99, 0xff, 0xe9, 0x99, 0x38, 0xff, 0xff, 0xff, 0xff,
    0xf5, 0x12, 0x22, 0xaf, 0x72, 0x22, 0x10, 0x00, 0x08, 0xf5, 0x00, 0x00, 0x00, 0x00, 0x8f, 0x50,
    0x00, 0x00, 0x00, 0x07, 0xe5, 0x00, 0x00, 0x00, 0x00, 0x00, 0x00, 0x00, 0x00, 0x00, 0x00, 0x00,
    0x00, 0x00, 0x6b, 0xbb, 0xbb, 0xbb, 0xbb, 0x48, 0xff, 0xff, 0xff, 0xff, 0xf5,

    /* U+00B2 SUPERSCRIPT TWO */
    0x00, 0x03, 0x32, 0x00, 0x00, 0x8e, 0xff, 0xfb, 0x20, 0x2d, 0x83, 0x25, 0xeb, 0x00, 0x00, 0x00,
    0x0a, 0xd0, 0x00, 0x00, 0x02, 0xea, 0x00, 0x00, 0x02, 0xdd, 0x10, 0x00, 0x03, 0xec, 0x10, 0x00,
    0x05, 0xeb, 0x10, 0x00, 0x06, 0xfd, 0x44, 0x44, 0x10, 0xff, 0xff, 0xff, 0xf5,

    /* U+00B3 SUPERSCRIPT THREE */
    0x02, 0x22, 0x22, 0x22, 0x02, 0xff, 0xff, 0xff, 0xe0, 0x02, 0x22, 0x28, 0xf5, 0x00, 0x00, 0x05,
    0xf6, 0x00, 0x00, 0x04, 0xfb, 0x10, 0x00, 0x00, 0x6d, 0xef, 0x70, 0x00, 0x00, 0x00, 0x8f, 0x30,
    0x00, 0x00, 0x03, 0xf5, 0x2e, 0x84, 0x35, 0xce, 0x11, 0x8d, 0xff, 0xfb, 0x30, 0x00, 0x01, 0x20,
    0x00, 0x00,

    /* U+00B4 ACUTE ACCENT */
    0x00, 0x13, 0x32, 0x01, 0xbf, 0xa1, 0x1c, 0xf6, 0x00, 0x7a, 0x30, 0x00,

    /* U+00B5 MICRO SIGN */
    0xaa, 0x10, 0x00, 0x00, 0x1a, 0xaf, 0xf2, 0x00, 0x00, 0x02, 0xff, 0xff, 0x20, 0x00, 0x00, 0x2f,
    0xff, 0xf2, 0x00, 0x00, 0x02, 0xff, 0xff, 0x20, 0x00, 0x00, 0x2f, 0xff, 0xf2, 0x00, 0x00, 0x02,
    0xff, 0xff, 0x20, 0x00, 0x00, 0x2f, 0xff, 0xf3, 0x00, 0x00, 0x04, 0xff, 0xff, 0x70, 0x00, 0x00,
    0xaf, 0xff, 0xff, 0x40, 0x00, 0x7f, 0xff, 0xff, 0xff, 0xdc, 0xef, 0xcf, 0xff, 0xf5, 0xcf, 0xfe,
    0x91, 0xff, 0xff, 0x20, 0x11, 0x00, 0x00, 0x0f, 0xf2, 0x00, 0x00, 0x00, 0x00, 0xff, 0x20, 0x00,
    0x00, 0x00, 0x0f, 0xf2, 0x00, 0x00, 0x00, 0x00, 0x44, 0x00, 0x00, 0x00, 0x00, 0x00,

    /* U+00B6 PILCROW SIGN */
    0x00, 0x01, 0x45, 0x55, 0x55, 0x55, 0x02, 0xbf, 0xff, 0xff, 0xff, 0xfe, 0x1d, 0xff, 0xff, 0xc5,
    0x55, 0xde, 0x6f, 0xff, 0xff, 0xb0, 0x00, 0xce, 0x8f, 0xff, 0xff, 0xb0, 0x00, 0xce, 0x7f, 0xff,
    0xff, 0xb0, 0x00, 0xce, 0x2e, 0xff, 0xff, 0xb0, 0x00, 0xce, 0x04, 0xef, 0xff, 0xb0, 0x00, 0xce,
    0x00, 0x15, 0x8f, 0xb0, 0x00, 0xce, 0x00, 0x00, 0x0f, 0xb0, 0x00, 0xce, 0x00, 0x00, 0x0f, 0xb0,
    0x00, 0xce, 0x00, 0x00, 0x0f, 0xb0, 0x00, 0xce, 0x00, 0x00, 0x0f, 0xb0, 0x00, 0xce, 0x00, 0x00,
    0x0f, 0xb0, 0x00, 0xce, 0x00, 0x00, 0x0f, 0xb0, 0x00, 0xce, 0x00, 0x00, 0x0f, 0xb0, 0x00, 0xce,
    0x00, 0x00, 0x0f, 0xb0, 0x00, 0xce, 0x00, 0x00, 0x0f, 0xb0, 0x00, 0xce, 0x00, 0x00, 0x0f, 0xb0,
    0x00, 0xce, 0x00, 0x00, 0x03, 0x20, 0x00, 0x23,

    /* U+00B7 MIDDLE DOT */
    0x06, 0x60, 0x6f, 0xf4, 0x6f, 0xf4, 0x05, 0x50,

    /* U+00B8 CEDILLA */
    0x00, 0x20, 0x00, 0x3f, 0x10, 0x07, 0xfb, 0x20, 0x01, 0xda, 0x55, 0x5e, 0x98, 0xdd, 0x91,

    /* U+00B9 SUPERSCRIPT ONE */
    0x02, 0x22, 0x20, 0x00, 0x1f, 0xff, 0xe0, 0x00, 0x02, 0x2c, 0xe0, 0x00, 0x00, 0x0a, 0xe0, 0x00,
    0x00, 0x0a, 0xe0, 0x00, 0x00, 0x0a, 0xe0, 0x00, 0x00, 0x0a, 0xe0, 0x00, 0x00, 0x0a, 0xe0, 0x00,
    0x14, 0x4e, 0xf4, 0x41, 0x3f, 0xff, 0xff, 0xf2,

    /* U+00BA MASCULINE ORDINAL INDICATOR */
    0x00, 0x04, 0x65, 0x10, 0x00, 0x3d, 0xfd, 0xee, 0x50, 0x0d, 0xc2, 0x01, 0xaf, 0x23, 0xf4, 0x00,
    0x02, 0xf6, 0x4f, 0x40, 0x00, 0x1f, 0x71, 0xea, 0x00, 0x08, 0xf3, 0x05, 0xfd, 0xac, 0xf8, 0x00,
    0x02, 0x89, 0x83, 0x00,

    /* U+00BB RIGHT-POINTING DOUBLE ANGLE QUOTATION MARK */
    0x01, 0x00, 0x01, 0x00, 0x00, 0x0c, 0xe2, 0x0c, 0xe2, 0x00, 0x02, 0xec, 0x02, 0xec, 0x00, 0x00,
    0x6f, 0x90, 0x6f, 0x90, 0x00, 0x0a, 0xf5, 0x0a, 0xf5, 0x00, 0x06, 0xf9, 0x06, 0xf9, 0x00, 0x3e,
    0xc0, 0x3e, 0xc0, 0x01, 0xce, 0x21, 0xce, 0x20, 0x09, 0xf5, 0x09, 0xf5, 0x00, 0x16, 0x50, 0x16,
    0x50, 0x00,

    /* U+00BC VULGAR FRACTION ONE QUARTER */
    0x02, 0x22, 0x20, 0x00, 0x00, 0x00, 0x00, 0x55, 0x00, 0x00, 0x01, 0xff, 0xfe, 0x00, 0x00, 0x00,
    0x00, 0x4f, 0x60, 0x00, 0x00, 0x02, 0x2c, 0xe0, 0x00, 0x00, 0x00, 0x1e, 0xa0, 0x00, 0x00, 0x00,
    0x00, 0xae, 0x00, 0x00, 0x00, 0x0a, 0xe1, 0x00, 0x00, 0x00, 0x00, 0x0a, 0xe0, 0x00, 0x00, 0x05,
    0xf5, 0x00, 0x00, 0x00, 0x00, 0x00, 0xae, 0x00, 0x00, 0x01, 0xea, 0x00, 0x00, 0x00, 0x00, 0x00,
    0x0a, 0xe0, 0x00, 0x00, 0xbd, 0x10, 0x00, 0x02, 0x10, 0x00, 0x00, 0xae, 0x00, 0x00, 0x6f, 0x40,
    0x00, 0x08, 0xf3, 0x00, 0x14, 0x4e, 0xf4, 0x41, 0x2e, 0x90, 0x00, 0x05, 0xf6, 0x00, 0x03, 0xff,
    0xff, 0xff, 0x2b, 0xd1, 0x00, 0x02, 0xea, 0x00, 0x00, 0x00, 0x00, 0x00, 0x07, 0xf4, 0x00, 0x00,
    0xcd, 0x11, 0x40, 0x00, 0x00, 0x00, 0x02, 0xe8, 0x00, 0x00, 0x8f, 0x30, 0x5f, 0x10, 0x00, 0x00,
    0x00, 0xcd, 0x00, 0x00, 0x4f, 0xc7, 0x7b, 0xf8, 0x60, 0x00, 0x00, 0x7f, 0x30, 0x00, 0x06, 0xcc,
    0xcc, 0xff, 0xeb, 0x00, 0x00, 0x3f, 0x80, 0x00, 0x00, 0x00, 0x00, 0x07, 0xf1, 0x00, 0x00, 0x0c,
    0xc0, 0x00, 0x00, 0x00, 0x00, 0x00, 0x7f, 0x10,

    /* U+00BD VULGAR FRACTION ONE HALF */
    0x02, 0x22, 0x20, 0x00, 0x00, 0x00, 0x00, 0x55, 0x00, 0x00, 0x01, 0xff, 0xfe, 0x00, 0x00, 0x00,
    0x00, 0x4f, 0x60, 0x00, 0x00, 0x02, 0x2c, 0xe0, 0x00, 0x00, 0x00, 0x1e, 0xa0, 0x00, 0x00, 0x00,
    0x00, 0xae, 0x00, 0x00, 0x00, 0x0a, 0xe1, 0x00, 0x00, 0x00, 0x00, 0x0a, 0xe0, 0x00, 0x00, 0x05,
    0xf5, 0x00, 0x00, 0x00, 0x00, 0x00, 0xae, 0x00, 0x00, 0x01, 0xea, 0x00, 0x00, 0x00, 0x00, 0x00,
    0x0a, 0xe0, 0x00, 0x00, 0xbd, 0x10, 0x03, 0x32, 0x00, 0x00, 0x00, 0xae, 0x00, 0x00, 0x6f, 0x40,
    0x8e, 0xff, 0xfb, 0x20, 0x14, 0x4e, 0xf4, 0x41, 0x2e, 0x90, 0x2d, 0x83, 0x25, 0xeb, 0x03, 0xff,
    0xff, 0xff, 0x2b, 0xd1, 0x00, 0x00, 0x00, 0x0a, 0xd0, 0x00, 0x00, 0x00, 0x07, 0xf4, 0x00, 0x00,
    0x00, 0x02, 0xea, 0x00, 0x00, 0x00, 0x02, 0xe8, 0x00, 0x00, 0x00, 0x02, 0xdd, 0x10, 0x00, 0x00,
    0x00, 0xcd, 0x00, 0x00, 0x00, 0x03, 0xec, 0x10, 0x00, 0x00, 0x00, 0x7f, 0x30, 0x00, 0x00, 0x05,
    0xeb, 0x10, 0x00, 0x00, 0x00, 0x3f, 0x80, 0x00, 0x00, 0x06, 0xfd, 0x44, 0x44, 0x10, 0x00, 0x0c,
    0xc0, 0x00, 0x00, 0x00, 0xff, 0xff, 0xff, 0xf5,

    /* U+00BE VULGAR FRACTION THREE QUARTERS */
    0x02, 0x22, 0x22, 0x22, 0x00, 0x00, 0x00, 0x05, 0x50, 0x00, 0x00, 0x2f, 0xff, 0xff, 0xfe, 0x00,
    0x00, 0x00, 0x4f, 0x60, 0x00, 0x00, 0x02, 0x22, 0x28, 0xf5, 0x00, 0x00, 0x01, 0xea, 0x00, 0x00,
    0x00, 0x00, 0x00, 0x5f, 0x60, 0x00, 0x00, 0x0a, 0xe1, 0x00, 0x00, 0x00, 0x00, 0x04, 0xfb, 0x10,
    0x00, 0x00, 0x5f, 0x50, 0x00, 0x00, 0x00, 0x00, 0x06, 0xde, 0xf7, 0x00, 0x01, 0xea, 0x00, 0x00,
    0x00, 0x00, 0x00, 0x00, 0x00, 0x8f, 0x30, 0x0b, 0xd1, 0x00, 0x00, 0x21, 0x00, 0x00, 0x00, 0x00,
    0x3f, 0x50, 0x6f, 0x40, 0x00, 0x08, 0xf3, 0x00, 0x2e, 0x84, 0x35, 0xce, 0x12, 0xe9, 0x00, 0x00,
    0x5f, 0x60, 0x00, 0x18, 0xdf, 0xff, 0xb3, 0x0b, 0xd1, 0x00, 0x02, 0xea, 0x00, 0x00, 0x00, 0x01,
    0x20, 0x00, 0x7f, 0x40, 0x00, 0x0c, 0xd1, 0x14, 0x00, 0x00, 0x00, 0x00, 0x02, 0xe8, 0x00, 0x00,
    0x8f, 0x30, 0x5f, 0x10, 0x00, 0x00, 0x00, 0x0c, 0xd0, 0x00, 0x04, 0xfc, 0x77, 0xbf, 0x86, 0x00,
    0x00, 0x00, 0x7f, 0x30, 0x00, 0x06, 0xcc, 0xcc, 0xff, 0xeb, 0x00, 0x00, 0x03, 0xf8, 0x00, 0x00,
    0x00, 0x00, 0x00, 0x7f, 0x10, 0x00, 0x00, 0x0c, 0xc0, 0x00, 0x00, 0x00, 0x00, 0x00, 0x7f, 0x10,

    /* U+00BF INVERTED QUESTION MARK */
    0x00, 0x00, 0x5b, 0x50, 0x00, 0x00, 0x00, 0x00, 0xdf, 0xd0, 0x00, 0x00, 0x00, 0x00, 0x8f, 0x80,
    0x00, 0x00, 0x00, 0x00, 0x00, 0x00, 0x00, 0x00, 0x00, 0x00, 0x00, 0x00, 0x00, 0x00, 0x00, 0x00,
    0x8c, 0x70, 0x00, 0x00, 0x00, 0x01, 0xef, 0x50, 0x00, 0x00, 0x00, 0x1b, 0xfb, 0x00, 0x00, 0x00,
    0x01, 0xcf, 0xc1, 0x00, 0x00, 0x00, 0x0b, 0xfb, 0x10, 0x00, 0x00, 0x00, 0x4f, 0xe1, 0x00, 0x00,
    0x00, 0x00, 0x7f, 0xb0, 0x00, 0x00, 0x00, 0x00, 0x6f, 0xe2, 0x00, 0x00, 0x1a, 0x80, 0x1e, 0xfe,
    0x85, 0x58, 0xdf, 0xd2, 0x03, 0xcf, 0xff, 0xff, 0xfa, 0x20, 0x00, 0x04, 0x78, 0x76, 0x20, 0x00,

    /* U+00C0 LATIN CAPITAL LETTER A WITH GRAVE */
    0x00, 0x01, 0x33, 0x10, 0x00, 0x00, 0x00, 0x00, 0x00, 0x00, 0x7f, 0xd2, 0x00, 0x00, 0x00, 0x00,
    0x00, 0x00, 0x04, 0xed, 0x20, 0x00, 0x00, 0x00, 0x00, 0x00, 0x00, 0x29, 0x80, 0x00, 0x00, 0x00,
    0x00, 0x00, 0x00, 0x16, 0x61, 0x00, 0x00, 0x00, 0x00, 0x00, 0x00, 0x7f, 0xf8, 0x00, 0x00, 0x00,
    0x00, 0x00, 0x00, 0xdf, 0xfe, 0x10, 0x00, 0x00, 0x00, 0x00, 0x06, 0xfb, 0xaf, 0x70, 0x00, 0x00,
    0x00, 0x00, 0x0c, 0xf5, 0x4f, 0xd0, 0x00, 0x00, 0x00, 0x00, 0x4f, 0xd0, 0x0c, 0xf5, 0x00, 0x00,
    0x00, 0x00, 0xbf, 0x60, 0x05, 0xfc, 0x00, 0x00, 0x00, 0x03, 0xfe, 0x10, 0x00, 0xdf, 0x40, 0x00,
    0x00, 0x0a, 0xf8, 0x00, 0x00, 0x7f, 0xb0, 0x00, 0x00, 0x2f, 0xf2, 0x00, 0x00, 0x1e, 0xf3, 0x00,
    0x00, 0x8f, 0xf9, 0x99, 0x99, 0x9f, 0xf9, 0x00, 0x01, 0xef, 0xff, 0xff, 0xff, 0xff, 0xff, 0x20,
    0x07, 0xfe, 0x22, 0x22, 0x22, 0x22, 0xdf, 0x80, 0x0d, 0xf5, 0x00, 0x00, 0x00, 0x00, 0x4f, 0xe1,
    0x5f, 0xd0, 0x00, 0x00, 0x00, 0x00, 0x0d, 0xf7, 0xcf, 0x70, 0x00, 0x00, 0x00, 0x00, 0x06, 0xfd,

    /* U+00C1 LATIN CAPITAL LETTER A WITH ACUTE */
    0x00, 0x00, 0x00, 0x00, 0x13, 0x32, 0x00, 0x00, 0x00, 0x00, 0x00, 0x01, 0xbf, 0xa1, 0x00, 0x00,
    0x00, 0x00, 0x00, 0x1c, 0xf6, 0x00, 0x00, 0x00, 0x00, 0x00, 0x00, 0x7a, 0x30, 0x00, 0x00, 0x00,
    0x00, 0x00, 0x00, 0x16, 0x61, 0x00, 0x00, 0x00, 0x00, 0x00, 0x00, 0x7f, 0xf8, 0x00, 0x00, 0x00,
    0x00, 0x00, 0x00, 0xdf, 0xfe, 0x10, 0x00, 0x00, 0x00, 0x00, 0x06, 0xfb, 0xaf, 0x70, 0x00, 0x00,
    0x00, 0x00, 0x0c, 0xf5, 0x4f, 0xd0, 0x00, 0x00, 0x00, 0x00, 0x4f, 0xd0, 0x0c, 0xf5, 0x00, 0x00,
    0x00, 0x00, 0xbf, 0x60, 0x05, 0xfc, 0x00, 0x00, 0x00, 0x03, 0xfe, 0x10, 0x00, 0xdf, 0x40, 0x00,
    0x00, 0x0a, 0xf8, 0x00, 0x00, 0x7f, 0xb0, 0x00, 0x00, 0x2f, 0xf2, 0x00, 0x00, 0x1e, 0xf3, 0x00,
    0x00, 0x8f, 0xf9, 0x99, 0x99, 0x9f, 0xf9, 0x00, 0x01, 0xef, 0xff, 0xff, 0xff, 0xff, 0xff, 0x20,
    0x07, 0xfe, 0x22, 0x22, 0x22, 0x22, 0xdf, 0x80, 0x0d, 0xf5, 0x00, 0x00, 0x00, 0x00, 0x4f, 0xe1,
    0x5f, 0xd0, 0x00, 0x00, 0x00, 0x00, 0x0d, 0xf7, 0xcf, 0x70, 0x00, 0x00, 0x00, 0x00, 0x06, 0xfd,

    /* U+00C2 LATIN CAPITAL LETTER A WITH CIRCUMFLEX */
    0x00, 0x00, 0x00, 0x23, 0x20, 0x00, 0x00, 0x00, 0x00, 0x00, 0x03, 0xff, 0xf5, 0x00, 0x00, 0x00,
    0x00, 0x00, 0x3e, 0xc3, 0xaf, 0x60, 0x00, 0x00, 0x00, 0x01, 0x98, 0x10, 0x07, 0xa2, 0x00, 0x00,
    0x00, 0x00, 0x00, 0x16, 0x61, 0x00, 0x00, 0x00, 0x00, 0x00, 0x00, 0x7f, 0xf8, 0x00, 0x00, 0x00,
    0x00, 0x00, 0x00, 0xdf, 0xfe, 0x10, 0x00, 0x00, 0x00, 0x00, 0x06, 0xfb, 0xaf, 0x70, 0x00, 0x00,
    0x00, 0x00, 0x0c, 0xf5, 0x4f, 0xd0, 0x00, 0x00, 0x00, 0x00, 0x4f, 0xd0, 0x0c, 0xf5, 0x00, 0x00,
    0x00, 0x00, 0xbf, 0x60, 0x05, 0xfc, 0x00, 0x00, 0x00, 0x03, 0xfe, 0x10, 0x00, 0xdf, 0x40, 0x00,
    0x00, 0x0a, 0xf8, 0x00, 0x00, 0x7f, 0xb0, 0x00, 0x00, 0x2f, 0xf2, 0x00, 0x00, 0x1e, 0xf3, 0x00,
    0x00, 0x8f, 0xf9, 0x99, 0x99, 0x9f, 0xf9, 0x00, 0x01, 0xef, 0xff, 0xff, 0xff, 0xff, 0xff, 0x20,
    0x07, 0xfe, 0x22, 0x22, 0x22, 0x22, 0xdf, 0x80, 0x0d, 0xf5, 0x00, 0x00, 0x00, 0x00, 0x4f, 0xe1,
    0x5f, 0xd0, 0x00, 0x00, 0x00, 0x00, 0x0d, 0xf7, 0xcf, 0x70, 0x00, 0x00, 0x00, 0x00, 0x06, 0xfd,

    /* U+00C3 LATIN CAPITAL LETTER A WITH TILDE */
    0x00, 0x00, 0x28, 0x71, 0x00, 0x54, 0x00, 0x00, 0x00, 0x00, 0xde, 0xed, 0x42, 0xe6, 0x00, 0x00,
    0x00, 0x04, 0xf2, 0x19, 0xff, 0xd1, 0x00, 0x00, 0x00, 0x02, 0x40, 0x00, 0x35, 0x10, 0x00, 0x00,
    0x00, 0x00, 0x00, 0x16, 0x61, 0x00, 0x00, 0x00, 0x00, 0x00, 0x00, 0x7f, 0xf8, 0x00, 0x00, 0x00,
    0x00, 0x00, 0x00, 0xdf, 0xfe, 0x10, 0x00, 0x00, 0x00, 0x00, 0x06, 0xfb, 0xaf, 0x70, 0x00, 0x00,
    0x00, 0x00, 0x0c, 0xf5, 0x4f, 0xd0, 0x00, 0x00, 0x00, 0x00, 0x4f, 0xd0, 0x0c, 0xf5, 0x00, 0x00,
    0x00, 0x00, 0xbf, 0x60, 0x05, 0xfc, 0x00, 0x00, 0x00, 0x03, 0xfe, 0x10, 0x00, 0xdf, 0x40, 0x00,
    0x00, 0x0a, 0xf8, 0x00, 0x00, 0x7f, 0xb0, 0x00, 0x00, 0x2f, 0xf2, 0x00, 0x00, 0x1e, 0xf3, 0x00,
    0x00, 0x8f, 0xf9, 0x99, 0x99, 0x9f, 0xf9, 0x00, 0x01, 0xef, 0xff, 0xff, 0xff, 0xff, 0xff, 0x20,
    0x07, 0xfe, 0x22, 0x22, 0x22, 0x22, 0xdf, 0x80, 0x0d, 0xf5, 0x00, 0x00, 0x00, 0x00, 0x4f, 0xe1,
    0x5f, 0xd0, 0x00, 0x00, 0x00, 0x00, 0x0d, 0xf7, 0xcf, 0x70, 0x00, 0x00, 0x00, 0x00, 0x06, 0xfd,

    /* U+00C4 LATIN CAPITAL LETTER A WITH DIAERESIS */
    0x00, 0x00, 0x5e, 0x60, 0x4e, 0x70, 0x00, 0x00, 0x00, 0x00, 0x7f, 0x90, 0x6f, 0xa0, 0x00, 0x00,
    0x00, 0x00, 0x03, 0x00, 0x03, 0x10, 0x00, 0x00, 0x00, 0x00, 0x00, 0x16, 0x61, 0x00, 0x00, 0x00,
    0x00, 0x00, 0x00, 0x7f, 0xf8, 0x00, 0x00, 0x00, 0x00, 0x00, 0x00, 0xdf, 0xfe, 0x10, 0x00, 0x00,
    0x00, 0x00, 0x06, 0xfb, 0xaf, 0x70, 0x00, 0x00, 0x00, 0x00, 0x0c, 0xf5, 0x4f, 0xd0, 0x00, 0x00,
    0x00, 0x00, 0x4f, 0xd0, 0x0c, 0xf5, 0x00, 0x00, 0x00, 0x00, 0xbf, 0x60, 0x05, 0xfc, 0x00, 0x00,
    0x00, 0x03, 0xfe, 0x10, 0x00, 0xdf, 0x40, 0x00, 0x00, 0x0a, 0xf8, 0x00, 0x00, 0x7f, 0xb0, 0x00,
    0x00, 0x2f, 0xf2, 0x00, 0x00, 0x1e, 0xf3, 0x00, 0x00, 0x8f, 0xf9, 0x99, 0x99, 0x9f, 0xf9, 0x00,
    0x01, 0xef, 0xff, 0xff, 0xff, 0xff, 0xff, 0x20, 0x07, 0xfe, 0x22, 0x22, 0x22, 0x22, 0xdf, 0x80,
    0x0d, 0xf5, 0x00, 0x00, 0x00, 0x00, 0x4f, 0xe1, 0x5f, 0xd0, 0x00, 0x00, 0x00, 0x00, 0x0d, 0xf7,
    0xcf, 0x70, 0x00, 0x00, 0x00, 0x00, 0x06, 0xfd,

    /* U+00C5 LATIN CAPITAL LETTER A WITH RING ABOVE */
    0x00, 0x00, 0x00, 0x8c, 0xa1, 0x00, 0x00, 0x00, 0x00, 0x00, 0x08, 0x92, 0x7b, 0x00, 0x00, 0x00,
    0x00, 0x00, 0x0c, 0x30, 0x0f, 0x00, 0x00, 0x00, 0x00, 0x00, 0x09, 0x81, 0x6c, 0x00, 0x00, 0x00,
    0x00, 0x00, 0x00, 0x9d, 0xb1, 0x00, 0x00, 0x00, 0x00, 0x00, 0x00, 0x16, 0x61, 0x00, 0x00, 0x00,
    0x00, 0x00, 0x00, 0x7f, 0xf8, 0x00, 0x00, 0x00, 0x00, 0x00, 0x00, 0xdf, 0xfe, 0x10, 0x00, 0x00,
    0x00, 0x00, 0x06, 0xfb, 0xaf, 0x70, 0x00, 0x00, 0x00, 0x00, 0x0c, 0xf5, 0x4f, 0xd0, 0x00, 0x00,
    0x00, 0x00, 0x4f, 0xd0, 0x0c, 0xf5, 0x00, 0x00, 0x00, 0x00, 0xbf, 0x60, 0x05, 0xfc, 0x00, 0x00,
    0x00, 0x03, 0xfe, 0x10, 0x00, 0xdf, 0x40, 0x00, 0x00, 0x0a, 0xf8, 0x00, 0x00, 0x7f, 0xb0, 0x00,
    0x00, 0x2f, 0xf2, 0x00, 0x00, 0x1e, 0xf3, 0x00, 0x00, 0x8f, 0xf9, 0x99, 0x99, 0x9f, 0xf9, 0x00,
    0x01, 0xef, 0xff, 0xff, 0xff, 0xff, 0xff, 0x20, 0x07, 0xfe, 0x22, 0x22, 0x22, 0x22, 0xdf, 0x80,
    0x0d, 0xf5, 0x00, 0x00, 0x00, 0x00, 0x4f, 0xe1, 0x5f, 0xd0, 0x00, 0x00, 0x00, 0x00, 0x0d, 0xf7,
    0xcf, 0x70, 0x00, 0x00, 0x00, 0x00, 0x06, 0xfd,

    /* U+00C6 LATIN CAPITAL LETTER AE */
    0x00, 0x00, 0x00, 0x00, 0x06, 0x88, 0x66, 0x66, 0x66, 0x66, 0x63, 0x00, 0x00, 0x00, 0x00, 0x6f,
    0xff, 0xff, 0xff, 0xff, 0xff, 0xf7, 0x00, 0x00, 0x00, 0x01, 0xef, 0xff, 0xe8, 0x88, 0x88, 0x88,
    0x84, 0x00, 0x00, 0x00, 0x09, 0xf9, 0x6f, 0xc0, 0x00, 0x00, 0x00, 0x00, 0x00, 0x00, 0x00, 0x3f,
    0xe1, 0x6f, 0xc0, 0x00, 0x00, 0x00, 0x00, 0x00, 0x00, 0x00, 0xcf, 0x60, 0x6f, 0xc0, 0x00, 0x00,
    0x00, 0x00, 0x00, 0x00, 0x06, 0xfc, 0x00, 0x6f, 0xc0, 0x00, 0x00, 0x00, 0x00, 0x00, 0x00, 0x1e,
    0xf4, 0x00, 0x6f, 0xfb, 0xbb, 0xbb, 0xbb, 0x60, 0x00, 0x00, 0x8f, 0xa0, 0x00, 0x6f, 0xff, 0xff,
    0xff, 0xff, 0x80, 0x00, 0x03, 0xfe, 0x20, 0x00, 0x6f, 0xd2, 0x22, 0x22, 0x22, 0x10, 0x00, 0x0b,
    0xff, 0x99, 0x99, 0xff, 0xc0, 0x00, 0x00, 0x00, 0x00, 0x00, 0x5f, 0xff, 0xff, 0xff, 0xff, 0xc0,
    0x00, 0x00, 0x00, 0x00, 0x01, 0xdf, 0x72, 0x22, 0x22, 0x8f, 0xc0, 0x00, 0x00, 0x00, 0x00, 0x08,
    0xfb, 0x00, 0x00, 0x00, 0x6f, 0xc0, 0x00, 0x00, 0x00, 0x00, 0x2f, 0xf2, 0x00, 0x00, 0x00, 0x6f,
    0xfe, 0xee, 0xee, 0xee, 0xeb, 0xbf, 0x80, 0x00, 0x00, 0x00, 0x6f, 0xff, 0xff, 0xff, 0xff, 0xfc,

    /* U+00C7 LATIN CAPITAL LETTER C WITH CEDILLA */
    0x00, 0x00, 0x02, 0x68, 0x87, 0x40, 0x00, 0x00, 0x03, 0xbf, 0xff, 0xff, 0xfe, 0x60, 0x00, 0x6f,
    0xfe, 0xa7, 0x68, 0xcf, 0xfa, 0x05, 0xff, 0xa1, 0x00, 0x00, 0x05, 0xe6, 0x1e, 0xf9, 0x00, 0x00,
    0x00, 0x00, 0x10, 0x6f, 0xe1, 0x00, 0x00, 0x00, 0x00, 0x00, 0xbf, 0x80, 0x00, 0x00, 0x00, 0x00,
    0x00, 0xdf, 0x50, 0x00, 0x00, 0x00, 0x00, 0x00, 0xef, 0x40, 0x00, 0x00, 0x00, 0x00, 0x00, 0xcf,
    0x60, 0x00, 0x00, 0x00, 0x00, 0x00, 0x9f, 0xa0, 0x00, 0x00, 0x00, 0x00, 0x00, 0x4f, 0xf3, 0x00,
    0x00, 0x00, 0x00, 0x00, 0x0b, 0xfd, 0x20, 0x00, 0x00, 0x00, 0x61, 0x02, 0xdf, 0xe6, 0x10, 0x00,
    0x3a, 0xfb, 0x00, 0x2c, 0xff, 0xfd, 0xce, 0xff, 0xe4, 0x00, 0x00, 0x5b, 0xff, 0xff, 0xd8, 0x10,
    0x00, 0x00, 0x00, 0x3f, 0x31, 0x00, 0x00, 0x00, 0x00, 0x00, 0x7f, 0xb2, 0x00, 0x00, 0x00, 0x00,
    0x00, 0x01, 0xda, 0x00, 0x00, 0x00, 0x00, 0x05, 0x55, 0xe9, 0x00, 0x00, 0x00, 0x00, 0x08, 0xdd,
    0x91, 0x00, 0x00,

    /* U+00C8 LATIN CAPITAL LETTER E WITH GRAVE */
    0x01, 0x33, 0x10, 0x00, 0x00, 0x00, 0x00, 0x7f, 0xd2, 0x00, 0x00, 0x00, 0x00, 0x04, 0xed, 0x20,
    0x00, 0x00, 0x00, 0x00, 0x29, 0x80, 0x00, 0x00, 0x46, 0x66, 0x66, 0x66, 0x66, 0x61, 0xaf, 0xff,
    0xff, 0xff, 0xff, 0xf3, 0xaf, 0xb8, 0x88, 0x88, 0x88, 0x81, 0xaf, 0x80, 0x00, 0x00, 0x00, 0x00,
    0xaf, 0x80, 0x00, 0x00, 0x00, 0x00, 0xaf, 0x80, 0x00, 0x00, 0x00, 0x00, 0xaf, 0x80, 0x00, 0x00,
    0x00, 0x00, 0xaf, 0xfb, 0xbb, 0xbb, 0xbb, 0x30, 0xaf, 0xff, 0xff, 0xff, 0xff, 0x40, 0xaf, 0x92,
    0x22, 0x22, 0x22, 0x00, 0xaf, 0x80, 0x00, 0x00, 0x00, 0x00, 0xaf, 0x80, 0x00, 0x00, 0x00, 0x00,
    0xaf, 0x80, 0x00, 0x00, 0x00, 0x00, 0xaf, 0x80, 0x00, 0x00, 0x00, 0x00, 0xaf, 0xee, 0xee, 0xee,
    0xee, 0xe7, 0xaf, 0xff, 0xff, 0xff, 0xff, 0xf8,

    /* U+00C9 LATIN CAPITAL LETTER E WITH ACUTE */
    0x00, 0x00, 0x00, 0x13, 0x32, 0x00, 0x00, 0x00, 0x01, 0xbf, 0xa1, 0x00, 0x00, 0x00, 0x1c, 0xf6,
    0x00, 0x00, 0x00, 0x00, 0x7a, 0x30, 0x00, 0x00, 0x46, 0x66, 0x66, 0x66, 0x66, 0x61, 0xaf, 0xff,
    0xff, 0xff, 0xff, 0xf3, 0xaf, 0xb8, 0x88, 0x88, 0x88, 0x81, 0xaf, 0x80, 0x00, 0x00, 0x00, 0x00,
    0xaf, 0x80, 0x00, 0x00, 0x00, 0x00, 0xaf, 0x80, 0x00, 0x00, 0x00, 0x00, 0xaf, 0x80, 0x00, 0x00,
    0x00, 0x00, 0xaf, 0xfb, 0xbb, 0xbb, 0xbb, 0x30, 0xaf, 0xff, 0xff, 0xff, 0xff, 0x40, 0xaf, 0x92,
    0x22, 0x22, 0x22, 0x00, 0xaf, 0x80, 0x00, 0x00, 0x00, 0x00, 0xaf, 0x80, 0x00, 0x00, 0x00, 0x00,
    0xaf, 0x80, 0x00, 0x00, 0x00, 0x00, 0xaf, 0x80, 0x00, 0x00, 0x00, 0x00, 0xaf, 0xee, 0xee, 0xee,
    0xee, 0xe7, 0xaf, 0xff, 0xff, 0xff, 0xff, 0xf8,

    /* U+00CA LATIN CAPITAL LETTER E WITH CIRCUMFLEX */
    0x00, 0x00, 0x23, 0x20, 0x00, 0x00, 0x00, 0x03, 0xff, 0xf5, 0x00, 0x00, 0x00, 0x3e, 0xc3, 0xaf,
    0x60, 0x00, 0x01, 0x98, 0x10, 0x07, 0xa2, 0x00, 0x46, 0x66, 0x66, 0x66, 0x66, 0x61, 0xaf, 0xff,
    0xff, 0xff, 0xff, 0xf3, 0xaf, 0xb8, 0x88, 0x88, 0x88, 0x81, 0xaf, 0x80, 0x00, 0x00, 0x00, 0x00,
    0xaf, 0x80, 0x00, 0x00, 0x00, 0x00, 0xaf, 0x80, 0x00, 0x00, 0x00, 0x00, 0xaf, 0x80, 0x00, 0x00,
    0x00, 0x00, 0xaf, 0xfb, 0xbb, 0xbb, 0xbb, 0x30, 0xaf, 0xff, 0xff, 0xff, 0xff, 0x40, 0xaf, 0x92,
    0x22, 0x22, 0x22, 0x00, 0xaf, 0x80, 0x00, 0x00, 0x00, 0x00, 0xaf, 0x80, 0x00, 0x00, 0x00, 0x00,
    0xaf, 0x80, 0x00, 0x00, 0x00, 0x00, 0xaf, 0x80, 0x00, 0x00, 0x00, 0x00, 0xaf, 0xee, 0xee, 0xee,
    0xee, 0xe7, 0xaf, 0xff, 0xff, 0xff, 0xff, 0xf8,

    /* U+00CB LATIN CAPITAL LETTER E WITH DIAERESIS */
    0x00, 0x5e, 0x60, 0x4e, 0x70, 0x00, 0x00, 0x7f, 0x90, 0x6f, 0xa0, 0x00, 0x00, 0x03, 0x00, 0x03,
    0x10, 0x00, 0x46, 0x66, 0x66, 0x66, 0x66, 0x61, 0xaf, 0xff, 0xff, 0xff, 0xff, 0xf3, 0xaf, 0xb8,
    0x88, 0x88, 0x88, 0x81, 0xaf, 0x80, 0x00, 0x00, 0x00, 0x00, 0xaf, 0x80, 0x00, 0x00, 0x00, 0x00,
    0xaf, 0x80, 0x00, 0x00, 0x00, 0x00, 0xaf, 0x80, 0x00, 0x00, 0x00, 0x00, 0xaf, 0xfb, 0xbb, 0xbb,
    0xbb, 0x30, 0xaf, 0xff, 0xff, 0xff, 0xff, 0x40, 0xaf, 0x92, 0x22, 0x22, 0x22, 0x00, 0xaf, 0x80,
    0x00, 0x00, 0x00, 0x00, 0xaf, 0x80, 0x00, 0x00, 0x00, 0x00, 0xaf, 0x80, 0x00, 0x00, 0x00, 0x00,
    0xaf, 0x80, 0x00, 0x00, 0x00, 0x00, 0xaf, 0xee, 0xee, 0xee, 0xee, 0xe7, 0xaf, 0xff, 0xff, 0xff,
    0xff, 0xf8,

    /* U+00CC LATIN CAPITAL LETTER I WITH GRAVE */
    0x13, 0x31, 0x00, 0x07, 0xfd, 0x20, 0x00, 0x4e, 0xd2, 0x00, 0x02, 0x98, 0x00, 0x04, 0x63, 0x00,
    0x0a, 0xf8, 0x00, 0x0a, 0xf8, 0x00, 0x0a, 0xf8, 0x00, 0x0a, 0xf8, 0x00, 0x0a, 0xf8, 0x00, 0x0a,
    0xf8, 0x00, 0x0a, 0xf8, 0x00, 0x0a, 0xf8, 0x00, 0x0a, 0xf8, 0x00, 0x0a, 0xf8, 0x00, 0x0a, 0xf8,
    0x00, 0x0a, 0xf8, 0x00, 0x0a, 0xf8, 0x00, 0x0a, 0xf8, 0x00, 0x0a, 0xf8,

    /* U+00CD LATIN CAPITAL LETTER I WITH ACUTE */
    0x00, 0x13, 0x32, 0x01, 0xbf, 0xa1, 0x1c, 0xf6, 0x00, 0x7a, 0x30, 0x00, 0x46, 0x30, 0x00, 0xaf,
    0x80, 0x00, 0xaf, 0x80, 0x00, 0xaf, 0x80, 0x00, 0xaf, 0x80, 0x00, 0xaf, 0x80, 0x00, 0xaf, 0x80,
    0x00, 0xaf, 0x80, 0x00, 0xaf, 0x80, 0x00, 0xaf, 0x80, 0x00, 0xaf, 0x80, 0x00, 0xaf, 0x80, 0x00,
    0xaf, 0x80, 0x00, 0xaf, 0x80, 0x00, 0xaf, 0x80, 0x00, 0xaf, 0x80, 0x00,

    /* U+00CE LATIN CAPITAL LETTER I WITH CIRCUMFLEX */
    0x00, 0x02, 0x32, 0x00, 0x00, 0x03, 0xff, 0xf5, 0x00, 0x03, 0xec, 0x3a, 0xf6, 0x01, 0x98, 0x10,
    0x07, 0xa2, 0x00, 0x04, 0x63, 0x00, 0x00, 0x00, 0xaf, 0x80, 0x00, 0x00, 0x0a, 0xf8, 0x00, 0x00,
    0x00, 0xaf, 0x80, 0x00, 0x00, 0x0a, 0xf8, 0x00, 0x00, 0x00, 0xaf, 0x80, 0x00, 0x00, 0x0a, 0xf8,
    0x00, 0x00, 0x00, 0xaf, 0x80, 0x00, 0x00, 0x0a, 0xf8, 0x00, 0x00, 0x00, 0xaf, 0x80, 0x00, 0x00,
    0x0a, 0xf8, 0x00, 0x00, 0x00, 0xaf, 0x80, 0x00, 0x00, 0x0a, 0xf8, 0x00, 0x00, 0x00, 0xaf, 0x80,
    0x00, 0x00, 0x0a, 0xf8, 0x00, 0x00, 0x00, 0xaf, 0x80, 0x00,

    /* U+00CF LATIN CAPITAL LETTER I WITH DIAERESIS */
    0x5e, 0x60, 0x4e, 0x77, 0xf9, 0x06, 0xfa, 0x03, 0x00, 0x03, 0x10, 0x04, 0x63, 0x00, 0x00, 0xaf,
    0x80, 0x00, 0x0a, 0xf8, 0x00, 0x00, 0xaf, 0x80, 0x00, 0x0a, 0xf8, 0x00, 0x00, 0xaf, 0x80, 0x00,
    0x0a, 0xf8, 0x00, 0x00, 0xaf, 0x80, 0x00, 0x0a, 0xf8, 0x00, 0x00, 0xaf, 0x80, 0x00, 0x0a, 0xf8,
    0x00, 0x00, 0xaf, 0x80, 0x00, 0x0a, 0xf8, 0x00, 0x00, 0xaf, 0x80, 0x00, 0x0a, 0xf8, 0x00, 0x00,
    0xaf, 0x80, 0x00,

    /* U+00D0 LATIN CAPITAL LETTER ETH */
    0x00, 0x46, 0x66, 0x66, 0x65, 0x31, 0x00, 0x00, 0x00, 0x00, 0xaf, 0xff, 0xff, 0xff, 0xfe, 0xa3,
    0x00, 0x00, 0x00, 0xaf, 0xb8, 0x88, 0x89, 0xbf, 0xff, 0x70, 0x00, 0x00, 0xaf, 0x80, 0x00, 0x00,
    0x01, 0x9f, 0xf6, 0x00, 0x00, 0xaf, 0x80, 0x00, 0x00, 0x00, 0x07, 0xff, 0x30, 0x00, 0xaf, 0x80,
    0x00, 0x00, 0x00, 0x00, 0xcf, 0x90, 0x00, 0xaf, 0x80, 0x00, 0x00, 0x00, 0x00, 0x6f, 0xe0, 0x9b,
    0xff, 0xfb, 0xbb, 0xb0, 0x00, 0x00, 0x3f, 0xf1, 0xcf, 0xff, 0xff, 0xff, 0xf0, 0x00, 0x00, 0x2f,
    0xf1, 0x00, 0xbf, 0x80, 0x00, 0x00, 0x00, 0x00, 0x4f, 0xf0, 0x00, 0xaf, 0x80, 0x00, 0x00, 0x00,
    0x00, 0x8f, 0xc0, 0x00, 0xaf, 0x80, 0x00, 0x00, 0x00, 0x01, 0xef, 0x70, 0x00, 0xaf, 0x80, 0x00,
    0x00, 0x00, 0x1c, 0xfd, 0x10, 0x00, 0xaf, 0x80, 0x00, 0x00, 0x27, 0xef, 0xe2, 0x00, 0x00, 0xaf,
    0xee, 0xee, 0xef, 0xff, 0xfc, 0x20, 0x00, 0x00, 0xaf, 0xff, 0xff, 0xfe, 0xc9, 0x40, 0x00, 0x00,

    /* U+00D1 LATIN CAPITAL LETTER N WITH TILDE */
    0x00, 0x02, 0x87, 0x10, 0x05, 0x40, 0x00, 0x00, 0x0d, 0xee, 0xd4, 0x2e, 0x60, 0x00, 0x00, 0x4f,
    0x21, 0x9f, 0xfd, 0x10, 0x00, 0x00, 0x24, 0x00, 0x03, 0x51, 0x00, 0x00, 0x46, 0x20, 0x00, 0x00,
    0x00, 0x04, 0x63, 0xaf, 0xc1, 0x00, 0x00, 0x00, 0x0a, 0xf8, 0xaf, 0xfa, 0x00, 0x00, 0x00, 0x0a,
    0xf8, 0xaf, 0xff, 0x70, 0x00, 0x00, 0x0a, 0xf8, 0xaf, 0xff, 0xf4, 0x00, 0x00, 0x0a, 0xf8, 0xaf,
    0x8b, 0xfe, 0x20, 0x00, 0x0a, 0xf8, 0xaf, 0x81, 0xdf, 0xc1, 0x00, 0x0a, 0xf8, 0xaf, 0x80, 0x2e,
    0xfa, 0x00, 0x0a, 0xf8, 0xaf, 0x80, 0x05, 0xff, 0x70, 0x0a, 0xf8, 0xaf, 0x80, 0x00, 0x8f, 0xf4,
    0x0a, 0xf8, 0xaf, 0x80, 0x00, 0x0a, 0xfe, 0x2a, 0xf8, 0xaf, 0x80, 0x00, 0x01, 0xdf, 0xda, 0xf8,
    0xaf, 0x80, 0x00, 0x00, 0x2e, 0xff, 0xf8, 0xaf, 0x80, 0x00, 0x00, 0x04, 0xff, 0xf8, 0xaf, 0x80,
    0x00, 0x00, 0x00, 0x7f, 0xf8, 0xaf, 0x80, 0x00, 0x00, 0x00, 0x0a, 0xf8,

    /* U+00D2 LATIN CAPITAL LETTER O WITH GRAVE */
    0x00, 0x00, 0x13, 0x31, 0x00, 0x00, 0x00, 0x00, 0x00, 0x00, 0x00, 0x7f, 0xd2, 0x00, 0x00, 0x00,
    0x00, 0x00, 0x00, 0x00, 0x4e, 0xd2, 0x00, 0x00, 0x00, 0x00, 0x00, 0x00, 0x00, 0x29, 0x80, 0x00,
    0x00, 0x00, 0x00, 0x00, 0x02, 0x68, 0x87, 0x40, 0x00, 0x00, 0x00, 0x00, 0x3b, 0xff, 0xff, 0xff,
    0xe7, 0x00, 0x00, 0x00, 0x6f, 0xfe, 0xa7, 0x68, 0xcf, 0xfc, 0x10, 0x00, 0x5f, 0xfa, 0x10, 0x00,
    0x00, 0x5e, 0xfc, 0x00, 0x1e, 0xf9, 0x00, 0x00, 0x00, 0x00, 0x3e, 0xf7, 0x06, 0xfe, 0x10, 0x00,
    0x00, 0x00, 0x00, 0x7f, 0xe0, 0xbf, 0x80, 0x00, 0x00, 0x00, 0x00, 0x01, 0xff, 0x3d, 0xf5, 0x00,
    0x00, 0x00, 0x00, 0x00, 0x0d, 0xf5, 0xef, 0x40, 0x00, 0x00, 0x00, 0x00, 0x00, 0xcf, 0x6c, 0xf6,
    0x00, 0x00, 0x00, 0x00, 0x00, 0x0e, 0xf5, 0x9f, 0xa0, 0x00, 0x00, 0x00, 0x00, 0x03, 0xff, 0x24,
    0xff, 0x30, 0x00, 0x00, 0x00, 0x00, 0xaf, 0xb0, 0x0b, 0xfd, 0x20, 0x00, 0x00, 0x00, 0x8f, 0xf3,
    0x00, 0x1d, 0xfe, 0x61, 0x00, 0x03, 0xaf, 0xf7, 0x00, 0x00, 0x2c, 0xff, 0xfd, 0xce, 0xff, 0xf6,
    0x00, 0x00, 0x00, 0x05, 0xbf, 0xff, 0xfd, 0x82, 0x00, 0x00, 0x00, 0x00, 0x00, 0x02, 0x21, 0x00,
    0x00, 0x00, 0x00,

    /* U+00D3 LATIN CAPITAL LETTER O WITH ACUTE */
    0x00, 0x00, 0x00, 0x00, 0x01, 0x33, 0x20, 0x00, 0x00, 0x00, 0x00, 0x00, 0x01, 0xbf, 0xa1, 0x00,
    0x00, 0x00, 0x00, 0x00, 0x01, 0xcf, 0x60, 0x00, 0x00, 0x00, 0x00, 0x00, 0x00, 0x7a, 0x30, 0x00,
    0x00, 0x00, 0x00, 0x00, 0x02, 0x68, 0x87, 0x40, 0x00, 0x00, 0x00, 0x00, 0x3b, 0xff, 0xff, 0xff,
    0xe7, 0x00, 0x00, 0x00, 0x6f, 0xfe, 0xa7, 0x68, 0xcf, 0xfc, 0x10, 0x00, 0x5f, 0xfa, 0x10, 0x00,
    0x00, 0x5e, 0xfc, 0x00, 0x1e, 0xf9, 0x00, 0x00, 0x00, 0x00, 0x3e, 0xf7, 0x06, 0xfe, 0x10, 0x00,
    0x00, 0x00, 0x00, 0x7f, 0xe0, 0xbf, 0x80, 0x00, 0x00, 0x00, 0x00, 0x01, 0xff, 0x3d, 0xf5, 0x00,
    0x00, 0x00, 0x00, 0x00, 0x0d, 0xf5, 0xef, 0x40, 0x00, 0x00, 0x00, 0x00, 0x00, 0xcf, 0x6c, 0xf6,
    0x00, 0x00, 0x00, 0x00, 0x00, 0x0e, 0xf5, 0x9f, 0xa0, 0x00, 0x00, 0x00, 0x00, 0x03, 0xff, 0x24,
    0xff, 0x30, 0x00, 0x00, 0x00, 0x00, 0xaf, 0xb0, 0x0b, 0xfd, 0x20, 0x00, 0x00, 0x00, 0x8f, 0xf3,
    0x00, 0x1d, 0xfe, 0x61, 0x00, 0x03, 0xaf, 0xf7, 0x00, 0x00, 0x2c, 0xff, 0xfd, 0xce, 0xff, 0xf6,
    0x00, 0x00, 0x00, 0x05, 0xbf, 0xff, 0xfd, 0x82, 0x00, 0x00, 0x00, 0x00, 0x00, 0x02, 0x21, 0x00,
    0x00, 0x00, 0x00,

    /* U+00D4 LATIN CAPITAL LETTER O WITH CIRCUMFLEX */
    0x00, 0x00, 0x00, 0x02, 0x32, 0x00, 0x00, 0x00, 0x00, 0x00, 0x00, 0x03, 0xff, 0xf5, 0x00, 0x00,
    0x00, 0x00, 0x00, 0x03, 0xec, 0x3a, 0xf6, 0x00, 0x00, 0x00, 0x00, 0x01, 0x98, 0x10, 0x07, 0xa2,
    0x00, 0x00, 0x00, 0x00, 0x02, 0x68, 0x87, 0x40, 0x00, 0x00, 0x00, 0x00, 0x3b, 0xff, 0xff, 0xff,
    0xe7, 0x00, 0x00, 0x00, 0x6f, 0xfe, 0xa7, 0x68, 0xcf, 0xfc, 0x10, 0x00, 0x5f, 0xfa, 0x10, 0x00,
    0x00, 0x5e, 0xfc, 0x00, 0x1e, 0xf9, 0x00, 0x00, 0x00, 0x00, 0x3e, 0xf7, 0x06, 0xfe, 0x10, 0x00,
    0x00, 0x00, 0x00, 0x7f, 0xe0, 0xbf, 0x80, 0x00, 0x00, 0x00, 0x00, 0x01, 0xff, 0x3d, 0xf5, 0x00,
    0x00, 0x00, 0x00, 0x00, 0x0d, 0xf5, 0xef, 0x40, 0x00, 0x00, 0x00, 0x00, 0x00, 0xcf, 0x6c, 0xf6,
    0x00, 0x00, 0x00, 0x00, 0x00, 0x0e, 0xf5, 0x9f, 0xa0, 0x00, 0x00, 0x00, 0x00, 0x03, 0xff, 0x24,
    0xff, 0x30, 0x00, 0x00, 0x00, 0x00, 0xaf, 0xb0, 0x0b, 0xfd, 0x20, 0x00, 0x00, 0x00, 0x8f, 0xf3,
    0x00, 0x1d, 0xfe, 0x61, 0x00, 0x03, 0xaf, 0xf7, 0x00, 0x00, 0x2c, 0xff, 0xfd, 0xce, 0xff, 0xf6,
    0x00, 0x00, 0x00, 0x05, 0xbf, 0xff, 0xfd, 0x82, 0x00, 0x00, 0x00, 0x00, 0x00, 0x02, 0x21, 0x00,
    0x00, 0x00, 0x00,

    /* U+00D5 LATIN CAPITAL LETTER O WITH TILDE */
    0x00, 0x00, 0x02, 0x87, 0x10, 0x05, 0x40, 0x00, 0x00, 0x00, 0x00, 0xde, 0xed, 0x42, 0xe6, 0x00,
    0x00, 0x00, 0x00, 0x4f, 0x21, 0x9f, 0xfd, 0x10, 0x00, 0x00, 0x00, 0x02, 0x40, 0x00, 0x35, 0x10,
    0x00, 0x00, 0x00, 0x00, 0x02, 0x68, 0x87, 0x40, 0x00, 0x00, 0x00, 0x00, 0x3b, 0xff, 0xff, 0xff,
    0xe7, 0x00, 0x00, 0x00, 0x6f, 0xfe, 0xa7, 0x68, 0xcf, 0xfc, 0x10, 0x00, 0x5f, 0xfa, 0x10, 0x00,
    0x00, 0x5e, 0xfc, 0x00, 0x1e, 0xf9, 0x00, 0x00, 0x00, 0x00, 0x3e, 0xf7, 0x06, 0xfe, 0x10, 0x00,
    0x00, 0x00, 0x00, 0x7f, 0xe0, 0xbf, 0x80, 0x00, 0x00, 0x00, 0x00, 0x01, 0xff, 0x3d, 0xf5, 0x00,
    0x00, 0x00, 0x00, 0x00, 0x0d, 0xf5, 0xef, 0x40, 0x00, 0x00, 0x00, 0x00, 0x00, 0xcf, 0x6c, 0xf6,
    0x00, 0x00, 0x00, 0x00, 0x00, 0x0e, 0xf5, 0x9f, 0xa0, 0x00, 0x00, 0x00, 0x00, 0x03, 0xff, 0x24,
    0xff, 0x30, 0x00, 0x00, 0x00, 0x00, 0xaf, 0xb0, 0x0b, 0xfd, 0x20, 0x00, 0x00, 0x00, 0x8f, 0xf3,
    0x00, 0x1d, 0xfe, 0x61, 0x00, 0x03, 0xaf, 0xf7, 0x00, 0x00, 0x2c, 0xff, 0xfd, 0xce, 0xff, 0xf6,
    0x00, 0x00, 0x00, 0x05, 0xbf, 0xff, 0xfd, 0x82, 0x00, 0x00, 0x00, 0x00, 0x00, 0x02, 0x21, 0x00,
    0x00, 0x00, 0x00,

    /* U+00D6 LATIN CAPITAL LETTER O WITH DIAERESIS */
    0x00, 0x00, 0x05, 0xe6, 0x04, 0xe7, 0x00, 0x00, 0x00, 0x00, 0x00, 0x7f, 0x90, 0x6f, 0xa0, 0x00,
    0x00, 0x00, 0x00, 0x00, 0x30, 0x00, 0x31, 0x00, 0x00, 0x00, 0x00, 0x00, 0x26, 0x88, 0x74, 0x00,
    0x00, 0x00, 0x00, 0x03, 0xbf, 0xff, 0xff, 0xfe, 0x70, 0x00, 0x00, 0x06, 0xff, 0xea, 0x76, 0x8c,
    0xff, 0xc1, 0x00, 0x05, 0xff, 0xa1, 0x00, 0x00, 0x05, 0xef, 0xc0, 0x01, 0xef, 0x90, 0x00, 0x00,
    0x00, 0x03, 0xef, 0x70, 0x6f, 0xe1, 0x00, 0x00, 0x00, 0x00, 0x07, 0xfe, 0x0b, 0xf8, 0x00, 0x00,
    0x00, 0x00, 0x00, 0x1f, 0xf3, 0xdf, 0x50, 0x00, 0x00, 0x00, 0x00, 0x00, 0xdf, 0x5e, 0xf4, 0x00,
    0x00, 0x00, 0x00, 0x00, 0x0c, 0xf6, 0xcf, 0x60, 0x00, 0x00, 0x00, 0x00, 0x00, 0xef, 0x59, 0xfa,
    0x00, 0x00, 0x00, 0x00, 0x00, 0x3f, 0xf2, 0x4f, 0xf3, 0x00, 0x00, 0x00, 0x00, 0x0a, 0xfb, 0x00,
    0xbf, 0xd2, 0x00, 0x00, 0x00, 0x08, 0xff, 0x30, 0x01, 0xdf, 0xe6, 0x10, 0x00, 0x3a, 0xff, 0x70,
    0x00, 0x02, 0xcf, 0xff, 0xdc, 0xef, 0xff, 0x60, 0x00, 0x00, 0x00, 0x5b, 0xff, 0xff, 0xd8, 0x20,
    0x00, 0x00, 0x00, 0x00, 0x00, 0x22, 0x10, 0x00, 0x00, 0x00,

    /* U+00D7 MULTIPLICATION SIGN */
    0x09, 0x10, 0x00, 0x28, 0x06, 0xfc, 0x10, 0x2d, 0xf3, 0x09, 0xfc, 0x3d, 0xf6, 0x00, 0x09, 0xff,
    0xf6, 0x00, 0x00, 0x2f, 0xff, 0x10, 0x00, 0x2d, 0xff, 0xfb, 0x10, 0x2d, 0xf7, 0x09, 0xfb, 0x15,
    0xf7, 0x00, 0x0a, 0xe3, 0x03, 0x00, 0x00, 0x03, 0x00,

    /* U+00D8 LATIN CAPITAL LETTER O WITH STROKE */
    0x00, 0x00, 0x00, 0x00, 0x00, 0x03, 0xea, 0x00, 0x00, 0x00, 0x00, 0x26, 0x88, 0x74, 0xbf, 0x20,
    0x00, 0x00, 0x03, 0xbf, 0xff, 0xff, 0xff, 0xf0, 0x00, 0x00, 0x06, 0xff, 0xea, 0x76, 0x8f, 0xff,
    0xc1, 0x00, 0x05, 0xff, 0xa1, 0x00, 0x06, 0xfc, 0xef, 0xc0, 0x01, 0xef, 0x90, 0x00, 0x01, 0xde,
    0x13, 0xef, 0x70, 0x6f, 0xe1, 0x00, 0x00, 0x7f, 0x60, 0x07, 0xfe, 0x0b, 0xf8, 0x00, 0x00, 0x1e,
    0xc0, 0x00, 0x1f, 0xf3, 0xdf, 0x50, 0x00, 0x09, 0xf4, 0x00, 0x00, 0xdf, 0x5e, 0xf4, 0x00, 0x02,
    0xfb, 0x00, 0x00, 0x0c, 0xf6, 0xcf, 0x60, 0x00, 0xaf, 0x30, 0x00, 0x00, 0xef, 0x59, 0xfa, 0x00,
    0x3f, 0xa0, 0x00, 0x00, 0x3f, 0xf2, 0x4f, 0xf3, 0x0c, 0xf2, 0x00, 0x00, 0x0a, 0xfb, 0x00, 0xbf,
    0xd7, 0xf8, 0x00, 0x00, 0x08, 0xff, 0x30, 0x01, 0xdf, 0xff, 0x20, 0x00, 0x3a, 0xff, 0x70, 0x00,
    0x02, 0xff, 0xff, 0xdc, 0xef, 0xff, 0x60, 0x00, 0x00, 0x1e, 0xfb, 0xff, 0xff, 0xd8, 0x20, 0x00,
    0x00, 0x08, 0xf5, 0x00, 0x22, 0x10, 0x00, 0x00, 0x00, 0x00, 0x87, 0x00, 0x00, 0x00, 0x00, 0x00,
    0x00, 0x00,

    /* U+00D9 LATIN CAPITAL LETTER U WITH GRAVE */
    0x00, 0x13, 0x31, 0x00, 0x00, 0x00, 0x00, 0x00, 0x07, 0xfd, 0x20, 0x00, 0x00, 0x00, 0x00, 0x00,
    0x4e, 0xd2, 0x00, 0x00, 0x00, 0x00, 0x00, 0x02, 0x98, 0x00, 0x00, 0x00, 0x56, 0x20, 0x00, 0x00,
    0x00, 0x06, 0x61, 0xcf, 0x60, 0x00, 0x00, 0x00, 0x0e, 0xf3, 0xcf, 0x60, 0x00, 0x00, 0x00, 0x0e,
    0xf3, 0xcf, 0x60, 0x00, 0x00, 0x00, 0x0e, 0xf3, 0xcf, 0x60, 0x00, 0x00, 0x00, 0x0e, 0xf3, 0xcf,
    0x60, 0x00, 0x00, 0x00, 0x0e, 0xf3, 0xcf, 0x60, 0x00, 0x00, 0x00, 0x0e, 0xf3, 0xcf, 0x60, 0x00,
    0x00, 0x00, 0x0e, 0xf3, 0xcf, 0x60, 0x00, 0x00, 0x00, 0x0e, 0xf3, 0xcf, 0x60, 0x00, 0x00, 0x00,
    0x0e, 0xf3, 0xbf, 0x70, 0x00, 0x00, 0x00, 0x1f, 0xf2, 0x9f, 0xa0, 0x00, 0x00, 0x00, 0x4f, 0xe0,
    0x4f, 0xf2, 0x00, 0x00, 0x00, 0xbf, 0xa0, 0x0c, 0xfd, 0x40, 0x00, 0x19, 0xff, 0x30, 0x02, 0xdf,
    0xfe, 0xcd, 0xff, 0xf6, 0x00, 0x00, 0x18, 0xdf, 0xff, 0xea, 0x30, 0x00, 0x00, 0x00, 0x01, 0x22,
    0x00, 0x00, 0x00,

    /* U+00DA LATIN CAPITAL LETTER U WITH ACUTE */
    0x00, 0x00, 0x00, 0x01, 0x33, 0x20, 0x00, 0x00, 0x00, 0x00, 0x1b, 0xfa, 0x10, 0x00, 0x00, 0x00,
    0x01, 0xcf, 0x60, 0x00, 0x00, 0x00, 0x00, 0x07, 0xa3, 0x00, 0x00, 0x00, 0x56, 0x20, 0x00, 0x00,
    0x00, 0x06, 0x61, 0xcf, 0x60, 0x00, 0x00, 0x00, 0x0e, 0xf3, 0xcf, 0x60, 0x00, 0x00, 0x00, 0x0e,
    0xf3, 0xcf, 0x60, 0x00, 0x00, 0x00, 0x0e, 0xf3, 0xcf, 0x60, 0x00, 0x00, 0x00, 0x0e, 0xf3, 0xcf,
    0x60, 0x00, 0x00, 0x00, 0x0e, 0xf3, 0xcf, 0x60, 0x00, 0x00, 0x00, 0x0e, 0xf3, 0xcf, 0x60, 0x00,
    0x00, 0x00, 0x0e, 0xf3, 0xcf, 0x60, 0x00, 0x00, 0x00, 0x0e, 0xf3, 0xcf, 0x60, 0x00, 0x00, 0x00,
    0x0e, 0xf3, 0xbf, 0x70, 0x00, 0x00, 0x00, 0x1f, 0xf2, 0x9f, 0xa0, 0x00, 0x00, 0x00, 0x4f, 0xe0,
    0x4f, 0xf2, 0x00, 0x00, 0x00, 0xbf, 0xa0, 0x0c, 0xfd, 0x40, 0x00, 0x19, 0xff, 0x30, 0x02, 0xdf,
    0xfe, 0xcd, 0xff, 0xf6, 0x00, 0x00, 0x18, 0xdf, 0xff, 0xea, 0x30, 0x00, 0x00, 0x00, 0x01, 0x22,
    0x00, 0x00, 0x00,

    /* U+00DB LATIN CAPITAL LETTER U WITH CIRCUMFLEX */
    0x00, 0x00, 0x02, 0x32, 0x00, 0x00, 0x00, 0x00, 0x00, 0x3f, 0xff, 0x50, 0x00, 0x00, 0x00, 0x03,
    0xec, 0x3a, 0xf6, 0x00, 0x00, 0x00, 0x19, 0x81, 0x00, 0x7a, 0x20, 0x00, 0x56, 0x20, 0x00, 0x00,
    0x00, 0x06, 0x61, 0xcf, 0x60, 0x00, 0x00, 0x00, 0x0e, 0xf3, 0xcf, 0x60, 0x00, 0x00, 0x00, 0x0e,
    0xf3, 0xcf, 0x60, 0x00, 0x00, 0x00, 0x0e, 0xf3, 0xcf, 0x60, 0x00, 0x00, 0x00, 0x0e, 0xf3, 0xcf,
    0x60, 0x00, 0x00, 0x00, 0x0e, 0xf3, 0xcf, 0x60, 0x00, 0x00, 0x00, 0x0e, 0xf3, 0xcf, 0x60, 0x00,
    0x00, 0x00, 0x0e, 0xf3, 0xcf, 0x60, 0x00, 0x00, 0x00, 0x0e, 0xf3, 0xcf, 0x60, 0x00, 0x00, 0x00,
    0x0e, 0xf3, 0xbf, 0x70, 0x00, 0x00, 0x00, 0x1f, 0xf2, 0x9f, 0xa0, 0x00, 0x00, 0x00, 0x4f, 0xe0,
    0x4f, 0xf2, 0x00, 0x00, 0x00, 0xbf, 0xa0, 0x0c, 0xfd, 0x40, 0x00, 0x19, 0xff, 0x30, 0x02, 0xdf,
    0xfe, 0xcd, 0xff, 0xf6, 0x00, 0x00, 0x18, 0xdf, 0xff, 0xea, 0x30, 0x00, 0x00, 0x00, 0x01, 0x22,
    0x00, 0x00, 0x00,

    /* U+00DC LATIN CAPITAL LETTER U WITH DIAERESIS */
    0x00, 0x05, 0xe6, 0x04, 0xe7, 0x00, 0x00, 0x00, 0x07, 0xf9, 0x06, 0xfa, 0x00, 0x00, 0x00, 0x00,
    0x30, 0x00, 0x31, 0x00, 0x00, 0x56, 0x20, 0x00, 0x00, 0x00, 0x06, 0x61, 0xcf, 0x60, 0x00, 0x00,
    0x00, 0x0e, 0xf3, 0xcf, 0x60, 0x00, 0x00, 0x00, 0x0e, 0xf3, 0xcf, 0x60, 0x00, 0x00, 0x00, 0x0e,
    0xf3, 0xcf, 0x60, 0x00, 0x00, 0x00, 0x0e, 0xf3, 0xcf, 0x60, 0x00, 0x00, 0x00, 0x0e, 0xf3, 0xcf,
    0x60, 0x00, 0x00, 0x00, 0x0e, 0xf3, 0xcf, 0x60, 0x00, 0x00, 0x00, 0x0e, 0xf3, 0xcf, 0x60, 0x00,
    0x00, 0x00, 0x0e, 0xf3, 0xcf, 0x60, 0x00, 0x00, 0x00, 0x0e, 0xf3, 0xbf, 0x70, 0x00, 0x00, 0x00,
    0x1f, 0xf2, 0x9f, 0xa0, 0x00, 0x00, 0x00, 0x4f, 0xe0, 0x4f, 0xf2, 0x00, 0x00, 0x00, 0xbf, 0xa0,
    0x0c, 0xfd, 0x40, 0x00, 0x19, 0xff, 0x30, 0x02, 0xdf, 0xfe, 0xcd, 0xff, 0xf6, 0x00, 0x00, 0x18,
    0xdf, 0xff, 0xea, 0x30, 0x00, 0x00, 0x00, 0x01, 0x22, 0x00, 0x00, 0x00,

    /* U+00DD LATIN CAPITAL LETTER Y WITH ACUTE */
    0x00, 0x00, 0x00, 0x00, 0x13, 0x32, 0x00, 0x00, 0x00, 0x00, 0x00, 0x1b, 0xfa, 0x10, 0x00, 0x00,
    0x00, 0x00, 0x1c, 0xf6, 0x00, 0x00, 0x00, 0x00, 0x00, 0x07, 0xa3, 0x00, 0x00, 0x00, 0x66, 0x20,
    0x00, 0x00, 0x00, 0x00, 0x66, 0x18, 0xfc, 0x00, 0x00, 0x00, 0x00, 0x6f, 0xb0, 0x1d, 0xf6, 0x00,
    0x00, 0x00, 0x1e, 0xf3, 0x00, 0x5f, 0xe1, 0x00, 0x00, 0x0a, 0xf8, 0x00, 0x00, 0xbf, 0xa0, 0x00,
    0x04, 0xfd, 0x10, 0x00, 0x02, 0xef, 0x40, 0x00, 0xcf, 0x50, 0x00, 0x00, 0x07, 0xfd, 0x00, 0x7f,
    0xb0, 0x00, 0x00, 0x00, 0x0d, 0xf7, 0x2e, 0xf2, 0x00, 0x00, 0x00, 0x00, 0x4f, 0xec, 0xf8, 0x00,
    0x00, 0x00, 0x00, 0x00, 0xaf, 0xfd, 0x10, 0x00, 0x00, 0x00, 0x00, 0x02, 0xff, 0x60, 0x00, 0x00,
    0x00, 0x00, 0x00, 0x0f, 0xf3, 0x00, 0x00, 0x00, 0x00, 0x00, 0x00, 0xff, 0x30, 0x00, 0x00, 0x00,
    0x00, 0x00, 0x0f, 0xf3, 0x00, 0x00, 0x00, 0x00, 0x00, 0x00, 0xff, 0x30, 0x00, 0x00, 0x00, 0x00,
    0x00, 0x0f, 0xf3, 0x00, 0x00, 0x00,

    /* U+00DE LATIN CAPITAL LETTER THORN */
    0x46, 0x30, 0x00, 0x00, 0x00, 0x00, 0x0a, 0xf8, 0x00, 0x00, 0x00, 0x00, 0x00, 0xaf, 0xf8, 0x88,
    0x76, 0x30, 0x00, 0x0a, 0xff, 0xff, 0xff, 0xff, 0xe6, 0x00, 0xaf, 0xe6, 0x66, 0x68, 0xcf, 0xf8,
    0x0a, 0xf8, 0x00, 0x00, 0x00, 0x6f, 0xf3, 0xaf, 0x80, 0x00, 0x00, 0x00, 0xbf, 0x8a, 0xf8, 0x00,
    0x00, 0x00, 0x07, 0xfb, 0xaf, 0x80, 0x00, 0x00, 0x00, 0x8f, 0xaa, 0xf8, 0x00, 0x00, 0x00, 0x0c,
    0xf7, 0xaf, 0x80, 0x00, 0x00, 0x19, 0xff, 0x2a, 0xff, 0xaa, 0xaa, 0xbe, 0xff, 0x50, 0xaf, 0xff,
    0xff, 0xff, 0xea, 0x30, 0x0a, 0xfb, 0x44, 0x43, 0x20, 0x00, 0x00, 0xaf, 0x80, 0x00, 0x00, 0x00,
    0x00, 0x0a, 0xf8, 0x00, 0x00, 0x00, 0x00, 0x00,

    /* U+00DF LATIN SMALL LETTER SHARP S */
    0x00, 0x02, 0x56, 0x52, 0x00, 0x00, 0x01, 0xaf, 0xff, 0xff, 0xa1, 0x00, 0x0c, 0xfe, 0x86, 0x8e,
    0xfc, 0x00, 0x7f, 0xd1, 0x00, 0x01, 0xdf, 0x50, 0xcf, 0x60, 0x00, 0x00, 0x8f, 0x90, 0xef, 0x30,
    0x00, 0x00, 0x8f, 0x80, 0xff, 0x20, 0x00, 0x01, 0xdf, 0x40, 0xff, 0x20, 0x02, 0x4c, 0xf9, 0x00,
    0xff, 0x20, 0x0e, 0xff, 0xf4, 0x00, 0xff, 0x20, 0x0b, 0xce, 0xff, 0x90, 0xff, 0x20, 0x00, 0x00,
    0x5e, 0xf6, 0xff, 0x20, 0x00, 0x00, 0x07, 0xfc, 0xff, 0x20, 0x00, 0x00, 0x03, 0xfe, 0xff, 0x20,
    0x00, 0x00, 0x06, 0xfc, 0xff, 0x20, 0x00, 0x00, 0x3e, 0xf7, 0xff, 0x20, 0x9c, 0xbc, 0xff, 0xc1,
    0xff, 0x20, 0xbf, 0xff, 0xd7, 0x00, 0x00, 0x00, 0x01, 0x21, 0x00, 0x00,

    /* U+00E0 LATIN SMALL LETTER A WITH GRAVE */
    0x01, 0x33, 0x10, 0x00, 0x00, 0x00, 0x07, 0xfd, 0x20, 0x00, 0x00, 0x00, 0x04, 0xed, 0x20, 0x00,
    0x00, 0x00, 0x02, 0x98, 0x00, 0x00, 0x00, 0x00, 0x00, 0x00, 0x00, 0x00, 0x05, 0x9b, 0xba, 0x61,
    0x00, 0x4d, 0xff, 0xff, 0xff, 0xd2, 0x02, 0xf9, 0x42, 0x25, 0xdf, 0xb0, 0x01, 0x00, 0x00, 0x03,
    0xff, 0x10, 0x00, 0x00, 0x00, 0x0e, 0xf3, 0x01, 0x69, 0xab, 0xbb, 0xff, 0x42, 0xdf, 0xed, 0xcc,
    0xcf, 0xf4, 0xaf, 0xa1, 0x00, 0x00, 0xdf, 0x4d, 0xf4, 0x00, 0x00, 0x0f, 0xf4, 0xcf, 0x70, 0x00,
    0x09, 0xff, 0x45, 0xff, 0xb8, 0x9d, 0xfe, 0xf4, 0x04, 0xcf, 0xff, 0xb3, 0xcf, 0x40, 0x00, 0x11,
    0x00, 0x00, 0x00,

    /* U+00E1 LATIN SMALL LETTER A WITH ACUTE */
    0x00, 0x00, 0x00, 0x13, 0x32, 0x00, 0x00, 0x00, 0x1b, 0xfa, 0x10, 0x00, 0x00, 0x1c, 0xf6, 0x00,
    0x00, 0x00, 0x07, 0xa3, 0x00, 0x00, 0x00, 0x00, 0x00, 0x00, 0x00, 0x00, 0x05, 0x9b, 0xba, 0x61,
    0x00, 0x4d, 0xff, 0xff, 0xff, 0xd2, 0x02, 0xf9, 0x42, 0x25, 0xdf, 0xb0, 0x01, 0x00, 0x00, 0x03,
    0xff, 0x10, 0x00, 0x00, 0x00, 0x0e, 0xf3, 0x01, 0x69, 0xab, 0xbb, 0xff, 0x42, 0xdf, 0xed, 0xcc,
    0xcf, 0xf4, 0xaf, 0xa1, 0x00, 0x00, 0xdf, 0x4d, 0xf4, 0x00, 0x00, 0x0f, 0xf4, 0xcf, 0x70, 0x00,
    0x09, 0xff, 0x45, 0xff, 0xb8, 0x9d, 0xfe, 0xf4, 0x04, 0xcf, 0xff, 0xb3, 0xcf, 0x40, 0x00, 0x11,
    0x00, 0x00, 0x00,

    /* U+00E2 LATIN SMALL LETTER A WITH CIRCUMFLEX */
    0x00, 0x00, 0x23, 0x20, 0x00, 0x00, 0x00, 0x3f, 0xff, 0x50, 0x00, 0x00, 0x3e, 0xc3, 0xaf, 0x60,
    0x00, 0x19, 0x81, 0x00, 0x7a, 0x20, 0x00, 0x00, 0x00, 0x00, 0x00, 0x00, 0x05, 0x9b, 0xba, 0x61,
    0x00, 0x4d, 0xff, 0xff, 0xff, 0xd2, 0x02, 0xf9, 0x42, 0x25, 0xdf, 0xb0, 0x01, 0x00, 0x00, 0x03,
    0xff, 0x10, 0x00, 0x00, 0x00, 0x0e, 0xf3, 0x01, 0x69, 0xab, 0xbb, 0xff, 0x42, 0xdf, 0xed, 0xcc,
    0xcf, 0xf4, 0xaf, 0xa1, 0x00, 0x00, 0xdf, 0x4d, 0xf4, 0x00, 0x00, 0x0f, 0xf4, 0xcf, 0x70, 0x00,
    0x09, 0xff, 0x45, 0xff, 0xb8, 0x9d, 0xfe, 0xf4, 0x04, 0xcf, 0xff, 0xb3, 0xcf, 0x40, 0x00, 0x11,
    0x00, 0x00, 0x00,

    /* U+00E3 LATIN SMALL LETTER A WITH TILDE */
    0x00, 0x01, 0x10, 0x00, 0x10, 0x00, 0x06, 0xff, 0xa1, 0x1f, 0x30, 0x00, 0xe8, 0x3c, 0xdd, 0xd0,
    0x00, 0x07, 0x10, 0x17, 0x82, 0x00, 0x00, 0x00, 0x00, 0x00, 0x00, 0x00, 0x05, 0x9b, 0xba, 0x61,
    0x00, 0x4d, 0xff, 0xff, 0xff, 0xd2, 0x02, 0xf9, 0x42, 0x25, 0xdf, 0xb0, 0x01, 0x00, 0x00, 0x03,
    0xff, 0x10, 0x00, 0x00, 0x00, 0x0e, 0xf3, 0x01, 0x69, 0xab, 0xbb, 0xff, 0x42, 0xdf, 0xed, 0xcc,
    0xcf, 0xf4, 0xaf, 0xa1, 0x00, 0x00, 0xdf, 0x4d, 0xf4, 0x00, 0x00, 0x0f, 0xf4, 0xcf, 0x70, 0x00,
    0x09, 0xff, 0x45, 0xff, 0xb8, 0x9d, 0xfe, 0xf4, 0x04, 0xcf, 0xff, 0xb3, 0xcf, 0x40, 0x00, 0x11,
    0x00, 0x00, 0x00,

    /* U+00E4 LATIN SMALL LETTER A WITH DIAERESIS */
    0x00, 0x5e, 0x60, 0x4e, 0x70, 0x00, 0x07, 0xf9, 0x06, 0xfa, 0x00, 0x00, 0x03, 0x00, 0x03, 0x10,
    0x00, 0x00, 0x00, 0x00, 0x00, 0x00, 0x00, 0x59, 0xbb, 0xa6, 0x10, 0x04, 0xdf, 0xff, 0xff, 0xfd,
    0x20, 0x2f, 0x94, 0x22, 0x5d, 0xfb, 0x00, 0x10, 0x00, 0x00, 0x3f, 0xf1, 0x00, 0x00, 0x00, 0x00,
    0xef, 0x30, 0x16, 0x9a, 0xbb, 0xbf, 0xf4, 0x2d, 0xfe, 0xdc, 0xcc, 0xff, 0x4a, 0xfa, 0x10, 0x00,
    0x0d, 0xf4, 0xdf, 0x40, 0x00, 0x00, 0xff, 0x4c, 0xf7, 0x00, 0x00, 0x9f, 0xf4, 0x5f, 0xfb, 0x89,
    0xdf, 0xef, 0x40, 0x4c, 0xff, 0xfb, 0x3c, 0xf4, 0x00, 0x01, 0x10, 0x00, 0x00, 0x00,

    /* U+00E5 LATIN SMALL LETTER A WITH RING ABOVE */
    0x00, 0x00, 0x8c, 0xa1, 0x00, 0x00, 0x00, 0x89, 0x27, 0xb0, 0x00, 0x00, 0x0c, 0x30, 0x0f, 0x00,
    0x00, 0x00, 0x98, 0x16, 0xc0, 0x00, 0x00, 0x00, 0x9d, 0xb1, 0x00, 0x00, 0x00, 0x00, 0x00, 0x00,
    0x00, 0x00, 0x59, 0xbb, 0xa6, 0x10, 0x04, 0xdf, 0xff, 0xff, 0xfd, 0x20, 0x2f, 0x94, 0x22, 0x5d,
    0xfb, 0x00, 0x10, 0x00, 0x00, 0x3f, 0xf1, 0x00, 0x00, 0x00, 0x00, 0xef, 0x30, 0x16, 0x9a, 0xbb,
    0xbf, 0xf4, 0x2d, 0xfe, 0xdc, 0xcc, 0xff, 0x4a, 0xfa, 0x10, 0x00, 0x0d, 0xf4, 0xdf, 0x40, 0x00,
    0x00, 0xff, 0x4c, 0xf7, 0x00, 0x00, 0x9f, 0xf4, 0x5f, 0xfb, 0x89, 0xdf, 0xef, 0x40, 0x4c, 0xff,
    0xfb, 0x3c, 0xf4, 0x00, 0x01, 0x10, 0x00, 0x00, 0x00,

    /* U+00E6 LATIN SMALL LETTER AE */
    0x00, 0x59, 0xbb, 0xa6, 0x00, 0x03, 0x8b, 0xb9, 0x40, 0x00, 0x4d, 0xff, 0xff, 0xff, 0xc1, 0x9f,
    0xff, 0xff, 0xfa, 0x10, 0x2f, 0x94, 0x22, 0x5d, 0xff, 0xfd, 0x51, 0x15, 0xdf, 0xa0, 0x01, 0x00,
    0x00, 0x03, 0xff, 0xe2, 0x00, 0x00, 0x1d, 0xf4, 0x00, 0x00, 0x00, 0x00, 0xef, 0x70, 0x00, 0x00,
    0x07, 0xf9, 0x01, 0x69, 0xab, 0xbb, 0xff, 0xfb, 0xbb, 0xbb, 0xbe, 0xfc, 0x2d, 0xff, 0xdc, 0xcc,
    0xff, 0xfc, 0xcc, 0xcc, 0xcc, 0xca, 0xaf, 0xa1, 0x00, 0x00, 0xdf, 0x70, 0x00, 0x00, 0x00, 0x00,
    0xdf, 0x40, 0x00, 0x01, 0xff, 0xd1, 0x00, 0x00, 0x00, 0x00, 0xcf, 0x80, 0x00, 0x09, 0xff, 0xfb,
    0x20, 0x00, 0x3c, 0x60, 0x4f, 0xfb, 0x89, 0xdf, 0xb2, 0xdf, 0xfd, 0xbd, 0xff, 0xa0, 0x04, 0xbf,
    0xff, 0xd7, 0x00, 0x18, 0xdf, 0xff, 0xc6, 0x00, 0x00, 0x00, 0x11, 0x00, 0x00, 0x00, 0x01, 0x20,
    0x00, 0x00,

    /* U+00E7 LATIN SMALL LETTER C WITH CEDILLA */
    0x00, 0x00, 0x49, 0xbb, 0x94, 0x00, 0x00, 0x1b, 0xff, 0xff, 0xff, 0xb1, 0x00, 0xcf, 0xd6, 0x22,
    0x6d, 0xf9, 0x07, 0xfd, 0x10, 0x00, 0x01, 0x81, 0x0d, 0xf6, 0x00, 0x00, 0x00, 0x00, 0x0f, 0xf2,
    0x00, 0x00, 0x00, 0x00, 0x1f, 0xf1, 0x00, 0x00, 0x00, 0x00, 0x0e, 0xf4, 0x00, 0x00, 0x00, 0x00,
    0x09, 0xfb, 0x00, 0x00, 0x00, 0x30, 0x02, 0xef, 0x91, 0x00, 0x19, 0xf7, 0x00, 0x4e, 0xff, 0xcc,
    0xef, 0xe3, 0x00, 0x02, 0x9e, 0xff, 0xe9, 0x20, 0x00, 0x00, 0x03, 0xf2, 0x00, 0x00, 0x00, 0x00,
    0x07, 0xfb, 0x20, 0x00, 0x00, 0x00, 0x00, 0x1d, 0xa0, 0x00, 0x00, 0x00, 0x55, 0x5e, 0x90, 0x00,
    0x00, 0x00, 0x8d, 0xd9, 0x10, 0x00,

    /* U+00E8 LATIN SMALL LETTER E WITH GRAVE */
    0x00, 0x13, 0x31, 0x00, 0x00, 0x00, 0x00, 0x00, 0x7f, 0xd2, 0x00, 0x00, 0x00, 0x00, 0x00, 0x4e,
    0xd2, 0x00, 0x00, 0x00, 0x00, 0x00, 0x29, 0x80, 0x00, 0x00, 0x00, 0x00, 0x00, 0x00, 0x00, 0x00,
    0x00, 0x00, 0x05, 0x9b, 0xa8, 0x20, 0x00, 0x00, 0x2c, 0xff, 0xff, 0xff, 0x70, 0x00, 0x1d, 0xfb,
    0x41, 0x26, 0xef, 0x50, 0x07, 0xfb, 0x00, 0x00, 0x03, 0xfe, 0x00, 0xdf, 0x40, 0x00, 0x00, 0x0a,
    0xf5, 0x0f, 0xfb, 0xaa, 0xaa, 0xaa, 0xff, 0x71, 0xff, 0xed, 0xdd, 0xdd, 0xdd, 0xd7, 0x0e, 0xf3,
    0x00, 0x00, 0x00, 0x00, 0x00, 0x9f, 0xa0, 0x00, 0x00, 0x00, 0x00, 0x02, 0xef, 0x91, 0x00, 0x04,
    0xd3, 0x00, 0x04, 0xef, 0xfc, 0xbd, 0xff, 0x70, 0x00, 0x02, 0x9e, 0xff, 0xfb, 0x40, 0x00, 0x00,
    0x00, 0x01, 0x10, 0x00, 0x00,

    /* U+00E9 LATIN SMALL LETTER E WITH ACUTE */
    0x00, 0x00, 0x00, 0x01, 0x33, 0x20, 0x00, 0x00, 0x00, 0x01, 0xbf, 0xa1, 0x00, 0x00, 0x00, 0x01,
    0xcf, 0x60, 0x00, 0x00, 0x00, 0x00, 0x7a, 0x30, 0x00, 0x00, 0x00, 0x00, 0x00, 0x00, 0x00, 0x00,
    0x00, 0x00, 0x05, 0x9b, 0xa8, 0x20, 0x00, 0x00, 0x2c, 0xff, 0xff, 0xff, 0x70, 0x00, 0x1d, 0xfb,
    0x41, 0x26, 0xef, 0x50, 0x07, 0xfb, 0x00, 0x00, 0x03, 0xfe, 0x00, 0xdf, 0x40, 0x00, 0x00, 0x0a,
    0xf5, 0x0f, 0xfb, 0xaa, 0xaa, 0xaa, 0xff, 0x71, 0xff, 0xed, 0xdd, 0xdd, 0xdd, 0xd7, 0x0e, 0xf3,
    0x00, 0x00, 0x00, 0x00, 0x00, 0x9f, 0xa0, 0x00, 0x00, 0x00, 0x00, 0x02, 0xef, 0x91, 0x00, 0x04,
    0xd3, 0x00, 0x04, 0xef, 0xfc, 0xbd, 0xff, 0x70, 0x00, 0x02, 0x9e, 0xff, 0xfb, 0x40, 0x00, 0x00,
    0x00, 0x01, 0x10, 0x00, 0x00,

    /* U+00EA LATIN SMALL LETTER E WITH CIRCUMFLEX */
    0x00, 0x00, 0x02, 0x32, 0x00, 0x00, 0x00, 0x00, 0x03, 0xff, 0xf5, 0x00, 0x00, 0x00, 0x03, 0xec,
    0x3a, 0xf6, 0x00, 0x00, 0x01, 0x98, 0x10, 0x07, 0xa2, 0x00, 0x00, 0x00, 0x00, 0x00, 0x00, 0x00,
    0x00, 0x00, 0x05, 0x9b, 0xa8, 0x20, 0x00, 0x00, 0x2c, 0xff, 0xff, 0xff, 0x70, 0x00, 0x1d, 0xfb,
    0x41, 0x26, 0xef, 0x50, 0x07, 0xfb, 0x00, 0x00, 0x03, 0xfe, 0x00, 0xdf, 0x40, 0x00, 0x00, 0x0a,
    0xf5, 0x0f, 0xfb, 0xaa, 0xaa, 0xaa, 0xff, 0x71, 0xff, 0xed, 0xdd, 0xdd, 0xdd, 0xd7, 0x0e, 0xf3,
    0x00, 0x00, 0x00, 0x00, 0x00, 0x9f, 0xa0, 0x00, 0x00, 0x00, 0x00, 0x02, 0xef, 0x91, 0x00, 0x04,
    0xd3, 0x00, 0x04, 0xef, 0xfc, 0xbd, 0xff, 0x70, 0x00, 0x02, 0x9e, 0xff, 0xfb, 0x40, 0x00, 0x00,
    0x00, 0x01, 0x10, 0x00, 0x00,

    /* U+00EB LATIN SMALL LETTER E WITH DIAERESIS */
    0x00, 0x05, 0xe6, 0x04, 0xe7, 0x00, 0x00, 0x00, 0x7f, 0x90, 0x6f, 0xa0, 0x00, 0x00, 0x00, 0x30,
    0x00, 0x31, 0x00, 0x00, 0x00, 0x00, 0x00, 0x00, 0x00, 0x00, 0x00, 0x00, 0x59, 0xba, 0x82, 0x00,
    0x00, 0x02, 0xcf, 0xff, 0xff, 0xf7, 0x00, 0x01, 0xdf, 0xb4, 0x12, 0x6e, 0xf5, 0x00, 0x7f, 0xb0,
    0x00, 0x00, 0x3f, 0xe0, 0x0d, 0xf4, 0x00, 0x00, 0x00, 0xaf, 0x50, 0xff, 0xba, 0xaa, 0xaa, 0xaf,
    0xf7, 0x1f, 0xfe, 0xdd, 0xdd, 0xdd, 0xdd, 0x70, 0xef, 0x30, 0x00, 0x00, 0x00, 0x00, 0x09, 0xfa,
    0x00, 0x00, 0x00, 0x00, 0x00, 0x2e, 0xf9, 0x10, 0x00, 0x4d, 0x30, 0x00, 0x4e, 0xff, 0xcb, 0xdf,
    0xf7, 0x00, 0x00, 0x29, 0xef, 0xff, 0xb4, 0x00, 0x00, 0x00, 0x00, 0x11, 0x00, 0x00, 0x00,

    /* U+00EC LATIN SMALL LETTER I WITH GRAVE */
    0x13, 0x31, 0x00, 0x00, 0x7f, 0xd2, 0x00, 0x00, 0x4e, 0xd2, 0x00, 0x00, 0x29, 0x80, 0x00, 0x00,
    0x00, 0x00, 0x00, 0x0a, 0xa1, 0x00, 0x00, 0xff, 0x20, 0x00, 0x0f, 0xf2, 0x00, 0x00, 0xff, 0x20,
    0x00, 0x0f, 0xf2, 0x00, 0x00, 0xff, 0x20, 0x00, 0x0f, 0xf2, 0x00, 0x00, 0xff, 0x20, 0x00, 0x0f,
    0xf2, 0x00, 0x00, 0xff, 0x20, 0x00, 0x0f, 0xf2, 0x00, 0x00, 0xff, 0x20,

    /* U+00ED LATIN SMALL LETTER I WITH ACUTE */
    0x00, 0x13, 0x32, 0x01, 0xbf, 0xa1, 0x1c, 0xf6, 0x00, 0x7a, 0x30, 0x00, 0x00, 0x00, 0x00, 0x0a,
    0xa1, 0x00, 0x0f, 0xf2, 0x00, 0x0f, 0xf2, 0x00, 0x0f, 0xf2, 0x00, 0x0f, 0xf2, 0x00, 0x0f, 0xf2,
    0x00, 0x0f, 0xf2, 0x00, 0x0f, 0xf2, 0x00, 0x0f, 0xf2, 0x00, 0x0f, 0xf2, 0x00, 0x0f, 0xf2, 0x00,
    0x0f, 0xf2, 0x00,

    /* U+00EE LATIN SMALL LETTER I WITH CIRCUMFLEX */
    0x00, 0x23, 0x20, 0x00, 0x1e, 0xff, 0x30, 0x0c, 0xe4, 0xde, 0x25, 0xa3, 0x02, 0x97, 0x00, 0x00,
    0x00, 0x00, 0x00, 0xaa, 0x10, 0x00, 0x0f, 0xf2, 0x00, 0x00, 0xff, 0x20, 0x00, 0x0f, 0xf2, 0x00,
    0x00, 0xff, 0x20, 0x00, 0x0f, 0xf2, 0x00, 0x00, 0xff, 0x20, 0x00, 0x0f, 0xf2, 0x00, 0x00, 0xff,
    0x20, 0x00, 0x0f, 0xf2, 0x00, 0x00, 0xff, 0x20, 0x00, 0x0f, 0xf2, 0x00,

    /* U+00EF LATIN SMALL LETTER I WITH DIAERESIS */
    0xbc, 0x09, 0xd1, 0xee, 0x1c, 0xf2, 0x12, 0x01, 0x20, 0x00, 0x00, 0x00, 0x00, 0xaa, 0x10, 0x00,
    0xff, 0x20, 0x00, 0xff, 0x20, 0x00, 0xff, 0x20, 0x00, 0xff, 0x20, 0x00, 0xff, 0x20, 0x00, 0xff,
    0x20, 0x00, 0xff, 0x20, 0x00, 0xff, 0x20, 0x00, 0xff, 0x20, 0x00, 0xff, 0x20, 0x00, 0xff, 0x20,

    /* U+00F0 LATIN SMALL LETTER ETH */
    0x00, 0x01, 0x40, 0x00, 0x00, 0x00, 0x00, 0x00, 0xbf, 0xb2, 0x00, 0x37, 0x00, 0x00, 0x01, 0x8f,
    0xe9, 0xcf, 0xa0, 0x00, 0x00, 0x00, 0xaf, 0xff, 0x30, 0x00, 0x00, 0x17, 0xee, 0xaf, 0xf5, 0x00,
    0x00, 0x04, 0xe7, 0x10, 0x2e, 0xf2, 0x00, 0x00, 0x00, 0x00, 0x00, 0x5f, 0xb0, 0x00, 0x00, 0x38,
    0xaa, 0x71, 0xbf, 0x30, 0x00, 0x9f, 0xff, 0xef, 0xe9, 0xf9, 0x00, 0x7f, 0xe6, 0x10, 0x29, 0xff,
    0xd0, 0x0d, 0xf6, 0x00, 0x00, 0x0b, 0xff, 0x01, 0xff, 0x10, 0x00, 0x00, 0x5f, 0xf1, 0x1f, 0xf1,
    0x00, 0x00, 0x04, 0xfe, 0x00, 0xef, 0x50, 0x00, 0x00, 0x8f, 0xb0, 0x08, 0xfd, 0x30, 0x00, 0x5f,
    0xf4, 0x00, 0x1c, 0xff, 0xca, 0xdf, 0xf7, 0x00, 0x00, 0x07, 0xdf, 0xfe, 0xa4, 0x00, 0x00, 0x00,
    0x00, 0x01, 0x00, 0x00, 0x00,

    /* U+00F1 LATIN SMALL LETTER N WITH TILDE */
    0x00, 0x01, 0x10, 0x00, 0x10, 0x00, 0x00, 0x6f, 0xfa, 0x11, 0xf3, 0x00, 0x00, 0xe8, 0x3c, 0xdd,
    0xd0, 0x00, 0x00, 0x71, 0x01, 0x78, 0x20, 0x00, 0x00, 0x00, 0x00, 0x00, 0x00, 0x00, 0xaa, 0x02,
    0x8b, 0xb9, 0x40, 0x00, 0xff, 0x6f, 0xff, 0xff, 0xfa, 0x00, 0xff, 0xfc, 0x52, 0x38, 0xff, 0x60,
    0xff, 0xc0, 0x00, 0x00, 0x8f, 0xc0, 0xff, 0x50, 0x00, 0x00, 0x3f, 0xf0, 0xff, 0x30, 0x00, 0x00,
    0x1f, 0xf1, 0xff, 0x20, 0x00, 0x00, 0x0f, 0xf1, 0xff, 0x20, 0x00, 0x00, 0x0f, 0xf1, 0xff, 0x20,
    0x00, 0x00, 0x0f, 0xf1, 0xff, 0x20, 0x00, 0x00, 0x0f, 0xf1, 0xff, 0x20, 0x00, 0x00, 0x0f, 0xf1,
    0xff, 0x20, 0x00, 0x00, 0x0f, 0xf1,

    /* U+00F2 LATIN SMALL LETTER O WITH GRAVE */
    0x00, 0x13, 0x31, 0x00, 0x00, 0x00, 0x00, 0x00, 0x7f, 0xd2, 0x00, 0x00, 0x00, 0x00, 0x00, 0x4e,
    0xd2, 0x00, 0x00, 0x00, 0x00, 0x00, 0x29, 0x80, 0x00, 0x00, 0x00, 0x00, 0x00, 0x00, 0x00, 0x00,
    0x00, 0x00, 0x04, 0x9b, 0xb9, 0x40, 0x00, 0x00, 0x1b, 0xff, 0xff, 0xff, 0xb1, 0x00, 0x0c, 0xfd,
    0x62, 0x26, 0xdf, 0xc0, 0x07, 0xfd, 0x10, 0x00, 0x01, 0xdf, 0x60, 0xdf, 0x60, 0x00, 0x00, 0x06,
    0xfc, 0x0f, 0xf2, 0x00, 0x00, 0x00, 0x2f, 0xe1, 0xff, 0x10, 0x00, 0x00, 0x02, 0xff, 0x0e, 0xf4,
    0x00, 0x00, 0x00, 0x4f, 0xd0, 0x9f, 0xb0, 0x00, 0x00, 0x0b, 0xf9, 0x02, 0xef, 0x91, 0x00, 0x19,
    0xfe, 0x20, 0x04, 0xef, 0xec, 0xcf, 0xfe, 0x40, 0x00, 0x02, 0x9e, 0xff, 0xe9, 0x20, 0x00, 0x00,
    0x00, 0x01, 0x10, 0x00, 0x00,

    /* U+00F3 LATIN SMALL LETTER O WITH ACUTE */
    0x00, 0x00, 0x00, 0x01, 0x33, 0x20, 0x00, 0x00, 0x00, 0x01, 0xbf, 0xa1, 0x00, 0x00, 0x00, 0x01,
    0xcf, 0x60, 0x00, 0x00, 0x00, 0x00, 0x7a, 0x30, 0x00, 0x00, 0x00, 0x00, 0x00, 0x00, 0x00, 0x00,
    0x00, 0x00, 0x04, 0x9b, 0xb9, 0x40, 0x00, 0x00, 0x1b, 0xff, 0xff, 0xff, 0xb1, 0x00, 0x0c, 0xfd,
    0x62, 0x26, 0xdf, 0xc0, 0x07, 0xfd, 0x10, 0x00, 0x01, 0xdf, 0x60, 0xdf, 0x60, 0x00, 0x00, 0x06,
    0xfc, 0x0f, 0xf2, 0x00, 0x00, 0x00, 0x2f, 0xe1, 0xff, 0x10, 0x00, 0x00, 0x02, 0xff, 0x0e, 0xf4,
    0x00, 0x00, 0x00, 0x4f, 0xd0, 0x9f, 0xb0, 0x00, 0x00, 0x0b, 0xf9, 0x02, 0xef, 0x91, 0x00, 0x19,
    0xfe, 0x20, 0x04, 0xef, 0xec, 0xcf, 0xfe, 0x40, 0x00, 0x02, 0x9e, 0xff, 0xe9, 0x20, 0x00, 0x00,
    0x00, 0x01, 0x10, 0x00, 0x00,

    /* U+00F4 LATIN SMALL LETTER O WITH CIRCUMFLEX */
    0x00, 0x00, 0x02, 0x32, 0x00, 0x00, 0x00, 0x00, 0x03, 0xff, 0xf5, 0x00, 0x00, 0x00, 0x03, 0xec,
    0x3a, 0xf6, 0x00, 0x00, 0x01, 0x98, 0x10, 0x07, 0xa2, 0x00, 0x00, 0x00, 0x00, 0x00, 0x00, 0x00,
    0x00, 0x00, 0x04, 0x9b, 0xb9, 0x40, 0x00, 0x00, 0x1b, 0xff, 0xff, 0xff, 0xb1, 0x00, 0x0c, 0xfd,
    0x62, 0x26, 0xdf, 0xc0, 0x07, 0xfd, 0x10, 0x00, 0x01, 0xdf, 0x60, 0xdf, 0x60, 0x00, 0x00, 0x06,
    0xfc, 0x0f, 0xf2, 0x00, 0x00, 0x00, 0x2f, 0xe1, 0xff, 0x10, 0x00, 0x00, 0x02, 0xff, 0x0e, 0xf4,
    0x00, 0x00, 0x00, 0x4f, 0xd0, 0x9f, 0xb0, 0x00, 0x00, 0x0b, 0xf9, 0x02, 0xef, 0x91, 0x00, 0x19,
    0xfe, 0x20, 0x04, 0xef, 0xec, 0xcf, 0xfe, 0x40, 0x00, 0x02, 0x9e, 0xff, 0xe9, 0x20, 0x00, 0x00,
    0x00, 0x01, 0x10, 0x00, 0x00,

    /* U+00F5 LATIN SMALL LETTER O WITH TILDE */
    0x00, 0x00, 0x11, 0x00, 0x01, 0x00, 0x00, 0x00, 0x6f, 0xfa, 0x11, 0xf3, 0x00, 0x00, 0x0e, 0x83,
    0xcd, 0xdd, 0x00, 0x00, 0x00, 0x71, 0x01, 0x78, 0x20, 0x00, 0x00, 0x00, 0x00, 0x00, 0x00, 0x00,
    0x00, 0x00, 0x04, 0x9b, 0xb9, 0x40, 0x00, 0x00, 0x1b, 0xff, 0xff, 0xff, 0xb1, 0x00, 0x0c, 0xfd,
    0x62, 0x26, 0xdf, 0xc0, 0x07, 0xfd, 0x10, 0x00, 0x01, 0xdf, 0x60, 0xdf, 0x60, 0x00, 0x00, 0x06,
    0xfc, 0x0f, 0xf2, 0x00, 0x00, 0x00, 0x2f, 0xe1, 0xff, 0x10, 0x00, 0x00, 0x02, 0xff, 0x0e, 0xf4,
    0x00, 0x00, 0x00, 0x4f, 0xd0, 0x9f, 0xb0, 0x00, 0x00, 0x0b, 0xf9, 0x02, 0xef, 0x91, 0x00, 0x19,
    0xfe, 0x20, 0x04, 0xef, 0xec, 0xcf, 0xfe, 0x40, 0x00, 0x02, 0x9e, 0xff, 0xe9, 0x20, 0x00, 0x00,
    0x00, 0x01, 0x10, 0x00, 0x00,

    /* U+00F6 LATIN SMALL LETTER O WITH DIAERESIS */
    0x00, 0x05, 0xe6, 0x04, 0xe7, 0x00, 0x00, 0x00, 0x7f, 0x90, 0x6f, 0xa0, 0x00, 0x00, 0x00, 0x30,
    0x00, 0x31, 0x00, 0x00, 0x00, 0x00, 0x00, 0x00, 0x00, 0x00, 0x00, 0x00, 0x49, 0xbb, 0x94, 0x00,
    0x00, 0x01, 0xbf, 0xff, 0xff, 0xfb, 0x10, 0x00, 0xcf, 0xd6, 0x22, 0x6d, 0xfc, 0x00, 0x7f, 0xd1,
    0x00, 0x00, 0x1d, 0xf6, 0x0d, 0xf6, 0x00, 0x00, 0x00, 0x6f, 0xc0, 0xff, 0x20, 0x00, 0x00, 0x02,
    0xfe, 0x1f, 0xf1, 0x00, 0x00, 0x00, 0x2f, 0xf0, 0xef, 0x40, 0x00, 0x00, 0x04, 0xfd, 0x09, 0xfb,
    0x00, 0x00, 0x00, 0xbf, 0x90, 0x2e, 0xf9, 0x10, 0x01, 0x9f, 0xe2, 0x00, 0x4e, 0xfe, 0xcc, 0xff,
    0xe4, 0x00, 0x00, 0x29, 0xef, 0xfe, 0x92, 0x00, 0x00, 0x00, 0x00, 0x11, 0x00, 0x00, 0x00,

    /* U+00F7 DIVISION SIGN */
    0x00, 0x00, 0x14, 0x00, 0x00, 0x00, 0x00, 0x0b, 0xf8, 0x00, 0x00, 0x00, 0x00, 0xaf, 0x80, 0x00,
    0x00, 0x00, 0x01, 0x30, 0x00, 0x00, 0x00, 0x00, 0x00, 0x00, 0x00, 0x04, 0x88, 0x88, 0x88, 0x88,
    0x83, 0x8f, 0xff, 0xff, 0xff, 0xff, 0x51, 0x33, 0x33, 0x33, 0x33, 0x31, 0x00, 0x00, 0x00, 0x00,
    0x00, 0x00, 0x00, 0x04, 0xa2, 0x00, 0x00, 0x00, 0x00, 0xcf, 0x90, 0x00, 0x00, 0x00, 0x07, 0xe5,
    0x00, 0x00,

    /* U+00F8 LATIN SMALL LETTER O WITH STROKE */
    0x00, 0x00, 0x00, 0x00, 0x05, 0xf4, 0x00, 0x00, 0x04, 0x9b, 0xb9, 0xfb, 0x00, 0x00, 0x1b, 0xff,
    0xff, 0xff, 0xe1, 0x00, 0x0c, 0xfd, 0x62, 0x2f, 0xff, 0xc0, 0x07, 0xfd, 0x10, 0x06, 0xf4, 0xdf,
    0x60, 0xdf, 0x60, 0x00, 0xda, 0x06, 0xfc, 0x0f, 0xf2, 0x00, 0x6f, 0x20, 0x2f, 0xe1, 0xff, 0x10,
    0x1e, 0x90, 0x02, 0xff, 0x0e, 0xf4, 0x07, 0xf2, 0x00, 0x4f, 0xd0, 0x9f, 0xb1, 0xe9, 0x00, 0x0b,
    0xf9, 0x02, 0xef, 0xff, 0x10, 0x19, 0xfe, 0x20, 0x04, 0xff, 0xfc, 0xcf, 0xfe, 0x40, 0x00, 0x0a,
    0xff, 0xff, 0xe9, 0x20, 0x00, 0x01, 0xe8, 0x01, 0x10, 0x00, 0x00, 0x00, 0x6b, 0x10, 0x00, 0x00,
    0x00, 0x00,

    /* U+00F9 LATIN SMALL LETTER U WITH GRAVE */
    0x00, 0x13, 0x31, 0x00, 0x00, 0x00, 0x00, 0x07, 0xfd, 0x20, 0x00, 0x00, 0x00, 0x00, 0x4e, 0xd2,
    0x00, 0x00, 0x00, 0x00, 0x02, 0x98, 0x00, 0x00, 0x00, 0x00, 0x00, 0x00, 0x00, 0x00, 0x1a, 0xa0,
    0x00, 0x00, 0x02, 0xa9, 0x2f, 0xf0, 0x00, 0x00, 0x04, 0xfd, 0x2f, 0xf0, 0x00, 0x00, 0x04, 0xfd,
    0x2f, 0xf0, 0x00, 0x00, 0x04, 0xfd, 0x2f, 0xf0, 0x00, 0x00, 0x04, 0xfd, 0x2f, 0xf0, 0x00, 0x00,
    0x04, 0xfd, 0x2f, 0xf0, 0x00, 0x00, 0x04, 0xfd, 0x1f, 0xf2, 0x00, 0x00, 0x06, 0xfd, 0x0e, 0xf5,
    0x00, 0x00, 0x0b, 0xfd, 0x09, 0xfd, 0x30, 0x01, 0x8f, 0xfd, 0x02, 0xef, 0xfd, 0xce, 0xfb, 0xfd,
    0x00, 0x2a, 0xef, 0xfd, 0x62, 0xfd, 0x00, 0x00, 0x01, 0x10, 0x00, 0x00,

    /* U+00FA LATIN SMALL LETTER U WITH ACUTE */
    0x00, 0x00, 0x00, 0x01, 0x33, 0x20, 0x00, 0x00, 0x00, 0x1b, 0xfa, 0x10, 0x00, 0x00, 0x01, 0xcf,
    0x60, 0x00, 0x00, 0x00, 0x07, 0xa3, 0x00, 0x00, 0x00, 0x00, 0x00, 0x00, 0x00, 0x00, 0x1a, 0xa0,
    0x00, 0x00, 0x02, 0xa9, 0x2f, 0xf0, 0x00, 0x00, 0x04, 0xfd, 0x2f, 0xf0, 0x00, 0x00, 0x04, 0xfd,
    0x2f, 0xf0, 0x00, 0x00, 0x04, 0xfd, 0x2f, 0xf0, 0x00, 0x00, 0x04, 0xfd, 0x2f, 0xf0, 0x00, 0x00,
    0x04, 0xfd, 0x2f, 0xf0, 0x00, 0x00, 0x04, 0xfd, 0x1f, 0xf2, 0x00, 0x00, 0x06, 0xfd, 0x0e, 0xf5,
    0x00, 0x00, 0x0b, 0xfd, 0x09, 0xfd, 0x30, 0x01, 0x8f, 0xfd, 0x02, 0xef, 0xfd, 0xce, 0xfb, 0xfd,
    0x00, 0x2a, 0xef, 0xfd, 0x62, 0xfd, 0x00, 0x00, 0x01, 0x10, 0x00, 0x00,

    /* U+00FB LATIN SMALL LETTER U WITH CIRCUMFLEX */
    0x00, 0x00, 0x02, 0x32, 0x00, 0x00, 0x00, 0x00, 0x3f, 0xff, 0x50, 0x00, 0x00, 0x03, 0xec, 0x3a,
    0xf6, 0x00, 0x00, 0x19, 0x81, 0x00, 0x7a, 0x20, 0x00, 0x00, 0x00, 0x00, 0x00, 0x00, 0x1a, 0xa0,
    0x00, 0x00, 0x02, 0xa9, 0x2f, 0xf0, 0x00, 0x00, 0x04, 0xfd, 0x2f, 0xf0, 0x00, 0x00, 0x04, 0xfd,
    0x2f, 0xf0, 0x00, 0x00, 0x04, 0xfd, 0x2f, 0xf0, 0x00, 0x00, 0x04, 0xfd, 0x2f, 0xf0, 0x00, 0x00,
    0x04, 0xfd, 0x2f, 0xf0, 0x00, 0x00, 0x04, 0xfd, 0x1f, 0xf2, 0x00, 0x00, 0x06, 0xfd, 0x0e, 0xf5,
    0x00, 0x00, 0x0b, 0xfd, 0x09, 0xfd, 0x30, 0x01, 0x8f, 0xfd, 0x02, 0xef, 0xfd, 0xce, 0xfb, 0xfd,
    0x00, 0x2a, 0xef, 0xfd, 0x62, 0xfd, 0x00, 0x00, 0x01, 0x10, 0x00, 0x00,

    /* U+00FC LATIN SMALL LETTER U WITH DIAERESIS */
    0x00, 0x05, 0xe6, 0x04, 0xe7, 0x00, 0x00, 0x07, 0xf9, 0x06, 0xfa, 0x00, 0x00, 0x00, 0x30, 0x00,
    0x31, 0x00, 0x00, 0x00, 0x00, 0x00, 0x00, 0x00, 0x1a, 0xa0, 0x00, 0x00, 0x02, 0xa9, 0x2f, 0xf0,
    0x00, 0x00, 0x04, 0xfd, 0x2f, 0xf0, 0x00, 0x00, 0x04, 0xfd, 0x2f, 0xf0, 0x00, 0x00, 0x04, 0xfd,
    0x2f, 0xf0, 0x00, 0x00, 0x04, 0xfd, 0x2f, 0xf0, 0x00, 0x00, 0x04, 0xfd, 0x2f, 0xf0, 0x00, 0x00,
    0x04, 0xfd, 0x1f, 0xf2, 0x00, 0x00, 0x06, 0xfd, 0x0e, 0xf5, 0x00, 0x00, 0x0b, 0xfd, 0x09, 0xfd,
    0x30, 0x01, 0x8f, 0xfd, 0x02, 0xef, 0xfd, 0xce, 0xfb, 0xfd, 0x00, 0x2a, 0xef, 0xfd, 0x62, 0xfd,
    0x00, 0x00, 0x01, 0x10, 0x00, 0x00,

    /* U+00FD LATIN SMALL LETTER Y WITH ACUTE */
    0x00, 0x00, 0x00, 0x01, 0x33, 0x20, 0x00, 0x00, 0x00, 0x00, 0x1b, 0xfa, 0x10, 0x00, 0x00, 0x00,
    0x01, 0xcf, 0x60, 0x00, 0x00, 0x00, 0x00, 0x07, 0xa3, 0x00, 0x00, 0x00, 0x00, 0x00, 0x00, 0x00,
    0x00, 0x00, 0x00, 0x09, 0xa3, 0x00, 0x00, 0x00, 0x09, 0xa2, 0x08, 0xfa, 0x00, 0x00, 0x00, 0x4f,
    0xc0, 0x02, 0xff, 0x20, 0x00, 0x00, 0xaf, 0x60, 0x00, 0xaf, 0x80, 0x00, 0x02, 0xfe, 0x00, 0x00,
    0x3f, 0xe1, 0x00, 0x08, 0xf7, 0x00, 0x00, 0x0b, 0xf6, 0x00, 0x1e, 0xf1, 0x00, 0x00, 0x05, 0xfc,
    0x00, 0x6f, 0x90, 0x00, 0x00, 0x00, 0xdf, 0x40, 0xdf, 0x30, 0x00, 0x00, 0x00, 0x6f, 0xb4, 0xfb,
    0x00, 0x00, 0x00, 0x00, 0x1e, 0xfd, 0xf4, 0x00, 0x00, 0x00, 0x00, 0x08, 0xff, 0xd0, 0x00, 0x00,
    0x00, 0x00, 0x02, 0xff, 0x60, 0x00, 0x00, 0x00, 0x00, 0x02, 0xfe, 0x10, 0x00, 0x00, 0x01, 0x00,
    0x0a, 0xf8, 0x00, 0x00, 0x00, 0x1e, 0xa7, 0xaf, 0xd1, 0x00, 0x00, 0x00, 0x3d, 0xff, 0xfd, 0x30,
    0x00, 0x00, 0x00, 0x00, 0x46, 0x40, 0x00, 0x00, 0x00, 0x00,

    /* U+00FE LATIN SMALL LETTER THORN */
    0x55, 0x10, 0x00, 0x00, 0x00, 0x00, 0x0f, 0xf2, 0x00, 0x00, 0x00, 0x00, 0x00, 0xff, 0x20, 0x00,
    0x00, 0x00, 0x00, 0x0f, 0xf2, 0x00, 0x00, 0x00, 0x00, 0x00, 0xff, 0x20, 0x00, 0x00, 0x00, 0x00,
    0x0f, 0xf2, 0x28, 0xbb, 0x95, 0x00, 0x00, 0xff, 0x7e, 0xff, 0xff, 0xfc, 0x20, 0x0f, 0xff, 0xd6,
    0x22, 0x6d, 0xfd, 0x10, 0xff, 0xf1, 0x00, 0x00, 0x1d, 0xf7, 0x0f, 0xf7, 0x00, 0x00, 0x00, 0x6f,
    0xd0, 0xff, 0x20, 0x00, 0x00, 0x02, 0xff, 0x0f, 0xf2, 0x00, 0x00, 0x00, 0x2f, 0xf1, 0xff, 0x50,
    0x00, 0x00, 0x04, 0xfe, 0x0f, 0xfc, 0x00, 0x00, 0x00, 0xbf, 0x90, 0xff, 0xf9, 0x10, 0x01, 0x9f,
    0xf3, 0x0f, 0xfb, 0xff, 0xcc, 0xff, 0xf5, 0x00, 0xff, 0x26, 0xdf, 0xfe, 0xa3, 0x00, 0x0f, 0xf2,
    0x00, 0x11, 0x00, 0x00, 0x00, 0xff, 0x20, 0x00, 0x00, 0x00, 0x00, 0x0f, 0xf2, 0x00, 0x00, 0x00,
    0x00, 0x00, 0xff, 0x20, 0x00, 0x00, 0x00, 0x00, 0x04, 0x40, 0x00, 0x00, 0x00, 0x00, 0x00,

    /* U+00FF LATIN SMALL LETTER Y WITH DIAERESIS */
    0x00, 0x05, 0xe6, 0x04, 0xe7, 0x00, 0x00, 0x00, 0x07, 0xf9, 0x06, 0xfa, 0x00, 0x00, 0x00, 0x00,
    0x30, 0x00, 0x31, 0x00, 0x00, 0x00, 0x00, 0x00, 0x00, 0x00, 0x00, 0x00, 0x09, 0xa3, 0x00, 0x00,
    0x00, 0x09, 0xa2, 0x08, 0xfa, 0x00, 0x00, 0x00, 0x4f, 0xc0, 0x02, 0xff, 0x20, 0x00, 0x00, 0xaf,
    0x60, 0x00, 0xaf, 0x80, 0x00, 0x02, 0xfe, 0x00, 0x00, 0x3f, 0xe1, 0x00, 0x08, 0xf7, 0x00, 0x00,
    0x0b, 0xf6, 0x00, 0x1e, 0xf1, 0x00, 0x00, 0x05, 0xfc, 0x00, 0x6f, 0x90, 0x00, 0x00, 0x00, 0xdf,
    0x40, 0xdf, 0x30, 0x00, 0x00, 0x00, 0x6f, 0xb4, 0xfb, 0x00, 0x00, 0x00, 0x00, 0x1e, 0xfd, 0xf4,
    0x00, 0x00, 0x00, 0x00, 0x08, 0xff, 0xd0, 0x00, 0x00, 0x00, 0x00, 0x02, 0xff, 0x60, 0x00, 0x00,
    0x00, 0x00, 0x02, 0xfe, 0x10, 0x00, 0x00, 0x01, 0x00, 0x0a, 0xf8, 0x00, 0x00, 0x00, 0x1e, 0xa7,
    0xaf, 0xd1, 0x00, 0x00, 0x00, 0x3d, 0xff, 0xfd, 0x30, 0x00, 0x00, 0x00, 0x00, 0x46, 0x40, 0x00,
    0x00, 0x00, 0x00,

    /* U+0100 LATIN CAPITAL LETTER A WITH MACRON */
    0x00, 0x00, 0x77, 0x77, 0x77, 0x71, 0x00, 0x00, 0x00, 0x00, 0xdd, 0xdd, 0xdd, 0xd2, 0x00, 0x00,
    0x00, 0x00, 0x00, 0x00, 0x00, 0x00, 0x00, 0x00, 0x00, 0x00, 0x00, 0x16, 0x61, 0x00, 0x00, 0x00,
    0x00, 0x00, 0x00, 0x7f, 0xf8, 0x00, 0x00, 0x00, 0x00, 0x00, 0x00, 0xdf, 0xfe, 0x10, 0x00, 0x00,
    0x00, 0x00, 0x06, 0xfb, 0xaf, 0x70, 0x00, 0x00, 0x00, 0x00, 0x0c, 0xf5, 0x4f, 0xd0, 0x00, 0x00,
    0x00, 0x00, 0x4f, 0xd0, 0x0c, 0xf5, 0x00, 0x00, 0x00, 0x00, 0xbf, 0x60, 0x05, 0xfc, 0x00, 0x00,
    0x00, 0x03, 0xfe, 0x10, 0x00, 0xdf, 0x40, 0x00, 0x00, 0x0a, 0xf8, 0x00, 0x00, 0x7f, 0xb0, 0x00,
    0x00, 0x2f, 0xf2, 0x00, 0x00, 0x1e, 0xf3, 0x00, 0x00, 0x8f, 0xf9, 0x99, 0x99, 0x9f, 0xf9, 0x00,
    0x01, 0xef, 0xff, 0xff, 0xff, 0xff, 0xff, 0x20, 0x07, 0xfe, 0x22, 0x22, 0x22, 0x22, 0xdf, 0x80,
    0x0d, 0xf5, 0x00, 0x00, 0x00, 0x00, 0x4f, 0xe1, 0x5f, 0xd0, 0x00, 0x00, 0x00, 0x00, 0x0d, 0xf7,
    0xcf, 0x70, 0x00, 0x00, 0x00, 0x00, 0x06, 0xfd,

    /* U+0101 LATIN SMALL LETTER A WITH MACRON */
    0x00, 0x77, 0x77, 0x77, 0x71, 0x00, 0x0d, 0xdd, 0xdd, 0xdd, 0x20, 0x00, 0x00, 0x00, 0x00, 0x00,
    0x00, 0x00, 0x00, 0x00, 0x00, 0x00, 0x00, 0x59, 0xbb, 0xa6, 0x10, 0x04, 0xdf, 0xff, 0xff, 0xfd,
    0x20, 0x2f, 0x94, 0x22, 0x5d, 0xfb, 0x00, 0x10, 0x00, 0x00, 0x3f, 0xf1, 0x00, 0x00, 0x00, 0x00,
    0xef, 0x30, 0x16, 0x9a, 0xbb, 0xbf, 0xf4, 0x2d, 0xfe, 0xdc, 0xcc, 0xff, 0x4a, 0xfa, 0x10, 0x00,
    0x0d, 0xf4, 0xdf, 0x40, 0x00, 0x00, 0xff, 0x4c, 0xf7, 0x00, 0x00, 0x9f, 0xf4, 0x5f, 0xfb, 0x89,
    0xdf, 0xef, 0x40, 0x4c, 0xff, 0xfb, 0x3c, 0xf4, 0x00, 0x01, 0x10, 0x00, 0x00, 0x00,

    /* U+0102 LATIN CAPITAL LETTER A WITH BREVE */
    0x00, 0x00, 0x32, 0x00, 0x01, 0x30, 0x00, 0x00, 0x00, 0x00, 0xcb, 0x00, 0x08, 0xf0, 0x00, 0x00,
    0x00, 0x00, 0x4f, 0xb7, 0xaf, 0x70, 0x00, 0x00, 0x00, 0x00, 0x03, 0x9b, 0xa4, 0x00, 0x00, 0x00,
    0x00, 0x00, 0x00, 0x00, 0x00, 0x00, 0x00, 0x00, 0x00, 0x00, 0x00, 0x16, 0x61, 0x00, 0x00, 0x00,
    0x00, 0x00, 0x00, 0x7f, 0xf8, 0x00, 0x00, 0x00, 0x00, 0x00, 0x00, 0xdf, 0xfe, 0x10, 0x00, 0x00,
    0x00, 0x00, 0x06, 0xfb, 0xaf, 0x70, 0x00, 0x00, 0x00, 0x00, 0x0c, 0xf5, 0x4f, 0xd0, 0x00, 0x00,
    0x00, 0x00, 0x4f, 0xd0, 0x0c, 0xf5, 0x00, 0x00, 0x00, 0x00, 0xbf, 0x60, 0x05, 0xfc, 0x00, 0x00,
    0x00, 0x03, 0xfe, 0x10, 0x00, 0xdf, 0x40, 0x00, 0x00, 0x0a, 0xf8, 0x00, 0x00, 0x7f, 0xb0, 0x00,
    0x00, 0x2f, 0xf2, 0x00, 0x00, 0x1e, 0xf3, 0x00, 0x00, 0x8f, 0xf9, 0x99, 0x99, 0x9f, 0xf9, 0x00,
    0x01, 0xef, 0xff, 0xff, 0xff, 0xff, 0xff, 0x20, 0x07, 0xfe, 0x22, 0x22, 0x22, 0x22, 0xdf, 0x80,
    0x0d, 0xf5, 0x00, 0x00, 0x00, 0x00, 0x4f, 0xe1, 0x5f, 0xd0, 0x00, 0x00, 0x00, 0x00, 0x0d, 0xf7,
    0xcf, 0x70, 0x00, 0x00, 0x00, 0x00, 0x06, 0xfd,

    /* U+0103 LATIN SMALL LETTER A WITH BREVE */
    0x00, 0x32, 0x00, 0x01, 0x30, 0x00, 0x0c, 0xb0, 0x00, 0x8f, 0x00, 0x00, 0x4f, 0xb7, 0xaf, 0x70,
    0x00, 0x00, 0x39, 0xba, 0x40, 0x00, 0x00, 0x00, 0x00, 0x00, 0x00, 0x00, 0x05, 0x9b, 0xba, 0x61,
    0x00, 0x4d, 0xff, 0xff, 0xff, 0xd2, 0x02, 0xf9, 0x42, 0x25, 0xdf, 0xb0, 0x01, 0x00, 0x00, 0x03,
    0xff, 0x10, 0x00, 0x00, 0x00, 0x0e, 0xf3, 0x01, 0x69, 0xab, 0xbb, 0xff, 0x42, 0xdf, 0xed, 0xcc,
    0xcf, 0xf4, 0xaf, 0xa1, 0x00, 0x00, 0xdf, 0x4d, 0xf4, 0x00, 0x00, 0x0f, 0xf4, 0xcf, 0x70, 0x00,
    0x09, 0xff, 0x45, 0xff, 0xb8, 0x9d, 0xfe, 0xf4, 0x04, 0xcf, 0xff, 0xb3, 0xcf, 0x40, 0x00, 0x11,
    0x00, 0x00, 0x00,

    /* U+0104 LATIN CAPITAL LETTER A WITH OGONEK */
    0x00, 0x00, 0x00, 0x16, 0x61, 0x00, 0x00, 0x00, 0x00, 0x00, 0x00, 0x07, 0xff, 0x80, 0x00, 0x00,
    0x00, 0x00, 0x00, 0x00, 0xdf, 0xfe, 0x10, 0x00, 0x00, 0x00, 0x00, 0x00, 0x6f, 0xba, 0xf7, 0x00,
    0x00, 0x00, 0x00, 0x00, 0x0c, 0xf5, 0x4f, 0xd0, 0x00, 0x00, 0x00, 0x00, 0x04, 0xfd, 0x00, 0xcf,
    0x50, 0x00, 0x00, 0x00, 0x00, 0xbf, 0x60, 0x05, 0xfc, 0x00, 0x00, 0x00, 0x00, 0x3f, 0xe1, 0x00,
    0x0d, 0xf4, 0x00, 0x00, 0x00, 0x0a, 0xf8, 0x00, 0x00, 0x7f, 0xb0, 0x00, 0x00, 0x02, 0xff, 0x20,
    0x00, 0x01, 0xef, 0x30, 0x00, 0x00, 0x8f, 0xf9, 0x99, 0x99, 0x9f, 0xf9, 0x00, 0x00, 0x1e, 0xff,
    0xff, 0xff, 0xff, 0xff, 0xf2, 0x00, 0x07, 0xfe, 0x22, 0x22, 0x22, 0x22, 0xdf, 0x80, 0x00, 0xdf,
    0x50, 0x00, 0x00, 0x00, 0x04, 0xfe, 0x10, 0x5f, 0xd0, 0x00, 0x00, 0x00, 0x00, 0x0d, 0xf7, 0x0c,
    0xf7, 0x00, 0x00, 0x00, 0x00, 0x00, 0x6f, 0xf1, 0x00, 0x00, 0x00, 0x00, 0x00, 0x00, 0x08, 0xe7,
    0x10, 0x00, 0x00, 0x00, 0x00, 0x00, 0x06, 0xf4, 0x00, 0x00, 0x00, 0x00, 0x00, 0x00, 0x00, 0xad,
    0x00, 0x00, 0x00, 0x00, 0x00, 0x00, 0x00, 0x08, 0xf7, 0x56, 0x00, 0x00, 0x00, 0x00, 0x00, 0x00,
    0x19, 0xdd, 0x80,

    /* U+0105 LATIN SMALL LETTER A WITH OGONEK */
    0x00, 0x59, 0xbb, 0xa6, 0x10, 0x04, 0xdf, 0xff, 0xff, 0xfd, 0x20, 0x2f, 0x94, 0x22, 0x5d, 0xfb,
    0x00, 0x10, 0x00, 0x00, 0x3f, 0xf1, 0x00, 0x00, 0x00, 0x00, 0xef, 0x30, 0x16, 0x9a, 0xbb, 0xbf,
    0xf4, 0x2d, 0xfe, 0xdc, 0xcc, 0xff, 0x4a, 0xfa, 0x10, 0x00, 0x0d, 0xf4, 0xdf, 0x40, 0x00, 0x00,
    0xff, 0x4c, 0xf7, 0x00, 0x00, 0x9f, 0xf4, 0x5f, 0xfb, 0x89, 0xdf, 0xef, 0x40, 0x4c, 0xff, 0xfb,
    0x3f, 0xf5, 0x00, 0x01, 0x10, 0x08, 0xe7, 0x10, 0x00, 0x00, 0x06, 0xf4, 0x00, 0x00, 0x00, 0x00,
    0xad, 0x00, 0x00, 0x00, 0x00, 0x08, 0xf7, 0x56, 0x00, 0x00, 0x00, 0x19, 0xdd, 0x80,

    /* U+0106 LATIN CAPITAL LETTER C WITH ACUTE */
    0x00, 0x00, 0x00, 0x00, 0x13, 0x32, 0x00, 0x00, 0x00, 0x00, 0x01, 0xbf, 0xa1, 0x00, 0x00, 0x00,
    0x00, 0x1c, 0xf6, 0x00, 0x00, 0x00, 0x00, 0x00, 0x7a, 0x30, 0x00, 0x00, 0x00, 0x00, 0x02, 0x68,
    0x87, 0x40, 0x00, 0x00, 0x03, 0xbf, 0xff, 0xff, 0xfe, 0x60, 0x00, 0x6f, 0xfe, 0xa7, 0x68, 0xcf,
    0xfa, 0x05, 0xff, 0xa1, 0x00, 0x00, 0x05, 0xe6, 0x1e, 0xf9, 0x00, 0x00, 0x00, 0x00, 0x10, 0x6f,
    0xe1, 0x00, 0x00, 0x00, 0x00, 0x00, 0xbf, 0x80, 0x00, 0x00, 0x00, 0x00, 0x00, 0xdf, 0x50, 0x00,
    0x00, 0x00, 0x00, 0x00, 0xef, 0x40, 0x00, 0x00, 0x00, 0x00, 0x00, 0xcf, 0x60, 0x00, 0x00, 0x00,
    0x00, 0x00, 0x9f, 0xa0, 0x00, 0x00, 0x00, 0x00, 0x00, 0x4f, 0xf3, 0x00, 0x00, 0x00, 0x00, 0x00,
    0x0b, 0xfd, 0x20, 0x00, 0x00, 0x00, 0x61, 0x02, 0xdf, 0xe6, 0x10, 0x00, 0x3a, 0xfb, 0x00, 0x2c,
    0xff, 0xfd, 0xce, 0xff, 0xe4, 0x00, 0x00, 0x5b, 0xff, 0xff, 0xd8, 0x10, 0x00, 0x00, 0x00, 0x02,
    0x21, 0x00, 0x00,

    /* U+0107 LATIN SMALL LETTER C WITH ACUTE */
    0x00, 0x00, 0x00, 0x01, 0x33, 0x20, 0x00, 0x00, 0x00, 0x1b, 0xfa, 0x10, 0x00, 0x00, 0x01, 0xcf,
    0x60, 0x00, 0x00, 0x00, 0x07, 0xa3, 0x00, 0x00, 0x00, 0x00, 0x00, 0x00, 0x00, 0x00, 0x00, 0x00,
    0x49, 0xbb, 0x94, 0x00, 0x00, 0x1b, 0xff, 0xff, 0xff, 0xb1, 0x00, 0xcf, 0xd6, 0x22, 0x6d, 0xf9,
    0x07, 0xfd, 0x10, 0x00, 0x01, 0x81, 0x0d, 0xf6, 0x00, 0x00, 0x00, 0x00, 0x0f, 0xf2, 0x00, 0x00,
    0x00, 0x00, 0x1f, 0xf1, 0x00, 0x00, 0x00, 0x00, 0x0e, 0xf4, 0x00, 0x00, 0x00, 0x00, 0x09, 0xfb,
    0x00, 0x00, 0x00, 0x30, 0x02, 0xef, 0x91, 0x00, 0x19, 0xf7, 0x00, 0x4e, 0xff, 0xcc, 0xef, 0xe3,
    0x00, 0x02, 0x9e, 0xff, 0xe9, 0x20, 0x00, 0x00, 0x00, 0x11, 0x00, 0x00,

    /* U+0108 LATIN CAPITAL LETTER C WITH CIRCUMFLEX */
    0x00, 0x00, 0x00, 0x23, 0x20, 0x00, 0x00, 0x00, 0x00, 0x03, 0xff, 0xf5, 0x00, 0x00, 0x00, 0x00,
    0x3e, 0xc3, 0xaf, 0x60, 0x00, 0x00, 0x01, 0x98, 0x10, 0x07, 0xa2, 0x00, 0x00, 0x00, 0x02, 0x68,
    0x87, 0x40, 0x00, 0x00, 0x03, 0xbf, 0xff, 0xff, 0xfe, 0x60, 0x00, 0x6f, 0xfe, 0xa7, 0x68, 0xcf,
    0xfa, 0x05, 0xff, 0xa1, 0x00, 0x00, 0x05, 0xe6, 0x1e, 0xf9, 0x00, 0x00, 0x00, 0x00, 0x10, 0x6f,
    0xe1, 0x00, 0x00, 0x00, 0x00, 0x00, 0xbf, 0x80, 0x00, 0x00, 0x00, 0x00, 0x00, 0xdf, 0x50, 0x00,
    0x00, 0x00, 0x00, 0x00, 0xef, 0x40, 0x00, 0x00, 0x00, 0x00, 0x00, 0xcf, 0x60, 0x00, 0x00, 0x00,
    0x00, 0x00, 0x9f, 0xa0, 0x00, 0x00, 0x00, 0x00, 0x00, 0x4f, 0xf3, 0x00, 0x00, 0x00, 0x00, 0x00,
    0x0b, 0xfd, 0x20, 0x00, 0x00, 0x00, 0x61, 0x02, 0xdf, 0xe6, 0x10, 0x00, 0x3a, 0xfb, 0x00, 0x2c,
    0xff, 0xfd, 0xce, 0xff, 0xe4, 0x00, 0x00, 0x5b, 0xff, 0xff, 0xd8, 0x10, 0x00, 0x00, 0x00, 0x02,
    0x21, 0x00, 0x00,

    /* U+0109 LATIN SMALL LETTER C WITH CIRCUMFLEX */
    0x00, 0x00, 0x02, 0x32, 0x00, 0x00, 0x00, 0x00, 0x3f, 0xff, 0x50, 0x00, 0x00, 0x03, 0xec, 0x3a,
    0xf6, 0x00, 0x00, 0x19, 0x81, 0x00, 0x7a, 0x20, 0x00, 0x00, 0x00, 0x00, 0x00, 0x00, 0x00, 0x00,
    0x49, 0xbb, 0x94, 0x00, 0x00, 0x1b, 0xff, 0xff, 0xff, 0xb1, 0x00, 0xcf, 0xd6, 0x22, 0x6d, 0xf9,
    0x07, 0xfd, 0x10, 0x00, 0x01, 0x81, 0x0d, 0xf6, 0x00, 0x00, 0x00, 0x00, 0x0f, 0xf2, 0x00, 0x00,
    0x00, 0x00, 0x1f, 0xf1, 0x00, 0x00, 0x00, 0x00, 0x0e, 0xf4, 0x00, 0x00, 0x00, 0x00, 0x09, 0xfb,
    0x00, 0x00, 0x00, 0x30, 0x02, 0xef, 0x91, 0x00, 0x19, 0xf7, 0x00, 0x4e, 0xff, 0xcc, 0xef, 0xe3,
    0x00, 0x02, 0x9e, 0xff, 0xe9, 0x20, 0x00, 0x00, 0x00, 0x11, 0x00, 0x00,

    /* U+010A LATIN CAPITAL LETTER C WITH DOT ABOVE */
    0x00, 0x00, 0x00, 0x04, 0x10, 0x00, 0x00, 0x00, 0x00, 0x00, 0x9f, 0xb0, 0x00, 0x00, 0x00, 0x00,
    0x00, 0x8f, 0xb0, 0x00, 0x00, 0x00, 0x00, 0x00, 0x03, 0x10, 0x00, 0x00, 0x00, 0x00, 0x02, 0x68,
    0x87, 0x40, 0x00, 0x00, 0x03, 0xbf, 0xff, 0xff, 0xfe, 0x60, 0x00, 0x6f, 0xfe, 0xa7, 0x68, 0xcf,
    0xfa, 0x05, 0xff, 0xa1, 0x00, 0x00, 0x05, 0xe6, 0x1e, 0xf9, 0x00, 0x00, 0x00, 0x00, 0x10, 0x6f,
    0xe1, 0x00, 0x00, 0x00, 0x00, 0x00, 0xbf, 0x80, 0x00, 0x00, 0x00, 0x00, 0x00, 0xdf, 0x50, 0x00,
    0x00, 0x00, 0x00, 0x00, 0xef, 0x40, 0x00, 0x00, 0x00, 0x00, 0x00, 0xcf, 0x60, 0x00, 0x00, 0x00,
    0x00, 0x00, 0x9f, 0xa0, 0x00, 0x00, 0x00, 0x00, 0x00, 0x4f, 0xf3, 0x00, 0x00, 0x00, 0x00, 0x00,
    0x0b, 0xfd, 0x20, 0x00, 0x00, 0x00, 0x61, 0x02, 0xdf, 0xe6, 0x10, 0x00, 0x3a, 0xfb, 0x00, 0x2c,
    0xff, 0xfd, 0xce, 0xff, 0xe4, 0x00, 0x00, 0x5b, 0xff, 0xff, 0xd8, 0x10, 0x00, 0x00, 0x00, 0x02,
    0x21, 0x00, 0x00,

    /* U+010B LATIN SMALL LETTER C WITH DOT ABOVE */
    0x00, 0x00, 0x00, 0x41, 0x00, 0x00, 0x00, 0x00, 0x09, 0xfb, 0x00, 0x00, 0x00, 0x00, 0x08, 0xfb,
    0x00, 0x00, 0x00, 0x00, 0x00, 0x31, 0x00, 0x00, 0x00, 0x00, 0x00, 0x00, 0x00, 0x00, 0x00, 0x00,
    0x49, 0xbb, 0x94, 0x00, 0x00, 0x1b, 0xff, 0xff, 0xff, 0xb1, 0x00, 0xcf, 0xd6, 0x22, 0x6d, 0xf9,
    0x07, 0xfd, 0x10, 0x00, 0x01, 0x81, 0x0d, 0xf6, 0x00, 0x00, 0x00, 0x00, 0x0f, 0xf2, 0x00, 0x00,
    0x00, 0x00, 0x1f, 0xf1, 0x00, 0x00, 0x00, 0x00, 0x0e, 0xf4, 0x00, 0x00, 0x00, 0x00, 0x09, 0xfb,
    0x00, 0x00, 0x00, 0x30, 0x02, 0xef, 0x91, 0x00, 0x19, 0xf7, 0x00, 0x4e, 0xff, 0xcc, 0xef, 0xe3,
    0x00, 0x02, 0x9e, 0xff, 0xe9, 0x20, 0x00, 0x00, 0x00, 0x11, 0x00, 0x00,

    /* U+010C LATIN CAPITAL LETTER C WITH CARON */
    0x00, 0x01, 0x32, 0x00, 0x02, 0x31, 0x00, 0x00, 0x00, 0x9f, 0x70, 0x4e, 0xb1, 0x00, 0x00, 0x00,
    0x09, 0xff, 0xfb, 0x10, 0x00, 0x00, 0x00, 0x00, 0x8c, 0xa0, 0x00, 0x00, 0x00, 0x00, 0x02, 0x68,
    0x87, 0x40, 0x00, 0x00, 0x03, 0xbf, 0xff, 0xff, 0xfe, 0x60, 0x00, 0x6f, 0xfe, 0xa7, 0x68, 0xcf,
    0xfa, 0x05, 0xff, 0xa1, 0x00, 0x00, 0x05, 0xe6, 0x1e, 0xf9, 0x00, 0x00, 0x00, 0x00, 0x10, 0x6f,
    0xe1, 0x00, 0x00, 0x00, 0x00, 0x00, 0xbf, 0x80, 0x00, 0x00, 0x00, 0x00, 0x00, 0xdf, 0x50, 0x00,
    0x00, 0x00, 0x00, 0x00, 0xef, 0x40, 0x00, 0x00, 0x00, 0x00, 0x00, 0xcf, 0x60, 0x00, 0x00, 0x00,
    0x00, 0x00, 0x9f, 0xa0, 0x00, 0x00, 0x00, 0x00, 0x00, 0x4f, 0xf3, 0x00, 0x00, 0x00, 0x00, 0x00,
    0x0b, 0xfd, 0x20, 0x00, 0x00, 0x00, 0x61, 0x02, 0xdf, 0xe6, 0x10, 0x00, 0x3a, 0xfb, 0x00, 0x2c,
    0xff, 0xfd, 0xce, 0xff, 0xe4, 0x00, 0x00, 0x5b, 0xff, 0xff, 0xd8, 0x10, 0x00, 0x00, 0x00, 0x02,
    0x21, 0x00, 0x00,

    /* U+010D LATIN SMALL LETTER C WITH CARON */
    0x00, 0x13, 0x20, 0x00, 0x23, 0x10, 0x00, 0x09, 0xf7, 0x04, 0xeb, 0x10, 0x00, 0x00, 0x9f, 0xff,
    0xb1, 0x00, 0x00, 0x00, 0x08, 0xca, 0x00, 0x00, 0x00, 0x00, 0x00, 0x00, 0x00, 0x00, 0x00, 0x00,
    0x49, 0xbb, 0x94, 0x00, 0x00, 0x1b, 0xff, 0xff, 0xff, 0xb1, 0x00, 0xcf, 0xd6, 0x22, 0x6d, 0xf9,
    0x07, 0xfd, 0x10, 0x00, 0x01, 0x81, 0x0d, 0xf6, 0x00, 0x00, 0x00, 0x00, 0x0f, 0xf2, 0x00, 0x00,
    0x00, 0x00, 0x1f, 0xf1, 0x00, 0x00, 0x00, 0x00, 0x0e, 0xf4, 0x00, 0x00, 0x00, 0x00, 0x09, 0xfb,
    0x00, 0x00, 0x00, 0x30, 0x02, 0xef, 0x91, 0x00, 0x19, 0xf7, 0x00, 0x4e, 0xff, 0xcc, 0xef, 0xe3,
    0x00, 0x02, 0x9e, 0xff, 0xe9, 0x20, 0x00, 0x00, 0x00, 0x11, 0x00, 0x00,

    /* U+010E LATIN CAPITAL LETTER D WITH CARON */
    0x00, 0x13, 0x20, 0x00, 0x23, 0x10, 0x00, 0x00, 0x00, 0x09, 0xf7, 0x04, 0xeb, 0x10, 0x00, 0x00,
    0x00, 0x00, 0x9f, 0xff, 0xb1, 0x00, 0x00, 0x00, 0x00, 0x00, 0x08, 0xca, 0x00, 0x00, 0x00, 0x00,
    0x46, 0x66, 0x66, 0x65, 0x31, 0x00, 0x00, 0x00, 0xaf, 0xff, 0xff, 0xff, 0xfe, 0xa3, 0x00, 0x00,
    0xaf, 0xb8, 0x88, 0x89, 0xbf, 0xff, 0x70, 0x00, 0xaf, 0x80, 0x00, 0x00, 0x01, 0x9f, 0xf6, 0x00,
    0xaf, 0x80, 0x00, 0x00, 0x00, 0x07, 0xff, 0x30, 0xaf, 0x80, 0x00, 0x00, 0x00, 0x00, 0xcf, 0x90,
    0xaf, 0x80, 0x00, 0x00, 0x00, 0x00, 0x6f, 0xe0, 0xaf, 0x80, 0x00, 0x00, 0x00, 0x00, 0x3f, 0xf1,
    0xaf, 0x80, 0x00, 0x00, 0x00, 0x00, 0x2f, 0xf1, 0xaf, 0x80, 0x00, 0x00, 0x00, 0x00, 0x4f, 0xf0,
    0xaf, 0x80, 0x00, 0x00, 0x00, 0x00, 0x8f, 0xc0, 0xaf, 0x80, 0x00, 0x00, 0x00, 0x01, 0xef, 0x70,
    0xaf, 0x80, 0x00, 0x00, 0x00, 0x1c, 0xfd, 0x10, 0xaf, 0x80, 0x00, 0x00, 0x27, 0xef, 0xe2, 0x00,
    0xaf, 0xee, 0xee, 0xef, 0xff, 0xfc, 0x20, 0x00, 0xaf, 0xff, 0xff, 0xfe, 0xc9, 0x40, 0x00, 0x00,

    /* U+010F LATIN SMALL LETTER D WITH CARON */
    0x00, 0x00, 0x00, 0x00, 0x00, 0x00, 0x00, 0x12, 0x10, 0x00, 0x00, 0x00, 0x00, 0x01, 0x55, 0x06,
    0xf5, 0x00, 0x00, 0x00, 0x00, 0x00, 0x2f, 0xf0, 0x6f, 0x40, 0x00, 0x00, 0x00, 0x00, 0x02, 0xff,
    0x06, 0xf3, 0x00, 0x00, 0x00, 0x00, 0x00, 0x2f, 0xf0, 0x6f, 0x20, 0x00, 0x00, 0x00, 0x00, 0x02,
    0xff, 0x01, 0x20, 0x00, 0x00, 0x59, 0xba, 0x72, 0x2f, 0xf0, 0x00, 0x00, 0x02, 0xcf, 0xff, 0xff,
    0xe7, 0xff, 0x00, 0x00, 0x01, 0xdf, 0xd6, 0x22, 0x6d, 0xff, 0xf0, 0x00, 0x00, 0x7f, 0xd1, 0x00,
    0x00, 0x1f, 0xff, 0x00, 0x00, 0x0d, 0xf6, 0x00, 0x00, 0x00, 0x7f, 0xf0, 0x00, 0x00, 0xff, 0x20,
    0x00, 0x00, 0x02, 0xff, 0x00, 0x00, 0x1f, 0xf1, 0x00, 0x00, 0x00, 0x2f, 0xf0, 0x00, 0x00, 0xef,
    0x40, 0x00, 0x00, 0x04, 0xff, 0x00, 0x00, 0x09, 0xfb, 0x00, 0x00, 0x00, 0xbf, 0xf0, 0x00, 0x00,
    0x3f, 0xf9, 0x10, 0x01, 0xaf, 0xff, 0x00, 0x00, 0x00, 0x5f, 0xfe, 0xcc, 0xff, 0xaf, 0xf0, 0x00,
    0x00, 0x00, 0x3a, 0xef, 0xfd, 0x61, 0xff, 0x00, 0x00, 0x00, 0x00, 0x00, 0x11, 0x00, 0x00, 0x00,
    0x00, 0x00,

    /* U+0110 LATIN CAPITAL LETTER D WITH STROKE */
    0x00, 0x46, 0x66, 0x66, 0x65, 0x31, 0x00, 0x00, 0x00, 0x00, 0xaf, 0xff, 0xff, 0xff, 0xfe, 0xa3,
    0x00, 0x00, 0x00, 0xaf, 0xb8, 0x88, 0x89, 0xbf, 0xff, 0x70, 0x00, 0x00, 0xaf, 0x80, 0x00, 0x00,
    0x01, 0x9f, 0xf6, 0x00, 0x00, 0xaf, 0x80, 0x00, 0x00, 0x00, 0x07, 0xff, 0x30, 0x00, 0xaf, 0x80,
    0x00, 0x00, 0x00, 0x00, 0xcf, 0x90, 0x00, 0xaf, 0x80, 0x00, 0x00, 0x00, 0x00, 0x6f, 0xe0, 0x9b,
    0xff, 0xfb, 0xbb, 0xb0, 0x00, 0x00, 0x3f, 0xf1, 0xcf, 0xff, 0xff, 0xff, 0xf0, 0x00, 0x00, 0x2f,
    0xf1, 0x00, 0xbf, 0x80, 0x00, 0x00, 0x00, 0x00, 0x4f, 0xf0, 0x00, 0xaf, 0x80, 0x00, 0x00, 0x00,
    0x00, 0x8f, 0xc0, 0x00, 0xaf, 0x80, 0x00, 0x00, 0x00, 0x01, 0xef, 0x70, 0x00, 0xaf, 0x80, 0x00,
    0x00, 0x00, 0x1c, 0xfd, 0x10, 0x00, 0xaf, 0x80, 0x00, 0x00, 0x27, 0xef, 0xe2, 0x00, 0x00, 0xaf,
    0xee, 0xee, 0xef, 0xff, 0xfc, 0x20, 0x00, 0x00, 0xaf, 0xff, 0xff, 0xfe, 0xc9, 0x40, 0x00, 0x00,

    /* U+0111 LATIN SMALL LETTER D WITH STROKE */
    0x00, 0x00, 0x00, 0x00, 0x00, 0x15, 0x50, 0x00, 0x00, 0x00, 0x00, 0x00, 0x02, 0xff, 0x00, 0x00,
    0x00, 0x00, 0x46, 0x66, 0x8f, 0xf6, 0x60, 0x00, 0x00, 0x0c, 0xff, 0xff, 0xff, 0xff, 0x00, 0x00,
    0x00, 0x12, 0x22, 0x4f, 0xf2, 0x20, 0x00, 0x05, 0x9b, 0xa7, 0x22, 0xff, 0x00, 0x00, 0x2c, 0xff,
    0xff, 0xfe, 0x7f, 0xf0, 0x00, 0x1d, 0xfd, 0x62, 0x26, 0xdf, 0xff, 0x00, 0x07, 0xfd, 0x10, 0x00,
    0x01, 0xff, 0xf0, 0x00, 0xdf, 0x60, 0x00, 0x00, 0x07, 0xff, 0x00, 0x0f, 0xf2, 0x00, 0x00, 0x00,
    0x2f, 0xf0, 0x01, 0xff, 0x10, 0x00, 0x00, 0x02, 0xff, 0x00, 0x0e, 0xf4, 0x00, 0x00, 0x00, 0x4f,
    0xf0, 0x00, 0x9f, 0xb0, 0x00, 0x00, 0x0b, 0xff, 0x00, 0x03, 0xff, 0x91, 0x00, 0x1a, 0xff, 0xf0,
    0x00, 0x05, 0xff, 0xec, 0xcf, 0xfa, 0xff, 0x00, 0x00, 0x03, 0xae, 0xff, 0xd6, 0x1f, 0xf0, 0x00,
    0x00, 0x00, 0x01, 0x10, 0x00, 0x00, 0x00,

    /* U+0112 LATIN CAPITAL LETTER E WITH MACRON */
    0x00, 0x77, 0x77, 0x77, 0x71, 0x00, 0x00, 0xdd, 0xdd, 0xdd, 0xd2, 0x00, 0x00, 0x00, 0x00, 0x00,
    0x00, 0x00, 0x46, 0x66, 0x66, 0x66, 0x66, 0x61, 0xaf, 0xff, 0xff, 0xff, 0xff, 0xf3, 0xaf, 0xb8,
    0x88, 0x88, 0x88, 0x81, 0xaf, 0x80, 0x00, 0x00, 0x00, 0x00, 0xaf, 0x80, 0x00, 0x00, 0x00, 0x00,
    0xaf, 0x80, 0x00, 0x00, 0x00, 0x00, 0xaf, 0x80, 0x00, 0x00, 0x00, 0x00, 0xaf, 0xfb, 0xbb, 0xbb,
    0xbb, 0x30, 0xaf, 0xff, 0xff, 0xff, 0xff, 0x40, 0xaf, 0x92, 0x22, 0x22, 0x22, 0x00, 0xaf, 0x80,
    0x00, 0x00, 0x00, 0x00, 0xaf, 0x80, 0x00, 0x00, 0x00, 0x00, 0xaf, 0x80, 0x00, 0x00, 0x00, 0x00,
    0xaf, 0x80, 0x00, 0x00, 0x00, 0x00, 0xaf, 0xee, 0xee, 0xee, 0xee, 0xe7, 0xaf, 0xff, 0xff, 0xff,
    0xff, 0xf8,

    /* U+0113 LATIN SMALL LETTER E WITH MACRON */
    0x00, 0x07, 0x77, 0x77, 0x77, 0x10, 0x00, 0x00, 0xdd, 0xdd, 0xdd, 0xd2, 0x00, 0x00, 0x00, 0x00,
    0x00, 0x00, 0x00, 0x00, 0x00, 0x00, 0x00, 0x00, 0x00, 0x00, 0x00, 0x00, 0x59, 0xba, 0x82, 0x00,
    0x00, 0x02, 0xcf, 0xff, 0xff, 0xf7, 0x00, 0x01, 0xdf, 0xb4, 0x12, 0x6e, 0xf5, 0x00, 0x7f, 0xb0,
    0x00, 0x00, 0x3f, 0xe0, 0x0d, 0xf4, 0x00, 0x00, 0x00, 0xaf, 0x50, 0xff, 0xba, 0xaa, 0xaa, 0xaf,
    0xf7, 0x1f, 0xfe, 0xdd, 0xdd, 0xdd, 0xdd, 0x70, 0xef, 0x30, 0x00, 0x00, 0x00, 0x00, 0x09, 0xfa,
    0x00, 0x00, 0x00, 0x00, 0x00, 0x2e, 0xf9, 0x10, 0x00, 0x4d, 0x30, 0x00, 0x4e, 0xff, 0xcb, 0xdf,
    0xf7, 0x00, 0x00, 0x29, 0xef, 0xff, 0xb4, 0x00, 0x00, 0x00, 0x00, 0x11, 0x00, 0x00, 0x00,

    /* U+0114 LATIN CAPITAL LETTER E WITH BREVE */
    0x00, 0x32, 0x00, 0x01, 0x30, 0x00, 0x00, 0xcb, 0x00, 0x08, 0xf0, 0x00, 0x00, 0x4f, 0xb7, 0xaf,
    0x70, 0x00, 0x00, 0x03, 0x9b, 0xa4, 0x00, 0x00, 0x00, 0x00, 0x00, 0x00, 0x00, 0x00, 0x46, 0x66,
    0x66, 0x66, 0x66, 0x61, 0xaf, 0xff, 0xff, 0xff, 0xff, 0xf3, 0xaf, 0xb8, 0x88, 0x88, 0x88, 0x81,
    0xaf, 0x80, 0x00, 0x00, 0x00, 0x00, 0xaf, 0x80, 0x00, 0x00, 0x00, 0x00, 0xaf, 0x80, 0x00, 0x00,
    0x00, 0x00, 0xaf, 0x80, 0x00, 0x00, 0x00, 0x00, 0xaf, 0xfb, 0xbb, 0xbb, 0xbb, 0x30, 0xaf, 0xff,
    0xff, 0xff, 0xff, 0x40, 0xaf, 0x92, 0x22, 0x22, 0x22, 0x00, 0xaf, 0x80, 0x00, 0x00, 0x00, 0x00,
    0xaf, 0x80, 0x00, 0x00, 0x00, 0x00, 0xaf, 0x80, 0x00, 0x00, 0x00, 0x00, 0xaf, 0x80, 0x00, 0x00,
    0x00, 0x00, 0xaf, 0xee, 0xee, 0xee, 0xee, 0xe7, 0xaf, 0xff, 0xff, 0xff, 0xff, 0xf8,

    /* U+0115 LATIN SMALL LETTER E WITH BREVE */
    0x00, 0x03, 0x20, 0x00, 0x13, 0x00, 0x00, 0x00, 0xcb, 0x00, 0x08, 0xf0, 0x00, 0x00, 0x04, 0xfb,
    0x7a, 0xf7, 0x00, 0x00, 0x00, 0x03, 0x9b, 0xa4, 0x00, 0x00, 0x00, 0x00, 0x00, 0x00, 0x00, 0x00,
    0x00, 0x00, 0x05, 0x9b, 0xa8, 0x20, 0x00, 0x00, 0x2c, 0xff, 0xff, 0xff, 0x70, 0x00, 0x1d, 0xfb,
    0x41, 0x26, 0xef, 0x50, 0x07, 0xfb, 0x00, 0x00, 0x03, 0xfe, 0x00, 0xdf, 0x40, 0x00, 0x00, 0x0a,
    0xf5, 0x0f, 0xfb, 0xaa, 0xaa, 0xaa, 0xff, 0x71, 0xff, 0xed, 0xdd, 0xdd, 0xdd, 0xd7, 0x0e, 0xf3,
    0x00, 0x00, 0x00, 0x00, 0x00, 0x9f, 0xa0, 0x00, 0x00, 0x00, 0x00, 0x02, 0xef, 0x91, 0x00, 0x04,
    0xd3, 0x00, 0x04, 0xef, 0xfc, 0xbd, 0xff, 0x70, 0x00, 0x02, 0x9e, 0xff, 0xfb, 0x40, 0x00, 0x00,
    0x00, 0x01, 0x10, 0x00, 0x00,

    /* U+0116 LATIN CAPITAL LETTER E WITH DOT ABOVE */
    0x00, 0x00, 0x04, 0x10, 0x00, 0x00, 0x00, 0x00, 0x9f, 0xb0, 0x00, 0x00, 0x00, 0x00, 0x8f, 0xb0,
    0x00, 0x00, 0x00, 0x00, 0x03, 0x10, 0x00, 0x00, 0x46, 0x66, 0x66, 0x66, 0x66, 0x61, 0xaf, 0xff,
    0xff, 0xff, 0xff, 0xf3, 0xaf, 0xb8, 0x88, 0x88, 0x88, 0x81, 0xaf, 0x80, 0x00, 0x00, 0x00, 0x00,
    0xaf, 0x80, 0x00, 0x00, 0x00, 0x00, 0xaf, 0x80, 0x00, 0x00, 0x00, 0x00, 0xaf, 0x80, 0x00, 0x00,
    0x00, 0x00, 0xaf, 0xfb, 0xbb, 0xbb, 0xbb, 0x30, 0xaf, 0xff, 0xff, 0xff, 0xff, 0x40, 0xaf, 0x92,
    0x22, 0x22, 0x22, 0x00, 0xaf, 0x80, 0x00, 0x00, 0x00, 0x00, 0xaf, 0x80, 0x00, 0x00, 0x00, 0x00,
    0xaf, 0x80, 0x00, 0x00, 0x00, 0x00, 0xaf, 0x80, 0x00, 0x00, 0x00, 0x00, 0xaf, 0xee, 0xee, 0xee,
    0xee, 0xe7, 0xaf, 0xff, 0xff, 0xff, 0xff, 0xf8,

    /* U+0117 LATIN SMALL LETTER E WITH DOT ABOVE */
    0x00, 0x00, 0x00, 0x41, 0x00, 0x00, 0x00, 0x00, 0x00, 0x9f, 0xb0, 0x00, 0x00, 0x00, 0x00, 0x08,
    0xfb, 0x00, 0x00, 0x00, 0x00, 0x00, 0x03, 0x10, 0x00, 0x00, 0x00, 0x00, 0x00, 0x00, 0x00, 0x00,
    0x00, 0x00, 0x05, 0x9b, 0xa8, 0x20, 0x00, 0x00, 0x2c, 0xff, 0xff, 0xff, 0x70, 0x00, 0x1d, 0xfb,
    0x41, 0x26, 0xef, 0x50, 0x07, 0xfb, 0x00, 0x00, 0x03, 0xfe, 0x00, 0xdf, 0x40, 0x00, 0x00, 0x0a,
    0xf5, 0x0f, 0xfb, 0xaa, 0xaa, 0xaa, 0xff, 0x71, 0xff, 0xed, 0xdd, 0xdd, 0xdd, 0xd7, 0x0e, 0xf3,
    0x00, 0x00, 0x00, 0x00, 0x00, 0x9f, 0xa0, 0x00, 0x00, 0x00, 0x00, 0x02, 0xef, 0x91, 0x00, 0x04,
    0xd3, 0x00, 0x04, 0xef, 0xfc, 0xbd, 0xff, 0x70, 0x00, 0x02, 0x9e, 0xff, 0xfb, 0x40, 0x00, 0x00,
    0x00, 0x01, 0x10, 0x00, 0x00,

    /* U+0118 LATIN CAPITAL LETTER E WITH OGONEK */
    0x46, 0x66, 0x66, 0x66, 0x66, 0x61, 0xaf, 0xff, 0xff, 0xff, 0xff, 0xf3, 0xaf, 0xb8, 0x88, 0x88,
    0x88, 0x81, 0xaf, 0x80, 0x00, 0x00, 0x00, 0x00, 0xaf, 0x80, 0x00, 0x00, 0x00, 0x00, 0xaf, 0x80,
    0x00, 0x00, 0x00, 0x00, 0xaf, 0x80, 0x00, 0x00, 0x00, 0x00, 0xaf, 0xfb, 0xbb, 0xbb, 0xbb, 0x30,
    0xaf, 0xff, 0xff, 0xff, 0xff, 0x40, 0xaf, 0x92, 0x22, 0x22, 0x22, 0x00, 0xaf, 0x80, 0x00, 0x00,
    0x00, 0x00, 0xaf, 0x80, 0x00, 0x00, 0x00, 0x00, 0xaf, 0x80, 0x00, 0x00, 0x00, 0x00, 0xaf, 0x80,
    0x00, 0x00, 0x00, 0x00, 0xaf, 0xee, 0xee, 0xee, 0xee, 0xe7, 0xaf, 0xff, 0xff, 0xff, 0xff, 0xf8,
    0x00, 0x00, 0x00, 0x00, 0x8e, 0x71, 0x00, 0x00, 0x00, 0x06, 0xf4, 0x00, 0x00, 0x00, 0x00, 0x0a,
    0xd0, 0x00, 0x00, 0x00, 0x00, 0x08, 0xf7, 0x56, 0x00, 0x00, 0x00, 0x01, 0x9d, 0xd8,

    /* U+0119 LATIN SMALL LETTER E WITH OGONEK */
    0x00, 0x00, 0x59, 0xba, 0x82, 0x00, 0x00, 0x02, 0xcf, 0xff, 0xff, 0xf7, 0x00, 0x01, 0xdf, 0xb4,
    0x12, 0x6e, 0xf5, 0x00, 0x7f, 0xb0, 0x00, 0x00, 0x3f, 0xe0, 0x0d, 0xf4, 0x00, 0x00, 0x00, 0xaf,
    0x50, 0xff, 0xba, 0xaa, 0xaa, 0xaf, 0xf7, 0x1f, 0xfe, 0xdd, 0xdd, 0xdd, 0xdd, 0x70, 0xef, 0x30,
    0x00, 0x00, 0x00, 0x00, 0x09, 0xfa, 0x00, 0x00, 0x00, 0x00, 0x00, 0x2e, 0xf9, 0x10, 0x00, 0x4d,
    0x30, 0x00, 0x4e, 0xff, 0xcb, 0xdf, 0xf7, 0x00, 0x00, 0x29, 0xef, 0xff, 0xf6, 0x00, 0x00, 0x00,
    0x00, 0x16, 0xf6, 0x00, 0x00, 0x00, 0x00, 0x00, 0xcb, 0x00, 0x00, 0x00, 0x00, 0x00, 0x0f, 0x80,
    0x00, 0x00, 0x00, 0x00, 0x00, 0xcd, 0x67, 0x30, 0x00, 0x00, 0x00, 0x02, 0xbd, 0xc4, 0x00,

    /* U+011A LATIN CAPITAL LETTER E WITH CARON */
    0x01, 0x32, 0x00, 0x02, 0x31, 0x00, 0x00, 0x9f, 0x70, 0x4e, 0xb1, 0x00, 0x00, 0x09, 0xff, 0xfb,
    0x10, 0x00, 0x00, 0x00, 0x8c, 0xa0, 0x00, 0x00, 0x46, 0x66, 0x66, 0x66, 0x66, 0x61, 0xaf, 0xff,
    0xff, 0xff, 0xff, 0xf3, 0xaf, 0xb8, 0x88, 0x88, 0x88, 0x81, 0xaf, 0x80, 0x00, 0x00, 0x00, 0x00,
    0xaf, 0x80, 0x00, 0x00, 0x00, 0x00, 0xaf, 0x80, 0x00, 0x00, 0x00, 0x00, 0xaf, 0x80, 0x00, 0x00,
    0x00, 0x00, 0xaf, 0xfb, 0xbb, 0xbb, 0xbb, 0x30, 0xaf, 0xff, 0xff, 0xff, 0xff, 0x40, 0xaf, 0x92,
    0x22, 0x22, 0x22, 0x00, 0xaf, 0x80, 0x00, 0x00, 0x00, 0x00, 0xaf, 0x80, 0x00, 0x00, 0x00, 0x00,
    0xaf, 0x80, 0x00, 0x00, 0x00, 0x00, 0xaf, 0x80, 0x00, 0x00, 0x00, 0x00, 0xaf, 0xee, 0xee, 0xee,
    0xee, 0xe7, 0xaf, 0xff, 0xff, 0xff, 0xff, 0xf8,

    /* U+011B LATIN SMALL LETTER E WITH CARON */
    0x00, 0x13, 0x20, 0x00, 0x23, 0x10, 0x00, 0x00, 0x9f, 0x70, 0x4e, 0xb1, 0x00, 0x00, 0x00, 0x9f,
    0xff, 0xb1, 0x00, 0x00, 0x00, 0x00, 0x8c, 0xa0, 0x00, 0x00, 0x00, 0x00, 0x00, 0x00, 0x00, 0x00,
    0x00, 0x00, 0x05, 0x9b, 0xa8, 0x20, 0x00, 0x00, 0x2c, 0xff, 0xff, 0xff, 0x70, 0x00, 0x1d, 0xfb,
    0x41, 0x26, 0xef, 0x50, 0x07, 0xfb, 0x00, 0x00, 0x03, 0xfe, 0x00, 0xdf, 0x40, 0x00, 0x00, 0x0a,
    0xf5, 0x0f, 0xfb, 0xaa, 0xaa, 0xaa, 0xff, 0x71, 0xff, 0xed, 0xdd, 0xdd, 0xdd, 0xd7, 0x0e, 0xf3,
    0x00, 0x00, 0x00, 0x00, 0x00, 0x9f, 0xa0, 0x00, 0x00, 0x00, 0x00, 0x02, 0xef, 0x91, 0x00, 0x04,
    0xd3, 0x00, 0x04, 0xef, 0xfc, 0xbd, 0xff, 0x70, 0x00, 0x02, 0x9e, 0xff, 0xfb, 0x40, 0x00, 0x00,
    0x00, 0x01, 0x10, 0x00, 0x00,

    /* U+011C LATIN CAPITAL LETTER G WITH CIRCUMFLEX */
    0x00, 0x00, 0x00, 0x23, 0x20, 0x00, 0x00, 0x00, 0x00, 0x00, 0x3f, 0xff, 0x50, 0x00, 0x00, 0x00,
    0x00, 0x3e, 0xc3, 0xaf, 0x60, 0x00, 0x00, 0x00, 0x19, 0x81, 0x00, 0x7a, 0x20, 0x00, 0x00, 0x00,
    0x02, 0x68, 0x87, 0x51, 0x00, 0x00, 0x00, 0x3b, 0xff, 0xff, 0xff, 0xe8, 0x10, 0x00, 0x6f, 0xfe,
    0xa7, 0x67, 0xbf, 0xfc, 0x10, 0x5f, 0xfa, 0x10, 0x00, 0x00, 0x3c, 0x80, 0x1e, 0xf9, 0x00, 0x00,
    0x00, 0x00, 0x00, 0x06, 0xfe, 0x10, 0x00, 0x00, 0x00, 0x00, 0x00, 0xbf, 0x80, 0x00, 0x00, 0x00,
    0x00, 0x00, 0x0d, 0xf5, 0x00, 0x00, 0x00, 0x00, 0x00, 0x00, 0xef, 0x40, 0x00, 0x00, 0x00, 0x00,
    0xcc, 0x1c, 0xf6, 0x00, 0x00, 0x00, 0x00, 0x0f, 0xf1, 0x9f, 0xa0, 0x00, 0x00, 0x00, 0x00, 0xff,
    0x14, 0xff, 0x30, 0x00, 0x00, 0x00, 0x0f, 0xf1, 0x0b, 0xfd, 0x20, 0x00, 0x00, 0x00, 0xff, 0x10,
    0x2d, 0xfe, 0x71, 0x00, 0x02, 0x8f, 0xf1, 0x00, 0x2c, 0xff, 0xfd, 0xcd, 0xff, 0xfb, 0x00, 0x00,
    0x05, 0xbf, 0xff, 0xfe, 0x93, 0x00, 0x00, 0x00, 0x00, 0x02, 0x21, 0x00, 0x00, 0x00,

    /* U+011D LATIN SMALL LETTER G WITH CIRCUMFLEX */
    0x00, 0x00, 0x02, 0x32, 0x00, 0x00, 0x00, 0x00, 0x03, 0xff, 0xf5, 0x00, 0x00, 0x00, 0x03, 0xec,
    0x3a, 0xf6, 0x00, 0x00, 0x01, 0x98, 0x10, 0x07, 0xa2, 0x00, 0x00, 0x00, 0x00, 0x00, 0x00, 0x00,
    0x00, 0x00, 0x59, 0xbb, 0x82, 0x08, 0xa2, 0x02, 0xcf, 0xff, 0xff, 0xf7, 0xdf, 0x21, 0xdf, 0xd6,
    0x22, 0x5c, 0xff, 0xf2, 0x8f, 0xc1, 0x00, 0x00, 0x0b, 0xff, 0x2e, 0xf5, 0x00, 0x00, 0x00, 0x2f,
    0xf2, 0xff, 0x20, 0x00, 0x00, 0x00, 0xff, 0x2f, 0xf2, 0x00, 0x00, 0x00, 0x0f, 0xf2, 0xdf, 0x60,
    0x00, 0x00, 0x04, 0xff, 0x27, 0xfe, 0x30, 0x00, 0x02, 0xdf, 0xf2, 0x0b, 0xff, 0x96, 0x69, 0xee,
    0xff, 0x20, 0x09, 0xff, 0xff, 0xfd, 0x4e, 0xf2, 0x00, 0x01, 0x57, 0x74, 0x00, 0xff, 0x10, 0x00,
    0x00, 0x00, 0x00, 0x4f, 0xe0, 0x0a, 0x50, 0x00, 0x00, 0x1c, 0xf9, 0x04, 0xff, 0xd9, 0x77, 0x9e,
    0xfd, 0x10, 0x05, 0xbf, 0xff, 0xff, 0xfa, 0x20, 0x00, 0x00, 0x14, 0x55, 0x41, 0x00, 0x00,

    /* U+011E LATIN CAPITAL LETTER G WITH BREVE */
    0x00, 0x00, 0x32, 0x00, 0x01, 0x30, 0x00, 0x00, 0x00, 0x0c, 0xb0, 0x00, 0x8f, 0x00, 0x00, 0x00,
    0x00, 0x4f, 0xb7, 0xaf, 0x70, 0x00, 0x00, 0x00, 0x00, 0x39, 0xba, 0x40, 0x00, 0x00, 0x00, 0x00,
    0x00, 0x00, 0x00, 0x00, 0x00, 0x00, 0x00, 0x00, 0x26, 0x88, 0x75, 0x10, 0x00, 0x00, 0x03, 0xbf,
    0xff, 0xff, 0xfe, 0x81, 0x00, 0x06, 0xff, 0xea, 0x76, 0x7b, 0xff, 0xc1, 0x05, 0xff, 0xa1, 0x00,
    0x00, 0x03, 0xc8, 0x01, 0xef, 0x90, 0x00, 0x00, 0x00, 0x00, 0x00, 0x6f, 0xe1, 0x00, 0x00, 0x00,
    0x00, 0x00, 0x0b, 0xf8, 0x00, 0x00, 0x00, 0x00, 0x00, 0x00, 0xdf, 0x50, 0x00, 0x00, 0x00, 0x00,
    0x00, 0x0e, 0xf4, 0x00, 0x00, 0x00, 0x00, 0x0c, 0xc1, 0xcf, 0x60, 0x00, 0x00, 0x00, 0x00, 0xff,
    0x19, 0xfa, 0x00, 0x00, 0x00, 0x00, 0x0f, 0xf1, 0x4f, 0xf3, 0x00, 0x00, 0x00, 0x00, 0xff, 0x10,
    0xbf, 0xd2, 0x00, 0x00, 0x00, 0x0f, 0xf1, 0x02, 0xdf, 0xe7, 0x10, 0x00, 0x28, 0xff, 0x10, 0x02,
    0xcf, 0xff, 0xdc, 0xdf, 0xff, 0xb0, 0x00, 0x00, 0x5b, 0xff, 0xff, 0xe9, 0x30, 0x00, 0x00, 0x00,
    0x00, 0x22, 0x10, 0x00, 0x00,

    /* U+011F LATIN SMALL LETTER G WITH BREVE */
    0x00, 0x03, 0x20, 0x00, 0x13, 0x00, 0x00, 0x00, 0xcb, 0x00, 0x08, 0xf0, 0x00, 0x00, 0x04, 0xfb,
    0x7a, 0xf7, 0x00, 0x00, 0x00, 0x03, 0x9b, 0xa4, 0x00, 0x00, 0x00, 0x00, 0x00, 0x00, 0x00, 0x00,
    0x00, 0x00, 0x59, 0xbb, 0x82, 0x08, 0xa2, 0x02, 0xcf, 0xff, 0xff, 0xf7, 0xdf, 0x21, 0xdf, 0xd6,
    0x22, 0x5c, 0xff, 0xf2, 0x8f, 0xc1, 0x00, 0x00, 0x0b, 0xff, 0x2e, 0xf5, 0x00, 0x00, 0x00, 0x2f,
    0xf2, 0xff, 0x20, 0x00, 0x00, 0x00, 0xff, 0x2f, 0xf2, 0x00, 0x00, 0x00, 0x0f, 0xf2, 0xdf, 0x60,
    0x00, 0x00, 0x04, 0xff, 0x27, 0xfe, 0x30, 0x00, 0x02, 0xdf, 0xf2, 0x0b, 0xff, 0x96, 0x69, 0xee,
    0xff, 0x20, 0x09, 0xff, 0xff, 0xfd, 0x4e, 0xf2, 0x00, 0x01, 0x57, 0x74, 0x00, 0xff, 0x10, 0x00,
    0x00, 0x00, 0x00, 0x4f, 0xe0, 0x0a, 0x50, 0x00, 0x00, 0x1c, 0xf9, 0x04, 0xff, 0xd9, 0x77, 0x9e,
    0xfd, 0x10, 0x05, 0xbf, 0xff, 0xff, 0xfa, 0x20, 0x00, 0x00, 0x14, 0x55, 0x41, 0x00, 0x00,

    /* U+0120 LATIN CAPITAL LETTER G WITH DOT ABOVE */
    0x00, 0x00, 0x00, 0x04, 0x10, 0x00, 0x00, 0x00, 0x00, 0x00, 0x09, 0xfb, 0x00, 0x00, 0x00, 0x00,
    0x00, 0x00, 0x8f, 0xb0, 0x00, 0x00, 0x00, 0x00, 0x00, 0x00, 0x31, 0x00, 0x00, 0x00, 0x00, 0x00,
    0x02, 0x68, 0x87, 0x51, 0x00, 0x00, 0x00, 0x3b, 0xff, 0xff, 0xff, 0xe8, 0x10, 0x00, 0x6f, 0xfe,
    0xa7, 0x67, 0xbf, 0xfc, 0x10, 0x5f, 0xfa, 0x10, 0x00, 0x00, 0x3c, 0x80, 0x1e, 0xf9, 0x00, 0x00,
    0x00, 0x00, 0x00, 0x06, 0xfe, 0x10, 0x00, 0x00, 0x00, 0x00, 0x00, 0xbf, 0x80, 0x00, 0x00, 0x00,
    0x00, 0x00, 0x0d, 0xf5, 0x00, 0x00, 0x00, 0x00, 0x00, 0x00, 0xef, 0x40, 0x00, 0x00, 0x00, 0x00,
    0xcc, 0x1c, 0xf6, 0x00, 0x00, 0x00, 0x00, 0x0f, 0xf1, 0x9f, 0xa0, 0x00, 0x00, 0x00, 0x00, 0xff,
    0x14, 0xff, 0x30, 0x00, 0x00, 0x00, 0x0f, 0xf1, 0x0b, 0xfd, 0x20, 0x00, 0x00, 0x00, 0xff, 0x10,
    0x2d, 0xfe, 0x71, 0x00, 0x02, 0x8f, 0xf1, 0x00, 0x2c, 0xff, 0xfd, 0xcd, 0xff, 0xfb, 0x00, 0x00,
    0x05, 0xbf, 0xff, 0xfe, 0x93, 0x00, 0x00, 0x00, 0x00, 0x02, 0x21, 0x00, 0x00, 0x00,

    /* U+0121 LATIN SMALL LETTER G WITH DOT ABOVE */
    0x00, 0x00, 0x00, 0x41, 0x00, 0x00, 0x00, 0x00, 0x00, 0x9f, 0xb0, 0x00, 0x00, 0x00, 0x00, 0x08,
    0xfb, 0x00, 0x00, 0x00, 0x00, 0x00, 0x03, 0x10, 0x00, 0x00, 0x00, 0x00, 0x00, 0x00, 0x00, 0x00,
    0x00, 0x00, 0x59, 0xbb, 0x82, 0x08, 0xa2, 0x02, 0xcf, 0xff, 0xff, 0xf7, 0xdf, 0x21, 0xdf, 0xd6,
    0x22, 0x5c, 0xff, 0xf2, 0x8f, 0xc1, 0x00, 0x00, 0x0b, 0xff, 0x2e, 0xf5, 0x00, 0x00, 0x00, 0x2f,
    0xf2, 0xff, 0x20, 0x00, 0x00, 0x00, 0xff, 0x2f, 0xf2, 0x00, 0x00, 0x00, 0x0f, 0xf2, 0xdf, 0x60,
    0x00, 0x00, 0x04, 0xff, 0x27, 0xfe, 0x30, 0x00, 0x02, 0xdf, 0xf2, 0x0b, 0xff, 0x96, 0x69, 0xee,
    0xff, 0x20, 0x09, 0xff, 0xff, 0xfd, 0x4e, 0xf2, 0x00, 0x01, 0x57, 0x74, 0x00, 0xff, 0x10, 0x00,
    0x00, 0x00, 0x00, 0x4f, 0xe0, 0x0a, 0x50, 0x00, 0x00, 0x1c, 0xf9, 0x04, 0xff, 0xd9, 0x77, 0x9e,
    0xfd, 0x10, 0x05, 0xbf, 0xff, 0xff, 0xfa, 0x20, 0x00, 0x00, 0x14, 0x55, 0x41, 0x00, 0x00,

    /* U+0122 LATIN CAPITAL LETTER G WITH CEDILLA */
    0x00, 0x00, 0x02, 0x68, 0x87, 0x51, 0x00, 0x00, 0x00, 0x3b, 0xff, 0xff, 0xff, 0xe8, 0x10, 0x00,
    0x6f, 0xfe, 0xa7, 0x67, 0xbf, 0xfc, 0x10, 0x5f, 0xfa, 0x10, 0x00, 0x00, 0x3c, 0x80, 0x1e, 0xf9,
    0x00, 0x00, 0x00, 0x00, 0x00, 0x06, 0xfe, 0x10, 0x00, 0x00, 0x00, 0x00, 0x00, 0xbf, 0x80, 0x00,
    0x00, 0x00, 0x00, 0x00, 0x0d, 0xf5, 0x00, 0x00, 0x00, 0x00, 0x00, 0x00, 0xef, 0x40, 0x00, 0x00,
    0x00, 0x00, 0xcc, 0x1c, 0xf6, 0x00, 0x00, 0x00, 0x00, 0x0f, 0xf1, 0x9f, 0xa0, 0x00, 0x00, 0x00,
    0x00, 0xff, 0x14, 0xff, 0x30, 0x00, 0x00, 0x00, 0x0f, 0xf1, 0x0b, 0xfd, 0x20, 0x00, 0x00, 0x00,
    0xff, 0x10, 0x2d, 0xfe, 0x71, 0x00, 0x02, 0x8f, 0xf1, 0x00, 0x2c, 0xff, 0xfd, 0xcd, 0xff, 0xfb,
    0x00, 0x00, 0x05, 0xbf, 0xff, 0xfe, 0x93, 0x00, 0x00, 0x00, 0x00, 0x02, 0x21, 0x00, 0x00, 0x00,
    0x00, 0x00, 0x00, 0x20, 0x00, 0x00, 0x00, 0x00, 0x00, 0x00, 0x6f, 0x90, 0x00, 0x00, 0x00, 0x00,
    0x00, 0x04, 0xf9, 0x00, 0x00, 0x00, 0x00, 0x00, 0x00, 0x1f, 0x30, 0x00, 0x00, 0x00, 0x00, 0x00,
    0x02, 0x80, 0x00, 0x00, 0x00,

    /* U+0123 LATIN SMALL LETTER G WITH CEDILLA */
    0x00, 0x00, 0x00, 0x34, 0x00, 0x00, 0x00, 0x00, 0x00, 0x0d, 0x70, 0x00, 0x00, 0x00, 0x00, 0x04,
    0xf3, 0x00, 0x00, 0x00, 0x00, 0x00, 0x8f, 0xb0, 0x00, 0x00, 0x00, 0x00, 0x04, 0xb6, 0x00, 0x00,
    0x00, 0x00, 0x00, 0x00, 0x00, 0x00, 0x00, 0x00, 0x05, 0x9b, 0xb8, 0x20, 0x8a, 0x20, 0x2c, 0xff,
    0xff, 0xff, 0x7d, 0xf2, 0x1d, 0xfd, 0x62, 0x25, 0xcf, 0xff, 0x28, 0xfc, 0x10, 0x00, 0x00, 0xbf,
    0xf2, 0xef, 0x50, 0x00, 0x00, 0x02, 0xff, 0x2f, 0xf2, 0x00, 0x00, 0x00, 0x0f, 0xf2, 0xff, 0x20,
    0x00, 0x00, 0x00, 0xff, 0x2d, 0xf6, 0x00, 0x00, 0x00, 0x4f, 0xf2, 0x7f, 0xe3, 0x00, 0x00, 0x2d,
    0xff, 0x20, 0xbf, 0xf9, 0x66, 0x9e, 0xef, 0xf2, 0x00, 0x9f, 0xff, 0xff, 0xd4, 0xef, 0x20, 0x00,
    0x15, 0x77, 0x40, 0x0f, 0xf1, 0x00, 0x00, 0x00, 0x00, 0x04, 0xfe, 0x00, 0xa5, 0x00, 0x00, 0x01,
    0xcf, 0x90, 0x4f, 0xfd, 0x97, 0x79, 0xef, 0xd1, 0x00, 0x5b, 0xff, 0xff, 0xff, 0xa2, 0x00, 0x00,
    0x01, 0x45, 0x54, 0x10, 0x00, 0x00,

    /* U+0124 LATIN CAPITAL LETTER H WITH CIRCUMFLEX */
    0x00, 0x00, 0x02, 0x32, 0x00, 0x00, 0x00, 0x00, 0x00, 0x3f, 0xff, 0x50, 0x00, 0x00, 0x00, 0x03,
    0xec, 0x3a, 0xf6, 0x00, 0x00, 0x00, 0x19, 0x81, 0x00, 0x7a, 0x20, 0x00, 0x46, 0x30, 0x00, 0x00,
    0x00, 0x04, 0x63, 0xaf, 0x80, 0x00, 0x00, 0x00, 0x0a, 0xf8, 0xaf, 0x80, 0x00, 0x00, 0x00, 0x0a,
    0xf8, 0xaf, 0x80, 0x00, 0x00, 0x00, 0x0a, 0xf8, 0xaf, 0x80, 0x00, 0x00, 0x00, 0x0a, 0xf8, 0xaf,
    0x80, 0x00, 0x00, 0x00, 0x0a, 0xf8, 0xaf, 0x80, 0x00, 0x00, 0x00, 0x0a, 0xf8, 0xaf, 0xfc, 0xcc,
    0xcc, 0xcc, 0xcf, 0xf8, 0xaf, 0xff, 0xff, 0xff, 0xff, 0xff, 0xf8, 0xaf, 0x92, 0x22, 0x22, 0x22,
    0x2b, 0xf8, 0xaf, 0x80, 0x00, 0x00, 0x00, 0x0a, 0xf8, 0xaf, 0x80, 0x00, 0x00, 0x00, 0x0a, 0xf8,
    0xaf, 0x80, 0x00, 0x00, 0x00, 0x0a, 0xf8, 0xaf, 0x80, 0x00, 0x00, 0x00, 0x0a, 0xf8, 0xaf, 0x80,
    0x00, 0x00, 0x00, 0x0a, 0xf8, 0xaf, 0x80, 0x00, 0x00, 0x00, 0x0a, 0xf8,

    /* U+0125 LATIN SMALL LETTER H WITH CIRCUMFLEX */
    0x00, 0x02, 0x32, 0x00, 0x00, 0x00, 0x00, 0x00, 0x00, 0x3f, 0xff, 0x50, 0x00, 0x00, 0x00, 0x00,
    0x03, 0xec, 0x3a, 0xf6, 0x00, 0x00, 0x00, 0x00, 0x19, 0x81, 0x00, 0x7a, 0x20, 0x00, 0x00, 0x00,
    0x00, 0x00, 0x55, 0x10, 0x00, 0x00, 0x00, 0x00, 0x00, 0x00, 0xff, 0x20, 0x00, 0x00, 0x00, 0x00,
    0x00, 0x00, 0xff, 0x20, 0x00, 0x00, 0x00, 0x00, 0x00, 0x00, 0xff, 0x20, 0x00, 0x00, 0x00, 0x00,
    0x00, 0x00, 0xff, 0x20, 0x00, 0x00, 0x00, 0x00, 0x00, 0x00, 0xff, 0x22, 0x8b, 0xb9, 0x40, 0x00,
    0x00, 0x00, 0xff, 0x8f, 0xff, 0xff, 0xfa, 0x00, 0x00, 0x00, 0xff, 0xfc, 0x52, 0x38, 0xff, 0x60,
    0x00, 0x00, 0xff, 0xd0, 0x00, 0x00, 0x8f, 0xc0, 0x00, 0x00, 0xff, 0x50, 0x00, 0x00, 0x3f, 0xf0,
    0x00, 0x00, 0xff, 0x30, 0x00, 0x00, 0x1f, 0xf1, 0x00, 0x00, 0xff, 0x20, 0x00, 0x00, 0x0f, 0xf1,
    0x00, 0x00, 0xff, 0x20, 0x00, 0x00, 0x0f, 0xf1, 0x00, 0x00, 0xff, 0x20, 0x00, 0x00, 0x0f, 0xf1,
    0x00, 0x00, 0xff, 0x20, 0x00, 0x00, 0x0f, 0xf1, 0x00, 0x00, 0xff, 0x20, 0x00, 0x00, 0x0f, 0xf1,
    0x00, 0x00, 0xff, 0x20, 0x00, 0x00, 0x0f, 0xf1,

    /* U+0126 LATIN CAPITAL LETTER H WITH STROKE */
    0x00, 0x36, 0x40, 0x00, 0x00, 0x00, 0x03, 0x64, 0x00, 0x00, 0x8f, 0xa0, 0x00, 0x00, 0x00, 0x07,
    0xfb, 0x00, 0x00, 0x8f, 0xa0, 0x00, 0x00, 0x00, 0x07, 0xfb, 0x00, 0xad, 0xff, 0xfd, 0xdd, 0xdd,
    0xdd, 0xdf, 0xff, 0xdd, 0xad, 0xff, 0xfd, 0xdd, 0xdd, 0xdd, 0xdf, 0xff, 0xdd, 0x00, 0x8f, 0xa0,
    0x00, 0x00, 0x00, 0x07, 0xfb, 0x00, 0x00, 0x8f, 0xa0, 0x00, 0x00, 0x00, 0x07, 0xfb, 0x00, 0x00,
    0x8f, 0xfc, 0xcc, 0xcc, 0xcc, 0xcf, 0xfb, 0x00, 0x00, 0x8f, 0xff, 0xff, 0xff, 0xff, 0xff, 0xfb,
    0x00, 0x00, 0x8f, 0xb2, 0x22, 0x22, 0x22, 0x28, 0xfb, 0x00, 0x00, 0x8f, 0xa0, 0x00, 0x00, 0x00,
    0x07, 0xfb, 0x00, 0x00, 0x8f, 0xa0, 0x00, 0x00, 0x00, 0x07, 0xfb, 0x00, 0x00, 0x8f, 0xa0, 0x00,
    0x00, 0x00, 0x07, 0xfb, 0x00, 0x00, 0x8f, 0xa0, 0x00, 0x00, 0x00, 0x07, 0xfb, 0x00, 0x00, 0x8f,
    0xa0, 0x00, 0x00, 0x00, 0x07, 0xfb, 0x00, 0x00, 0x8f, 0xa0, 0x00, 0x00, 0x00, 0x07, 0xfb, 0x00,

    /* U+0127 LATIN SMALL LETTER H WITH STROKE */
    0x00, 0x45, 0x20, 0x00, 0x00, 0x00, 0x00, 0x00, 0xbf, 0x60, 0x00, 0x00, 0x00, 0x00, 0x9b, 0xff,
    0xfb, 0xbb, 0x20, 0x00, 0x00, 0xac, 0xff, 0xfc, 0xcc, 0x30, 0x00, 0x00, 0x00, 0xbf, 0x60, 0x00,
    0x00, 0x00, 0x00, 0x00, 0xbf, 0x61, 0x7a, 0xba, 0x60, 0x00, 0x00, 0xbf, 0x9e, 0xff, 0xff, 0xfc,
    0x10, 0x00, 0xbf, 0xfe, 0x63, 0x36, 0xef, 0xa0, 0x00, 0xbf, 0xf2, 0x00, 0x00, 0x5f, 0xf1, 0x00,
    0xbf, 0x90, 0x00, 0x00, 0x0e, 0xf4, 0x00, 0xbf, 0x60, 0x00, 0x00, 0x0c, 0xf5, 0x00, 0xbf, 0x60,
    0x00, 0x00, 0x0c, 0xf5, 0x00, 0xbf, 0x60, 0x00, 0x00, 0x0c, 0xf5, 0x00, 0xbf, 0x60, 0x00, 0x00,
    0x0c, 0xf5, 0x00, 0xbf, 0x60, 0x00, 0x00, 0x0c, 0xf5, 0x00, 0xbf, 0x60, 0x00, 0x00, 0x0c, 0xf5,
    0x00, 0xbf, 0x60, 0x00, 0x00, 0x0c, 0xf5,

    /* U+0128 LATIN CAPITAL LETTER I WITH TILDE */
    0x06, 0x82, 0x03, 0x65, 0xfd, 0xe3, 0x8c, 0x9a, 0x0a, 0xff, 0x63, 0x20, 0x04, 0x30, 0x00, 0x46,
    0x30, 0x00, 0x0a, 0xf8, 0x00, 0x00, 0xaf, 0x80, 0x00, 0x0a, 0xf8, 0x00, 0x00, 0xaf, 0x80, 0x00,
    0x0a, 0xf8, 0x00, 0x00, 0xaf, 0x80, 0x00, 0x0a, 0xf8, 0x00, 0x00, 0xaf, 0x80, 0x00, 0x0a, 0xf8,
    0x00, 0x00, 0xaf, 0x80, 0x00, 0x0a, 0xf8, 0x00, 0x00, 0xaf, 0x80, 0x00, 0x0a, 0xf8, 0x00, 0x00,
    0xaf, 0x80, 0x00, 0x0a, 0xf8, 0x00,

    /* U+0129 LATIN SMALL LETTER I WITH TILDE */
    0x01, 0x20, 0x00, 0x01, 0xdf, 0xa0, 0x8a, 0x6d, 0x3d, 0xde, 0x64, 0x50, 0x17, 0x60, 0x00, 0x00,
    0x00, 0x00, 0x00, 0xaa, 0x10, 0x00, 0x0f, 0xf2, 0x00, 0x00, 0xff, 0x20, 0x00, 0x0f, 0xf2, 0x00,
    0x00, 0xff, 0x20, 0x00, 0x0f, 0xf2, 0x00, 0x00, 0xff, 0x20, 0x00, 0x0f, 0xf2, 0x00, 0x00, 0xff,
    0x20, 0x00, 0x0f, 0xf2, 0x00, 0x00, 0xff, 0x20, 0x00, 0x0f, 0xf2, 0x00,

    /* U+012A LATIN CAPITAL LETTER I WITH MACRON */
    0x27, 0x77, 0x77, 0x44, 0xdd, 0xdd, 0xd7, 0x00, 0x00, 0x00, 0x00, 0x04, 0x63, 0x00, 0x00, 0xaf,
    0x80, 0x00, 0x0a, 0xf8, 0x00, 0x00, 0xaf, 0x80, 0x00, 0x0a, 0xf8, 0x00, 0x00, 0xaf, 0x80, 0x00,
    0x0a, 0xf8, 0x00, 0x00, 0xaf, 0x80, 0x00, 0x0a, 0xf8, 0x00, 0x00, 0xaf, 0x80, 0x00, 0x0a, 0xf8,
    0x00, 0x00, 0xaf, 0x80, 0x00, 0x0a, 0xf8, 0x00, 0x00, 0xaf, 0x80, 0x00, 0x0a, 0xf8, 0x00, 0x00,
    0xaf, 0x80, 0x00,

    /* U+012B LATIN SMALL LETTER I WITH MACRON */
    0x27, 0x77, 0x77, 0x44, 0xdd, 0xdd, 0xd7, 0x00, 0x00, 0x00, 0x00, 0x00, 0x00, 0x00, 0x00, 0x0a,
    0xa1, 0x00, 0x00, 0xff, 0x20, 0x00, 0x0f, 0xf2, 0x00, 0x00, 0xff, 0x20, 0x00, 0x0f, 0xf2, 0x00,
    0x00, 0xff, 0x20, 0x00, 0x0f, 0xf2, 0x00, 0x00, 0xff, 0x20, 0x00, 0x0f, 0xf2, 0x00, 0x00, 0xff,
    0x20, 0x00, 0x0f, 0xf2, 0x00, 0x00, 0xff, 0x20,

    /* U+012C LATIN CAPITAL LETTER I WITH BREVE */
    0x32, 0x00, 0x01, 0x3c, 0xb0, 0x00, 0x8f, 0x4f, 0xb7, 0xaf, 0x70, 0x39, 0xba, 0x40, 0x00, 0x00,
    0x00, 0x00, 0x04, 0x63, 0x00, 0x00, 0xaf, 0x80, 0x00, 0x0a, 0xf8, 0x00, 0x00, 0xaf, 0x80, 0x00,
    0x0a, 0xf8, 0x00, 0x00, 0xaf, 0x80, 0x00, 0x0a, 0xf8, 0x00, 0x00, 0xaf, 0x80, 0x00, 0x0a, 0xf8,
    0x00, 0x00, 0xaf, 0x80, 0x00, 0x0a, 0xf8, 0x00, 0x00, 0xaf, 0x80, 0x00, 0x0a, 0xf8, 0x00, 0x00,
    0xaf, 0x80, 0x00, 0x0a, 0xf8, 0x00, 0x00, 0xaf, 0x80, 0x00,

    /* U+012D LATIN SMALL LETTER I WITH BREVE */
    0x13, 0x00, 0x02, 0x24, 0xf1, 0x00, 0xd7, 0x0d, 0xc7, 0xbe, 0x20, 0x18, 0xb9, 0x20, 0x00, 0x00,
    0x00, 0x00, 0x00, 0xaa, 0x10, 0x00, 0x0f, 0xf2, 0x00, 0x00, 0xff, 0x20, 0x00, 0x0f, 0xf2, 0x00,
    0x00, 0xff, 0x20, 0x00, 0x0f, 0xf2, 0x00, 0x00, 0xff, 0x20, 0x00, 0x0f, 0xf2, 0x00, 0x00, 0xff,
    0x20, 0x00, 0x0f, 0xf2, 0x00, 0x00, 0xff, 0x20, 0x00, 0x0f, 0xf2, 0x00,

    /* U+012E LATIN CAPITAL LETTER I WITH OGONEK */
    0x04, 0x63, 0x0a, 0xf8, 0x0a, 0xf8, 0x0a, 0xf8, 0x0a, 0xf8, 0x0a, 0xf8, 0x0a, 0xf8, 0x0a, 0xf8,
    0x0a, 0xf8, 0x0a, 0xf8, 0x0a, 0xf8, 0x0a, 0xf8, 0x0a, 0xf8, 0x0a, 0xf8, 0x0a, 0xf8, 0x0b, 0xf8,
    0x0a, 0xb0, 0x4f, 0x20, 0x8e, 0x00, 0x6f, 0x75, 0x09, 0xda,

    /* U+012F LATIN SMALL LETTER I WITH OGONEK */
    0x39, 0x50, 0xbf, 0xe0, 0x8f, 0xa0, 0x01, 0x00, 0x00, 0x00, 0x0a, 0xa1, 0x0f, 0xf2, 0x0f, 0xf2,
    0x0f, 0xf2, 0x0f, 0xf2, 0x0f, 0xf2, 0x0f, 0xf2, 0x0f, 0xf2, 0x0f, 0xf2, 0x0f, 0xf2, 0x0f, 0xf2,
    0x0f, 0xf2, 0x0a, 0xb0, 0x4f, 0x20, 0x8e, 0x00, 0x6f, 0x75, 0x09, 0xda,

    /* U+0130 LATIN CAPITAL LETTER I WITH DOT ABOVE */
    0x04, 0x19, 0xfb, 0x8f, 0xb0, 0x31, 0x46, 0x3a, 0xf8, 0xaf, 0x8a, 0xf8, 0xaf, 0x8a, 0xf8, 0xaf,
    0x8a, 0xf8, 0xaf, 0x8a, 0xf8, 0xaf, 0x8a, 0xf8, 0xaf, 0x8a, 0xf8, 0xaf, 0x8a, 0xf8,

    /* U+0131 LATIN SMALL LETTER DOTLESS I */
    0xaa, 0x1f, 0xf2, 0xff, 0x2f, 0xf2, 0xff, 0x2f, 0xf2, 0xff, 0x2f, 0xf2, 0xff, 0x2f, 0xf2, 0xff,
    0x2f, 0xf2,

    /* U+0132 LATIN CAPITAL LIGATURE IJ */
    0x56, 0x20, 0x00, 0x00, 0x03, 0x64, 0xcf, 0x60, 0x00, 0x00, 0x08, 0xfa, 0xcf, 0x60, 0x00, 0x00,
    0x08, 0xfa, 0xcf, 0x60, 0x00, 0x00, 0x08, 0xfa, 0xcf, 0x60, 0x00, 0x00, 0x08, 0xfa, 0xcf, 0x60,
    0x00, 0x00, 0x08, 0xfa, 0xcf, 0x60, 0x00, 0x00, 0x08, 0xfa, 0xcf, 0x60, 0x00, 0x00, 0x08, 0xfa,
    0xcf, 0x60, 0x00, 0x00, 0x08, 0xfa, 0x33, 0x10, 0x00, 0x00, 0x08, 0xf9, 0x00, 0x00, 0x00, 0x00,
    0x09, 0xf8, 0x00, 0x00, 0x00, 0x00, 0x0c, 0xf6, 0x00, 0x00, 0x00, 0x00, 0x4f, 0xf1, 0x8b, 0x40,
    0x00, 0x05, 0xef, 0x80, 0xdf, 0xfe, 0xdc, 0xef, 0xfb, 0x00, 0x17, 0xcf, 0xff, 0xfc, 0x60, 0x00,
    0x00, 0x01, 0x22, 0x00, 0x00, 0x00,

    /* U+0133 LATIN SMALL LIGATURE IJ */
    0x39, 0x50, 0x00, 0x03, 0x95, 0xbf, 0xe0, 0x00, 0x0b, 0xfe, 0x8f, 0xa0, 0x00, 0x08, 0xfa, 0x01,
    0x00, 0x00, 0x00, 0x10, 0x00, 0x00, 0x00, 0x00, 0x00, 0x0a, 0xa1, 0x00, 0x09, 0xa2, 0x0f, 0xf2,
    0x00, 0x0d, 0xf4, 0x0f, 0xf2, 0x00, 0x0d, 0xf4, 0x0f, 0xf2, 0x00, 0x0d, 0xf4, 0x0f, 0xf2, 0x00,
    0x0d, 0xf4, 0x0f, 0xf2, 0x00, 0x0d, 0xf4, 0x0f, 0xf2, 0x00, 0x0d, 0xf4, 0x0f, 0xf2, 0x00, 0x0d,
    0xf4, 0x0f, 0xf2, 0x00, 0x0d, 0xf4, 0x0f, 0xf2, 0x00, 0x0d, 0xf4, 0x0f, 0xf2, 0x00, 0x0d, 0xf4,
    0x0f, 0xf2, 0x00, 0x0d, 0xf4, 0x00, 0x00, 0x00, 0x0d, 0xf3, 0x00, 0x00, 0x00, 0x1f, 0xf1, 0x00,
    0x07, 0x86, 0xcf, 0xc0, 0x00, 0x0c, 0xff, 0xfd, 0x20, 0x00, 0x00, 0x46, 0x40, 0x00,

    /* U+0134 LATIN CAPITAL LETTER J WITH CIRCUMFLEX */
    0x00, 0x00, 0x23, 0x20, 0x00, 0x00, 0x03, 0xff, 0xf5, 0x00, 0x00, 0x3e, 0xc3, 0xaf, 0x60, 0x01,
    0x98, 0x10, 0x07, 0xa2, 0x04, 0x66, 0x66, 0x66, 0x61, 0x0a, 0xff, 0xff, 0xff, 0xf2, 0x05, 0x88,
    0x88, 0x8f, 0xf2, 0x00, 0x00, 0x00, 0x1f, 0xf2, 0x00, 0x00, 0x00, 0x1f, 0xf2, 0x00, 0x00, 0x00,
    0x1f, 0xf2, 0x00, 0x00, 0x00, 0x1f, 0xf2, 0x00, 0x00, 0x00, 0x1f, 0xf2, 0x00, 0x00, 0x00, 0x1f,
    0xf2, 0x00, 0x00, 0x00, 0x1f, 0xf2, 0x00, 0x00, 0x00, 0x1f, 0xf2, 0x00, 0x00, 0x00, 0x2f, 0xf1,
    0x13, 0x00, 0x00, 0x4f, 0xe0, 0xcd, 0x40, 0x01, 0xcf, 0xb0, 0xaf, 0xfd, 0xce, 0xff, 0x30, 0x07,
    0xdf, 0xff, 0xc3, 0x00, 0x00, 0x01, 0x21, 0x00, 0x00,

    /* U+0135 LATIN SMALL LETTER J WITH CIRCUMFLEX */
    0x00, 0x00, 0x23, 0x20, 0x00, 0x00, 0x1e, 0xff, 0x30, 0x00, 0x0c, 0xe4, 0xde, 0x20, 0x05, 0xa3,
    0x02, 0x97, 0x00, 0x00, 0x00, 0x00, 0x00, 0x00, 0x09, 0xa2, 0x00, 0x00, 0x00, 0xdf, 0x40, 0x00,
    0x00, 0x0d, 0xf4, 0x00, 0x00, 0x00, 0xdf, 0x40, 0x00, 0x00, 0x0d, 0xf4, 0x00, 0x00, 0x00, 0xdf,
    0x40, 0x00, 0x00, 0x0d, 0xf4, 0x00, 0x00, 0x00, 0xdf, 0x40, 0x00, 0x00, 0x0d, 0xf4, 0x00, 0x00,
    0x00, 0xdf, 0x40, 0x00, 0x00, 0x0d, 0xf4, 0x00, 0x00, 0x00, 0xdf, 0x40, 0x00, 0x00, 0x0d, 0xf3,
    0x00, 0x00, 0x01, 0xff, 0x10, 0x07, 0x86, 0xcf, 0xc0, 0x00, 0xcf, 0xff, 0xd2, 0x00, 0x00, 0x46,
    0x40, 0x00, 0x00,

    /* U+0136 LATIN CAPITAL LETTER K WITH CEDILLA */
    0x46, 0x30, 0x00, 0x00, 0x00, 0x26, 0x61, 0xaf, 0x80, 0x00, 0x00, 0x02, 0xdf, 0x80, 0xaf, 0x80,
    0x00, 0x00, 0x2d, 0xf8, 0x00, 0xaf, 0x80, 0x00, 0x02, 0xdf, 0x90, 0x00, 0xaf, 0x80, 0x00, 0x1d,
    0xfa, 0x00, 0x00, 0xaf, 0x80, 0x01, 0xcf, 0xa0, 0x00, 0x00, 0xaf, 0x80, 0x1c, 0xfb, 0x00, 0x00,
    0x00, 0xaf, 0x81, 0xcf, 0xf1, 0x00, 0x00, 0x00, 0xaf, 0x8c, 0xff, 0xf9, 0x00, 0x00, 0x00, 0xaf,
    0xff, 0xd7, 0xff, 0x60, 0x00, 0x00, 0xaf, 0xfd, 0x20, 0x8f, 0xf4, 0x00, 0x00, 0xaf, 0xf2, 0x00,
    0x0a, 0xfe, 0x20, 0x00, 0xaf, 0x80, 0x00, 0x00, 0xbf, 0xd1, 0x00, 0xaf, 0x80, 0x00, 0x00, 0x1d,
    0xfb, 0x00, 0xaf, 0x80, 0x00, 0x00, 0x02, 0xef, 0x80, 0xaf, 0x80, 0x00, 0x00, 0x00, 0x4f, 0xf6,
    0x00, 0x00, 0x00, 0x00, 0x00, 0x00, 0x00, 0x00, 0x00, 0x00, 0x20, 0x00, 0x00, 0x00, 0x00, 0x00,
    0x06, 0xf9, 0x00, 0x00, 0x00, 0x00, 0x00, 0x04, 0xf9, 0x00, 0x00, 0x00, 0x00, 0x00, 0x01, 0xf3,
    0x00, 0x00, 0x00, 0x00, 0x00, 0x02, 0x80, 0x00, 0x00, 0x00,

    /* U+0137 LATIN SMALL LETTER K WITH CEDILLA */
    0x55, 0x10, 0x00, 0x00, 0x00, 0x00, 0xff, 0x20, 0x00, 0x00, 0x00, 0x00, 0xff, 0x20, 0x00, 0x00,
    0x00, 0x00, 0xff, 0x20, 0x00, 0x00, 0x00, 0x00, 0xff, 0x20, 0x00, 0x00, 0x00, 0x00, 0xff, 0x20,
    0x00, 0x00, 0x8a, 0x70, 0xff, 0x20, 0x00, 0x1b, 0xfc, 0x10, 0xff, 0x20, 0x01, 0xcf, 0xc1, 0x00,
    0xff, 0x20, 0x2d, 0xfb, 0x10, 0x00, 0xff, 0x23, 0xdf, 0xb1, 0x00, 0x00, 0xff, 0x5e, 0xff, 0x60,
    0x00, 0x00, 0xff, 0xff, 0xff, 0xf3, 0x00, 0x00, 0xff, 0xf8, 0x0b, 0xfd, 0x10, 0x00, 0xff, 0x90,
    0x01, 0xdf, 0xb0, 0x00, 0xff, 0x20, 0x00, 0x2e, 0xf8, 0x00, 0xff, 0x20, 0x00, 0x04, 0xff, 0x50,
    0xff, 0x20, 0x00, 0x00, 0x7f, 0xe2, 0x00, 0x00, 0x00, 0x00, 0x00, 0x00, 0x00, 0x00, 0x20, 0x00,
    0x00, 0x00, 0x00, 0x06, 0xf9, 0x00, 0x00, 0x00, 0x00, 0x04, 0xf9, 0x00, 0x00, 0x00, 0x00, 0x01,
    0xf3, 0x00, 0x00, 0x00, 0x00, 0x02, 0x80, 0x00, 0x00, 0x00,

    /* U+0138 LATIN SMALL LETTER KRA */
    0xaa, 0x10, 0x00, 0x00, 0x8a, 0x70, 0xff, 0x20, 0x00, 0x1b, 0xfc, 0x10, 0xff, 0x20, 0x01, 0xcf,
    0xc1, 0x00, 0xff, 0x20, 0x2d, 0xfb, 0x10, 0x00, 0xff, 0x23, 0xdf, 0xb1, 0x00, 0x00, 0xff, 0x5e,
    0xff, 0x60, 0x00, 0x00, 0xff, 0xff, 0xff, 0xf3, 0x00, 0x00, 0xff, 0xf8, 0x0b, 0xfd, 0x10, 0x00,
    0xff, 0x90, 0x01, 0xdf, 0xb0, 0x00, 0xff, 0x20, 0x00, 0x2e, 0xf8, 0x00, 0xff, 0x20, 0x00, 0x04,
    0xff, 0x50, 0xff, 0x20, 0x00, 0x00, 0x7f, 0xe2,

    /* U+0139 LATIN CAPITAL LETTER L WITH ACUTE */
    0x00, 0x13, 0x32, 0x00, 0x00, 0x00, 0x1b, 0xfa, 0x10, 0x00, 0x00, 0x1c, 0xf6, 0x00, 0x00, 0x00,
    0x07, 0xa3, 0x00, 0x00, 0x00, 0x00, 0x46, 0x30, 0x00, 0x00, 0x00, 0x0a, 0xf8, 0x00, 0x00, 0x00,
    0x00, 0xaf, 0x80, 0x00, 0x00, 0x00, 0x0a, 0xf8, 0x00, 0x00, 0x00, 0x00, 0xaf, 0x80, 0x00, 0x00,
    0x00, 0x0a, 0xf8, 0x00, 0x00, 0x00, 0x00, 0xaf, 0x80, 0x00, 0x00, 0x00, 0x0a, 0xf8, 0x00, 0x00,
    0x00, 0x00, 0xaf, 0x80, 0x00, 0x00, 0x00, 0x0a, 0xf8, 0x00, 0x00, 0x00, 0x00, 0xaf, 0x80, 0x00,
    0x00, 0x00, 0x0a, 0xf8, 0x00, 0x00, 0x00, 0x00, 0xaf, 0x80, 0x00, 0x00, 0x00, 0x0a, 0xf8, 0x00,
    0x00, 0x00, 0x00, 0xaf, 0xee, 0xee, 0xee, 0xee, 0xca, 0xff, 0xff, 0xff, 0xff, 0xfd,

    /* U+013A LATIN SMALL LETTER L WITH ACUTE */
    0x00, 0x13, 0x32, 0x01, 0xbf, 0xa1, 0x1c, 0xf6, 0x00, 0x7a, 0x30, 0x00, 0x05, 0x51, 0x00, 0x0f,
    0xf2, 0x00, 0x0f, 0xf2, 0x00, 0x0f, 0xf2, 0x00, 0x0f, 0xf2, 0x00, 0x0f, 0xf2, 0x00, 0x0f, 0xf2,
    0x00, 0x0f, 0xf2, 0x00, 0x0f, 0xf2, 0x00, 0x0f, 0xf2, 0x00, 0x0f, 0xf2, 0x00, 0x0f, 0xf2, 0x00,
    0x0f, 0xf2, 0x00, 0x0f, 0xf2, 0x00, 0x0f, 0xf2, 0x00, 0x0f, 0xf2, 0x00, 0x0f, 0xf2, 0x00,

    /* U+013B LATIN CAPITAL LETTER L WITH CEDILLA */
    0x46, 0x30, 0x00, 0x00, 0x00, 0x0a, 0xf8, 0x00, 0x00, 0x00, 0x00, 0xaf, 0x80, 0x00, 0x00, 0x00,
    0x0a, 0xf8, 0x00, 0x00, 0x00, 0x00, 0xaf, 0x80, 0x00, 0x00, 0x00, 0x0a, 0xf8, 0x00, 0x00, 0x00,
    0x00, 0xaf, 0x80, 0x00, 0x00, 0x00, 0x0a, 0xf8, 0x00, 0x00, 0x00, 0x00, 0xaf, 0x80, 0x00, 0x00,
    0x00, 0x0a, 0xf8, 0x00, 0x00, 0x00, 0x00, 0xaf, 0x80, 0x00, 0x00, 0x00, 0x0a, 0xf8, 0x00, 0x00,
    0x00, 0x00, 0xaf, 0x80, 0x00, 0x00, 0x00, 0x0a, 0xf8, 0x00, 0x00, 0x00, 0x00, 0xaf, 0xee, 0xee,
    0xee, 0xee, 0xca, 0xff, 0xff, 0xff, 0xff, 0xfd, 0x00, 0x00, 0x00, 0x00, 0x00, 0x00, 0x00, 0x00,
    0x20, 0x00, 0x00, 0x00, 0x00, 0x6f, 0x90, 0x00, 0x00, 0x00, 0x04, 0xf9, 0x00, 0x00, 0x00, 0x00,
    0x1f, 0x30, 0x00, 0x00, 0x00, 0x02, 0x80, 0x00, 0x00,

    /* U+013C LATIN SMALL LETTER L WITH CEDILLA */
    0x05, 0x51, 0x0f, 0xf2, 0x0f, 0xf2, 0x0f, 0xf2, 0x0f, 0xf2, 0x0f, 0xf2, 0x0f, 0xf2, 0x0f, 0xf2,
    0x0f, 0xf2, 0x0f, 0xf2, 0x0f, 0xf2, 0x0f, 0xf2, 0x0f, 0xf2, 0x0f, 0xf2, 0x0f, 0xf2, 0x0f, 0xf2,
    0x0f, 0xf2, 0x00, 0x00, 0x02, 0x00, 0x6f, 0x90, 0x4f, 0x90, 0x1f, 0x30, 0x28, 0x00,

    /* U+013D LATIN CAPITAL LETTER L WITH CARON */
    0x00, 0x00, 0x00, 0x01, 0x21, 0x04, 0x63, 0x00, 0x00, 0x6f, 0x50, 0xaf, 0x80, 0x00, 0x06, 0xf4,
    0x0a, 0xf8, 0x00, 0x00, 0x6f, 0x30, 0xaf, 0x80, 0x00, 0x06, 0xf2, 0x0a, 0xf8, 0x00, 0x00, 0x12,
    0x00, 0xaf, 0x80, 0x00, 0x00, 0x00, 0x0a, 0xf8, 0x00, 0x00, 0x00, 0x00, 0xaf, 0x80, 0x00, 0x00,
    0x00, 0x0a, 0xf8, 0x00, 0x00, 0x00, 0x00, 0xaf, 0x80, 0x00, 0x00, 0x00, 0x0a, 0xf8, 0x00, 0x00,
    0x00, 0x00, 0xaf, 0x80, 0x00, 0x00, 0x00, 0x0a, 0xf8, 0x00, 0x00, 0x00, 0x00, 0xaf, 0x80, 0x00,
    0x00, 0x00, 0x0a, 0xfe, 0xee, 0xee, 0xee, 0xec, 0xaf, 0xff, 0xff, 0xff, 0xff, 0xd0,

    /* U+013E LATIN SMALL LETTER L WITH CARON */
    0x00, 0x01, 0x21, 0x55, 0x16, 0xf5, 0xff, 0x26, 0xf4, 0xff, 0x26, 0xf3, 0xff, 0x26, 0xf2, 0xff,
    0x21, 0x20, 0xff, 0x20, 0x00, 0xff, 0x20, 0x00, 0xff, 0x20, 0x00, 0xff, 0x20, 0x00, 0xff, 0x20,
    0x00, 0xff, 0x20, 0x00, 0xff, 0x20, 0x00, 0xff, 0x20, 0x00, 0xff, 0x20, 0x00, 0xff, 0x20, 0x00,
    0xff, 0x20, 0x00, 0xff, 0x20, 0x00,

    /* U+013F LATIN CAPITAL LETTER L WITH MIDDLE DOT */
    0x46, 0x30, 0x00, 0x00, 0x00, 0x0a, 0xf8, 0x00, 0x00, 0x00, 0x00, 0xaf, 0x80, 0x00, 0x00, 0x00,
    0x0a, 0xf8, 0x00, 0x00, 0x00, 0x00, 0xaf, 0x80, 0x00, 0x00, 0x00, 0x0a, 0xf8, 0x00, 0x00, 0x14,
    0x00, 0xaf, 0x80, 0x00, 0x0c, 0xf7, 0x0a, 0xf8, 0x00, 0x00, 0xdf, 0x80, 0xaf, 0x80, 0x00, 0x02,
    0x61, 0x0a, 0xf8, 0x00, 0x00, 0x00, 0x00, 0xaf, 0x80, 0x00, 0x00, 0x00, 0x0a, 0xf8, 0x00, 0x00,
    0x00, 0x00, 0xaf, 0x80, 0x00, 0x00, 0x00, 0x0a, 0xf8, 0x00, 0x00, 0x00, 0x00, 0xaf, 0xee, 0xee,
    0xee, 0xee, 0xca, 0xff, 0xff, 0xff, 0xff, 0xfd,

    /* U+0140 LATIN SMALL LETTER L WITH MIDDLE DOT */
    0x55, 0x10, 0x00, 0x0f, 0xf2, 0x00, 0x00, 0xff, 0x20, 0x00, 0x0f, 0xf2, 0x00, 0x00, 0xff, 0x20,
    0x00, 0x0f, 0xf2, 0x00, 0x00, 0xff, 0x20, 0x00, 0x0f, 0xf2, 0x00, 0x10, 0xff, 0x20, 0xbf, 0x4f,
    0xf2, 0x0d, 0xf6, 0xff, 0x20, 0x25, 0x0f, 0xf2, 0x00, 0x00, 0xff, 0x20, 0x00, 0x0f, 0xf2, 0x00,
    0x00, 0xff, 0x20, 0x00, 0x0f, 0xf2, 0x00, 0x00, 0xff, 0x20, 0x00, 0x00,

    /* U+0141 LATIN CAPITAL LETTER L WITH STROKE */
    0x00, 0x46, 0x30, 0x00, 0x00, 0x00, 0x00, 0x0a, 0xf8, 0x00, 0x00, 0x00, 0x00, 0x00, 0xaf, 0x80,
    0x00, 0x00, 0x00, 0x00, 0x0a, 0xf8, 0x00, 0x00, 0x00, 0x00, 0x00, 0xaf, 0x80, 0x00, 0x00, 0x00,
    0x00, 0x0a, 0xf8, 0x1a, 0xa0, 0x00, 0x00, 0x00, 0xaf, 0xbd, 0xf8, 0x00, 0x00, 0x00, 0x0a, 0xff,
    0xe4, 0x00, 0x00, 0x00, 0x01, 0xff, 0xf2, 0x00, 0x00, 0x00, 0x03, 0xdf, 0xf8, 0x00, 0x00, 0x00,
    0x00, 0x8e, 0xff, 0x80, 0x00, 0x00, 0x00, 0x00, 0x2a, 0xf8, 0x00, 0x00, 0x00, 0x00, 0x00, 0xaf,
    0x80, 0x00, 0x00, 0x00, 0x00, 0x0a, 0xf8, 0x00, 0x00, 0x00, 0x00, 0x00, 0xaf, 0xee, 0xee, 0xee,
    0xee, 0xc0, 0x0a, 0xff, 0xff, 0xff, 0xff, 0xfd,

    /* U+0142 LATIN SMALL LETTER L WITH STROKE */
    0x00, 0x55, 0x10, 0x00, 0x0f, 0xf2, 0x00, 0x00, 0xff, 0x20, 0x00, 0x0f, 0xf2, 0x00, 0x00, 0xff,
    0x20, 0x00, 0x0f, 0xf2, 0x00, 0x00, 0xff, 0x21, 0x10, 0x0f, 0xf5, 0xd9, 0x00, 0xff, 0xfe, 0x40,
    0x1f, 0xfd, 0x20, 0x3d, 0xff, 0x20, 0x08, 0xef, 0xf2, 0x00, 0x02, 0xff, 0x20, 0x00, 0x0f, 0xf2,
    0x00, 0x00, 0xff, 0x20, 0x00, 0x0f, 0xf2, 0x00, 0x00, 0xff, 0x20, 0x00,

    /* U+0143 LATIN CAPITAL LETTER N WITH ACUTE */
    0x00, 0x00, 0x00, 0x01, 0x33, 0x20, 0x00, 0x00, 0x00, 0x00, 0x1b, 0xfa, 0x10, 0x00, 0x00, 0x00,
    0x01, 0xcf, 0x60, 0x00, 0x00, 0x00, 0x00, 0x07, 0xa3, 0x00, 0x00, 0x00, 0x46, 0x20, 0x00, 0x00,
    0x00, 0x04, 0x63, 0xaf, 0xc1, 0x00, 0x00, 0x00, 0x0a, 0xf8, 0xaf, 0xfa, 0x00, 0x00, 0x00, 0x0a,
    0xf8, 0xaf, 0xff, 0x70, 0x00, 0x00, 0x0a, 0xf8, 0xaf, 0xff, 0xf4, 0x00, 0x00, 0x0a, 0xf8, 0xaf,
    0x8b, 0xfe, 0x20, 0x00, 0x0a, 0xf8, 0xaf, 0x81, 0xdf, 0xc1, 0x00, 0x0a, 0xf8, 0xaf, 0x80, 0x2e,
    0xfa, 0x00, 0x0a, 0xf8, 0xaf, 0x80, 0x05, 0xff, 0x70, 0x0a, 0xf8, 0xaf, 0x80, 0x00, 0x8f, 0xf4,
    0x0a, 0xf8, 0xaf, 0x80, 0x00, 0x0a, 0xfe, 0x2a, 0xf8, 0xaf, 0x80, 0x00, 0x01, 0xdf, 0xda, 0xf8,
    0xaf, 0x80, 0x00, 0x00, 0x2e, 0xff, 0xf8, 0xaf, 0x80, 0x00, 0x00, 0x04, 0xff, 0xf8, 0xaf, 0x80,
    0x00, 0x00, 0x00, 0x7f, 0xf8, 0xaf, 0x80, 0x00, 0x00, 0x00, 0x0a, 0xf8,

    /* U+0144 LATIN SMALL LETTER N WITH ACUTE */
    0x00, 0x00, 0x00, 0x13, 0x32, 0x00, 0x00, 0x00, 0x01, 0xbf, 0xa1, 0x00, 0x00, 0x00, 0x1c, 0xf6,
    0x00, 0x00, 0x00, 0x00, 0x7a, 0x30, 0x00, 0x00, 0x00, 0x00, 0x00, 0x00, 0x00, 0x00, 0xaa, 0x02,
    0x8b, 0xb9, 0x40, 0x00, 0xff, 0x6f, 0xff, 0xff, 0xfa, 0x00, 0xff, 0xfc, 0x52, 0x38, 0xff, 0x60,
    0xff, 0xc0, 0x00, 0x00, 0x8f, 0xc0, 0xff, 0x50, 0x00, 0x00, 0x3f, 0xf0, 0xff, 0x30, 0x00, 0x00,
    0x1f, 0xf1, 0xff, 0x20, 0x00, 0x00, 0x0f, 0xf1, 0xff, 0x20, 0x00, 0x00, 0x0f, 0xf1, 0xff, 0x20,
    0x00, 0x00, 0x0f, 0xf1, 0xff, 0x20, 0x00, 0x00, 0x0f, 0xf1, 0xff, 0x20, 0x00, 0x00, 0x0f, 0xf1,
    0xff, 0x20, 0x00, 0x00, 0x0f, 0xf1,

    /* U+0145 LATIN CAPITAL LETTER N WITH CEDILLA */
    0x46, 0x20, 0x00, 0x00, 0x00, 0x04, 0x63, 0xaf, 0xc1, 0x00, 0x00, 0x00, 0x0a, 0xf8, 0xaf, 0xfa,
    0x00, 0x00, 0x00, 0x0a, 0xf8, 0xaf, 0xff, 0x70, 0x00, 0x00, 0x0a, 0xf8, 0xaf, 0xff, 0xf4, 0x00,
    0x00, 0x0a, 0xf8, 0xaf, 0x8b, 0xfe, 0x20, 0x00, 0x0a, 0xf8, 0xaf, 0x81, 0xdf, 0xc1, 0x00, 0x0a,
    0xf8, 0xaf, 0x80, 0x2e, 0xfa, 0x00, 0x0a, 0xf8, 0xaf, 0x80, 0x05, 0xff, 0x70, 0x0a, 0xf8, 0xaf,
    0x80, 0x00, 0x8f, 0xf4, 0x0a, 0xf8, 0xaf, 0x80, 0x00, 0x0a, 0xfe, 0x2a, 0xf8, 0xaf, 0x80, 0x00,
    0x01, 0xdf, 0xda, 0xf8, 0xaf, 0x80, 0x00, 0x00, 0x2e, 0xff, 0xf8, 0xaf, 0x80, 0x00, 0x00, 0x04,
    0xff, 0xf8, 0xaf, 0x80, 0x00, 0x00, 0x00, 0x7f, 0xf8, 0xaf, 0x80, 0x00, 0x00, 0x00, 0x0a, 0xf8,
    0x00, 0x00, 0x00, 0x00, 0x00, 0x00, 0x00, 0x00, 0x00, 0x00, 0x20, 0x00, 0x00, 0x00, 0x00, 0x00,
    0x06, 0xf9, 0x00, 0x00, 0x00, 0x00, 0x00, 0x04, 0xf9, 0x00, 0x00, 0x00, 0x00, 0x00, 0x01, 0xf3,
    0x00, 0x00, 0x00, 0x00, 0x00, 0x02, 0x80, 0x00, 0x00, 0x00,

    /* U+0146 LATIN SMALL LETTER N WITH CEDILLA */
    0xaa, 0x02, 0x8b, 0xb9, 0x40, 0x00, 0xff, 0x6f, 0xff, 0xff, 0xfa, 0x00, 0xff, 0xfc, 0x52, 0x38,
    0xff, 0x60, 0xff, 0xc0, 0x00, 0x00, 0x8f, 0xc0, 0xff, 0x50, 0x00, 0x00, 0x3f, 0xf0, 0xff, 0x30,
    0x00, 0x00, 0x1f, 0xf1, 0xff, 0x20, 0x00, 0x00, 0x0f, 0xf1, 0xff, 0x20, 0x00, 0x00, 0x0f, 0xf1,
    0xff, 0x20, 0x00, 0x00, 0x0f, 0xf1, 0xff, 0x20, 0x00, 0x00, 0x0f, 0xf1, 0xff, 0x20, 0x00, 0x00,
    0x0f, 0xf1, 0xff, 0x20, 0x00, 0x00, 0x0f, 0xf1, 0x00, 0x00, 0x00, 0x00, 0x00, 0x00, 0x00, 0x00,
    0x02, 0x00, 0x00, 0x00, 0x00, 0x00, 0x6f, 0x90, 0x00, 0x00, 0x00, 0x00, 0x4f, 0x90, 0x00, 0x00,
    0x00, 0x00, 0x1f, 0x30, 0x00, 0x00, 0x00, 0x00, 0x28, 0x00, 0x00, 0x00,

    /* U+0147 LATIN CAPITAL LETTER N WITH CARON */
    0x00, 0x13, 0x20, 0x00, 0x23, 0x10, 0x00, 0x00, 0x09, 0xf7, 0x04, 0xeb, 0x10, 0x00, 0x00, 0x00,
    0x9f, 0xff, 0xb1, 0x00, 0x00, 0x00, 0x00, 0x08, 0xca, 0x00, 0x00, 0x00, 0x46, 0x20, 0x00, 0x00,
    0x00, 0x04, 0x63, 0xaf, 0xc1, 0x00, 0x00, 0x00, 0x0a, 0xf8, 0xaf, 0xfa, 0x00, 0x00, 0x00, 0x0a,
    0xf8, 0xaf, 0xff, 0x70, 0x00, 0x00, 0x0a, 0xf8, 0xaf, 0xff, 0xf4, 0x00, 0x00, 0x0a, 0xf8, 0xaf,
    0x8b, 0xfe, 0x20, 0x00, 0x0a, 0xf8, 0xaf, 0x81, 0xdf, 0xc1, 0x00, 0x0a, 0xf8, 0xaf, 0x80, 0x2e,
    0xfa, 0x00, 0x0a, 0xf8, 0xaf, 0x80, 0x05, 0xff, 0x70, 0x0a, 0xf8, 0xaf, 0x80, 0x00, 0x8f, 0xf4,
    0x0a, 0xf8, 0xaf, 0x80, 0x00, 0x0a, 0xfe, 0x2a, 0xf8, 0xaf, 0x80, 0x00, 0x01, 0xdf, 0xda, 0xf8,
    0xaf, 0x80, 0x00, 0x00, 0x2e, 0xff, 0xf8, 0xaf, 0x80, 0x00, 0x00, 0x04, 0xff, 0xf8, 0xaf, 0x80,
    0x00, 0x00, 0x00, 0x7f, 0xf8, 0xaf, 0x80, 0x00, 0x00, 0x00, 0x0a, 0xf8,

    /* U+0148 LATIN SMALL LETTER N WITH CARON */
    0x01, 0x32, 0x00, 0x02, 0x31, 0x00, 0x00, 0x9f, 0x70, 0x4e, 0xb1, 0x00, 0x00, 0x09, 0xff, 0xfb,
    0x10, 0x00, 0x00, 0x00, 0x8c, 0xa0, 0x00, 0x00, 0x00, 0x00, 0x00, 0x00, 0x00, 0x00, 0xaa, 0x02,
    0x8b, 0xb9, 0x40, 0x00, 0xff, 0x6f, 0xff, 0xff, 0xfa, 0x00, 0xff, 0xfc, 0x52, 0x38, 0xff, 0x60,
    0xff, 0xc0, 0x00, 0x00, 0x8f, 0xc0, 0xff, 0x50, 0x00, 0x00, 0x3f, 0xf0, 0xff, 0x30, 0x00, 0x00,
    0x1f, 0xf1, 0xff, 0x20, 0x00, 0x00, 0x0f, 0xf1, 0xff, 0x20, 0x00, 0x00, 0x0f, 0xf1, 0xff, 0x20,
    0x00, 0x00, 0x0f, 0xf1, 0xff, 0x20, 0x00, 0x00, 0x0f, 0xf1, 0xff, 0x20, 0x00, 0x00, 0x0f, 0xf1,
    0xff, 0x20, 0x00, 0x00, 0x0f, 0xf1,

    /* U+0149 LATIN SMALL LETTER N PRECEDED BY APOSTROPHE */
    0x26, 0x20, 0x00, 0x00, 0x00, 0x00, 0x00, 0x0c, 0xfc, 0x00, 0x00, 0x00, 0x00, 0x00, 0x00, 0xcf,
    0xe0, 0x00, 0x00, 0x00, 0x00, 0x00, 0x03, 0xf9, 0x00, 0x00, 0x00, 0x00, 0x00, 0x00, 0x5f, 0x40,
    0x00, 0x00, 0x00, 0x00, 0x00, 0x08, 0xe0, 0xaa, 0x02, 0x8b, 0xb9, 0x40, 0x00, 0x87, 0x0f, 0xf6,
    0xff, 0xff, 0xff, 0xa0, 0x00, 0x00, 0xff, 0xfc, 0x52, 0x38, 0xff, 0x60, 0x00, 0x0f, 0xfc, 0x00,
    0x00, 0x08, 0xfc, 0x00, 0x00, 0xff, 0x50, 0x00, 0x00, 0x3f, 0xf0, 0x00, 0x0f, 0xf3, 0x00, 0x00,
    0x01, 0xff, 0x10, 0x00, 0xff, 0x20, 0x00, 0x00, 0x0f, 0xf1, 0x00, 0x0f, 0xf2, 0x00, 0x00, 0x00,
    0xff, 0x10, 0x00, 0xff, 0x20, 0x00, 0x00, 0x0f, 0xf1, 0x00, 0x0f, 0xf2, 0x00, 0x00, 0x00, 0xff,
    0x10, 0x00, 0xff, 0x20, 0x00, 0x00, 0x0f, 0xf1, 0x00, 0x0f, 0xf2, 0x00, 0x00, 0x00, 0xff, 0x10,

    /* U+014A LATIN CAPITAL LETTER ENG */
    0x46, 0x20, 0x00, 0x00, 0x00, 0x04, 0x63, 0xaf, 0xc1, 0x00, 0x00, 0x00, 0x0a, 0xf8, 0xaf, 0xfa,
    0x00, 0x00, 0x00, 0x0a, 0xf8, 0xaf, 0xff, 0x70, 0x00, 0x00, 0x0a, 0xf8, 0xaf, 0xff, 0xf4, 0x00,
    0x00, 0x0a, 0xf8, 0xaf, 0x8b, 0xfe, 0x20, 0x00, 0x0a, 0xf8, 0xaf, 0x81, 0xdf, 0xc1, 0x00, 0x0a,
    0xf8, 0xaf, 0x80, 0x2e, 0xfa, 0x00, 0x0a, 0xf8, 0xaf, 0x80, 0x05, 0xff, 0x70, 0x0a, 0xf8, 0xaf,
    0x80, 0x00, 0x8f, 0xf4, 0x0a, 0xf8, 0xaf, 0x80, 0x00, 0x0a, 0xfe, 0x2a, 0xf8, 0xaf, 0x80, 0x00,
    0x01, 0xdf, 0xda, 0xf8, 0xaf, 0x80, 0x00, 0x00, 0x2e, 0xff, 0xf8, 0xaf, 0x80, 0x00, 0x00, 0x04,
    0xff, 0xf8, 0xaf, 0x80, 0x00, 0x00, 0x00, 0x7f, 0xf8, 0xaf, 0x80, 0x00, 0x00, 0x00, 0x0f, 0xf8,
    0x00, 0x00, 0x00, 0x00, 0x00, 0x0c, 0xf6, 0x00, 0x00, 0x06, 0x50, 0x00, 0x3f, 0xf3, 0x00, 0x00,
    0x1e, 0xfb, 0x89, 0xef, 0xb0, 0x00, 0x00, 0x04, 0xdf, 0xff, 0xfb, 0x10, 0x00, 0x00, 0x00, 0x03,
    0x55, 0x20, 0x00,

    /* U+014B LATIN SMALL LETTER ENG */
    0xaa, 0x02, 0x8b, 0xb9, 0x40, 0x00, 0xff, 0x6f, 0xff, 0xff, 0xfa, 0x00, 0xff, 0xfc, 0x52, 0x38,
    0xff, 0x60, 0xff, 0xc0, 0x00, 0x00, 0x8f, 0xc0, 0xff, 0x50, 0x00, 0x00, 0x3f, 0xf0, 0xff, 0x30,
    0x00, 0x00, 0x1f, 0xf1, 0xff, 0x20, 0x00, 0x00, 0x0f, 0xf1, 0xff, 0x20, 0x00, 0x00, 0x0f, 0xf1,
    0xff, 0x20, 0x00, 0x00, 0x0f, 0xf1, 0xff, 0x20, 0x00, 0x00, 0x0f, 0xf1, 0xff, 0x20, 0x00, 0x00,
    0x0f, 0xf1, 0xff, 0x20, 0x00, 0x00, 0x0f, 0xf1, 0x00, 0x00, 0x00, 0x00, 0x1f, 0xf1, 0x00, 0x00,
    0x00, 0x00, 0x3f, 0xe0, 0x00, 0x00, 0x09, 0x87, 0xdf, 0x90, 0x00, 0x00, 0x1e, 0xff, 0xfc, 0x10,
    0x00, 0x00, 0x01, 0x46, 0x40, 0x00,

    /* U+014C LATIN CAPITAL LETTER O WITH MACRON */
    0x00, 0x00, 0x07, 0x77, 0x77, 0x77, 0x10, 0x00, 0x00, 0x00, 0x00, 0xdd, 0xdd, 0xdd, 0xd2, 0x00,
    0x00, 0x00, 0x00, 0x00, 0x00, 0x00, 0x00, 0x00, 0x00, 0x00, 0x00, 0x00, 0x26, 0x88, 0x74, 0x00,
    0x00, 0x00, 0x00, 0x03, 0xbf, 0xff, 0xff, 0xfe, 0x70, 0x00, 0x00, 0x06, 0xff, 0xea, 0x76, 0x8c,
    0xff, 0xc1, 0x00, 0x05, 0xff, 0xa1, 0x00, 0x00, 0x05, 0xef, 0xc0, 0x01, 0xef, 0x90, 0x00, 0x00,
    0x00, 0x03, 0xef, 0x70, 0x6f, 0xe1, 0x00, 0x00, 0x00, 0x00, 0x07, 0xfe, 0x0b, 0xf8, 0x00, 0x00,
    0x00, 0x00, 0x00, 0x1f, 0xf3, 0xdf, 0x50, 0x00, 0x00, 0x00, 0x00, 0x00, 0xdf, 0x5e, 0xf4, 0x00,
    0x00, 0x00, 0x00, 0x00, 0x0c, 0xf6, 0xcf, 0x60, 0x00, 0x00, 0x00, 0x00, 0x00, 0xef, 0x59, 0xfa,
    0x00, 0x00, 0x00, 0x00, 0x00, 0x3f, 0xf2, 0x4f, 0xf3, 0x00, 0x00, 0x00, 0x00, 0x0a, 0xfb, 0x00,
    0xbf, 0xd2, 0x00, 0x00, 0x00, 0x08, 0xff, 0x30, 0x01, 0xdf, 0xe6, 0x10, 0x00, 0x3a, 0xff, 0x70,
    0x00, 0x02, 0xcf, 0xff, 0xdc, 0xef, 0xff, 0x60, 0x00, 0x00, 0x00, 0x5b, 0xff, 0xff, 0xd8, 0x20,
    0x00, 0x00, 0x00, 0x00, 0x00, 0x22, 0x10, 0x00, 0x00, 0x00,

    /* U+014D LATIN SMALL LETTER O WITH MACRON */
    0x00, 0x07, 0x77, 0x77, 0x77, 0x10, 0x00, 0x00, 0xdd, 0xdd, 0xdd, 0xd2, 0x00, 0x00, 0x00, 0x00,
    0x00, 0x00, 0x00, 0x00, 0x00, 0x00, 0x00, 0x00, 0x00, 0x00, 0x00, 0x00, 0x49, 0xbb, 0x94, 0x00,
    0x00, 0x01, 0xbf, 0xff, 0xff, 0xfb, 0x10, 0x00, 0xcf, 0xd6, 0x22, 0x6d, 0xfc, 0x00, 0x7f, 0xd1,
    0x00, 0x00, 0x1d, 0xf6, 0x0d, 0xf6, 0x00, 0x00, 0x00, 0x6f, 0xc0, 0xff, 0x20, 0x00, 0x00, 0x02,
    0xfe, 0x1f, 0xf1, 0x00, 0x00, 0x00, 0x2f, 0xf0, 0xef, 0x40, 0x00, 0x00, 0x04, 0xfd, 0x09, 0xfb,
    0x00, 0x00, 0x00, 0xbf, 0x90, 0x2e, 0xf9, 0x10, 0x01, 0x9f, 0xe2, 0x00, 0x4e, 0xfe, 0xcc, 0xff,
    0xe4, 0x00, 0x00, 0x29, 0xef, 0xfe, 0x92, 0x00, 0x00, 0x00, 0x00, 0x11, 0x00, 0x00, 0x00,

    /* U+014E LATIN CAPITAL LETTER O WITH BREVE */
    0x00, 0x00, 0x03, 0x20, 0x00, 0x13, 0x00, 0x00, 0x00, 0x00, 0x00, 0xcb, 0x00, 0x08, 0xf0, 0x00,
    0x00, 0x00, 0x00, 0x04, 0xfb, 0x7a, 0xf7, 0x00, 0x00, 0x00, 0x00, 0x00, 0x03, 0x9b, 0xa4, 0x00,
    0x00, 0x00, 0x00, 0x00, 0x00, 0x00, 0x00, 0x00, 0x00, 0x00, 0x00, 0x00, 0x00, 0x26, 0x88, 0x74,
    0x00, 0x00, 0x00, 0x00, 0x03, 0xbf, 0xff, 0xff, 0xfe, 0x70, 0x00, 0x00, 0x06, 0xff, 0xea, 0x76,
    0x8c, 0xff, 0xc1, 0x00, 0x05, 0xff, 0xa1, 0x00, 0x00, 0x05, 0xef, 0xc0, 0x01, 0xef, 0x90, 0x00,
    0x00, 0x00, 0x03, 0xef, 0x70, 0x6f, 0xe1, 0x00, 0x00, 0x00, 0x00, 0x07, 0xfe, 0x0b, 0xf8, 0x00,
    0x00, 0x00, 0x00, 0x00, 0x1f, 0xf3, 0xdf, 0x50, 0x00, 0x00, 0x00, 0x00, 0x00, 0xdf, 0x5e, 0xf4,
    0x00, 0x00, 0x00, 0x00, 0x00, 0x0c, 0xf6, 0xcf, 0x60, 0x00, 0x00, 0x00, 0x00, 0x00, 0xef, 0x59,
    0xfa, 0x00, 0x00, 0x00, 0x00, 0x00, 0x3f, 0xf2, 0x4f, 0xf3, 0x00, 0x00, 0x00, 0x00, 0x0a, 0xfb,
    0x00, 0xbf, 0xd2, 0x00, 0x00, 0x00, 0x08, 0xff, 0x30, 0x01, 0xdf, 0xe6, 0x10, 0x00, 0x3a, 0xff,
    0x70, 0x00, 0x02, 0xcf, 0xff, 0xdc, 0xef, 0xff, 0x60, 0x00, 0x00, 0x00, 0x5b, 0xff, 0xff, 0xd8,
    0x20, 0x00, 0x00, 0x00, 0x00, 0x00, 0x22, 0x10, 0x00, 0x00, 0x00,

    /* U+014F LATIN SMALL LETTER O WITH BREVE */
    0x00, 0x03, 0x20, 0x00, 0x13, 0x00, 0x00, 0x00, 0xcb, 0x00, 0x08, 0xf0, 0x00, 0x00, 0x04, 0xfb,
    0x7a, 0xf7, 0x00, 0x00, 0x00, 0x03, 0x9b, 0xa4, 0x00, 0x00, 0x00, 0x00, 0x00, 0x00, 0x00, 0x00,
    0x00, 0x00, 0x04, 0x9b, 0xb9, 0x40, 0x00, 0x00, 0x1b, 0xff, 0xff, 0xff, 0xb1, 0x00, 0x0c, 0xfd,
    0x62, 0x26, 0xdf, 0xc0, 0x07, 0xfd, 0x10, 0x00, 0x01, 0xdf, 0x60, 0xdf, 0x60, 0x00, 0x00, 0x06,
    0xfc, 0x0f, 0xf2, 0x00, 0x00, 0x00, 0x2f, 0xe1, 0xff, 0x10, 0x00, 0x00, 0x02, 0xff, 0x0e, 0xf4,
    0x00, 0x00, 0x00, 0x4f, 0xd0, 0x9f, 0xb0, 0x00, 0x00, 0x0b, 0xf9, 0x02, 0xef, 0x91, 0x00, 0x19,
    0xfe, 0x20, 0x04, 0xef, 0xec, 0xcf, 0xfe, 0x40, 0x00, 0x02, 0x9e, 0xff, 0xe9, 0x20, 0x00, 0x00,
    0x00, 0x01, 0x10, 0x00, 0x00,

    /* U+0150 LATIN CAPITAL LETTER O WITH DOUBLE ACUTE */
    0x00, 0x00, 0x00, 0x01, 0x33, 0x02, 0x32, 0x00, 0x00, 0x00, 0x00, 0x00, 0xbf, 0x61, 0xdf, 0x40,
    0x00, 0x00, 0x00, 0x00, 0x6f, 0x80, 0x9f, 0x60, 0x00, 0x00, 0x00, 0x00, 0x09, 0x80, 0x2a, 0x60,
    0x00, 0x00, 0x00, 0x00, 0x02, 0x68, 0x87, 0x40, 0x00, 0x00, 0x00, 0x00, 0x3b, 0xff, 0xff, 0xff,
    0xe7, 0x00, 0x00, 0x00, 0x6f, 0xfe, 0xa7, 0x68, 0xcf, 0xfc, 0x10, 0x00, 0x5f, 0xfa, 0x10, 0x00,
    0x00, 0x5e, 0xfc, 0x00, 0x1e, 0xf9, 0x00, 0x00, 0x00, 0x00, 0x3e, 0xf7, 0x06, 0xfe, 0x10, 0x00,
    0x00, 0x00, 0x00, 0x7f, 0xe0, 0xbf, 0x80, 0x00, 0x00, 0x00, 0x00, 0x01, 0xff, 0x3d, 0xf5, 0x00,
    0x00, 0x00, 0x00, 0x00, 0x0d, 0xf5, 0xef, 0x40, 0x00, 0x00, 0x00, 0x00, 0x00, 0xcf, 0x6c, 0xf6,
    0x00, 0x00, 0x00, 0x00, 0x00, 0x0e, 0xf5, 0x9f, 0xa0, 0x00, 0x00, 0x00, 0x00, 0x03, 0xff, 0x24,
    0xff, 0x30, 0x00, 0x00, 0x00, 0x00, 0xaf, 0xb0, 0x0b, 0xfd, 0x20, 0x00, 0x00, 0x00, 0x8f, 0xf3,
    0x00, 0x1d, 0xfe, 0x61, 0x00, 0x03, 0xaf, 0xf7, 0x00, 0x00, 0x2c, 0xff, 0xfd, 0xce, 0xff, 0xf6,
    0x00, 0x00, 0x00, 0x05, 0xbf, 0xff, 0xfd, 0x82, 0x00, 0x00, 0x00, 0x00, 0x00, 0x02, 0x21, 0x00,
    0x00, 0x00, 0x00,

    /* U+0151 LATIN SMALL LETTER O WITH DOUBLE ACUTE */
    0x00, 0x00, 0x01, 0x33, 0x02, 0x32, 0x00, 0x00, 0x00, 0xbf, 0x61, 0xdf, 0x40, 0x00, 0x00, 0x6f,
    0x80, 0x9f, 0x60, 0x00, 0x00, 0x09, 0x80, 0x2a, 0x60, 0x00, 0x00, 0x00, 0x00, 0x00, 0x00, 0x00,
    0x00, 0x00, 0x04, 0x9b, 0xb9, 0x40, 0x00, 0x00, 0x1b, 0xff, 0xff, 0xff, 0xb1, 0x00, 0x0c, 0xfd,
    0x62, 0x26, 0xdf, 0xc0, 0x07, 0xfd, 0x10, 0x00, 0x01, 0xdf, 0x60, 0xdf, 0x60, 0x00, 0x00, 0x06,
    0xfc, 0x0f, 0xf2, 0x00, 0x00, 0x00, 0x2f, 0xe1, 0xff, 0x10, 0x00, 0x00, 0x02, 0xff, 0x0e, 0xf4,
    0x00, 0x00, 0x00, 0x4f, 0xd0, 0x9f, 0xb0, 0x00, 0x00, 0x0b, 0xf9, 0x02, 0xef, 0x91, 0x00, 0x19,
    0xfe, 0x20, 0x04, 0xef, 0xec, 0xcf, 0xfe, 0x40, 0x00, 0x02, 0x9e, 0xff, 0xe9, 0x20, 0x00, 0x00,
    0x00, 0x01, 0x10, 0x00, 0x00,

    /* U+0152 LATIN CAPITAL LIGATURE OE */
    0x00, 0x00, 0x00, 0x35, 0x66, 0x6a, 0x66, 0x66, 0x66, 0x66, 0x66, 0x10, 0x00, 0x29, 0xef, 0xff,
    0xff, 0xff, 0xff, 0xff, 0xff, 0xff, 0xf3, 0x00, 0x5e, 0xff, 0xc9, 0x88, 0x8f, 0xfc, 0x88, 0x88,
    0x88, 0x88, 0x20, 0x4f, 0xfb, 0x20, 0x00, 0x00, 0xaf, 0x80, 0x00, 0x00, 0x00, 0x00, 0x1e, 0xfa,
    0x00, 0x00, 0x00, 0x0a, 0xf8, 0x00, 0x00, 0x00, 0x00, 0x07, 0xfe, 0x10, 0x00, 0x00, 0x00, 0xaf,
    0x80, 0x00, 0x00, 0x00, 0x00, 0xbf, 0x80, 0x00, 0x00, 0x00, 0x0a, 0xf8, 0x00, 0x00, 0x00, 0x00,
    0x0d, 0xf5, 0x00, 0x00, 0x00, 0x00, 0xaf, 0xfb, 0xbb, 0xbb, 0xbb, 0x30, 0xef, 0x40, 0x00, 0x00,
    0x00, 0x0a, 0xff, 0xff, 0xff, 0xff, 0xf4, 0x0d, 0xf6, 0x00, 0x00, 0x00, 0x00, 0xaf, 0x92, 0x22,
    0x22, 0x22, 0x00, 0xaf, 0xa0, 0x00, 0x00, 0x00, 0x0a, 0xf8, 0x00, 0x00, 0x00, 0x00, 0x04, 0xff,
    0x30, 0x00, 0x00, 0x00, 0xaf, 0x80, 0x00, 0x00, 0x00, 0x00, 0x0b, 0xfd, 0x20, 0x00, 0x00, 0x0a,
    0xf8, 0x00, 0x00, 0x00, 0x00, 0x00, 0x1d, 0xfe, 0x83, 0x00, 0x00, 0xaf, 0x80, 0x00, 0x00, 0x00,
    0x00, 0x00, 0x1a, 0xff, 0xff, 0xee, 0xef, 0xfe, 0xee, 0xee, 0xee, 0xee, 0x70, 0x00, 0x03, 0x8c,
    0xef, 0xff, 0xff, 0xff, 0xff, 0xff, 0xff, 0xf8,

    /* U+0153 LATIN SMALL LIGATURE OE */
    0x00, 0x00, 0x49, 0xbb, 0x94, 0x00, 0x00, 0x59, 0xba, 0x82, 0x00, 0x00, 0x01, 0xbf, 0xff, 0xff,
    0xfa, 0x11, 0xbf, 0xff, 0xff, 0xf6, 0x00, 0x00, 0xcf, 0xd6, 0x22, 0x6d, 0xfa, 0xcf, 0xb4, 0x12,
    0x6e, 0xf5, 0x00, 0x7f, 0xd1, 0x00, 0x00, 0x1d, 0xff, 0xc0, 0x00, 0x00, 0x4f, 0xe0, 0x0d, 0xf6,
    0x00, 0x00, 0x00, 0x6f, 0xf4, 0x00, 0x00, 0x00, 0xaf, 0x40, 0xff, 0x20, 0x00, 0x00, 0x02, 0xff,
    0xba, 0xaa, 0xaa, 0xaf, 0xf7, 0x1f, 0xf1, 0x00, 0x00, 0x00, 0x2f, 0xfe, 0xdd, 0xdd, 0xdd, 0xdd,
    0x70, 0xef, 0x40, 0x00, 0x00, 0x04, 0xff, 0x30, 0x00, 0x00, 0x00, 0x00, 0x09, 0xfb, 0x00, 0x00,
    0x00, 0xbf, 0xfa, 0x00, 0x00, 0x00, 0x00, 0x00, 0x2e, 0xf9, 0x10, 0x01, 0x9f, 0xee, 0xf9, 0x10,
    0x00, 0x4d, 0x30, 0x00, 0x4e, 0xfe, 0xcc, 0xff, 0xe3, 0x3e, 0xff, 0xcb, 0xdf, 0xf7, 0x00, 0x00,
    0x29, 0xef, 0xfe, 0x91, 0x00, 0x29, 0xef, 0xff, 0xb4, 0x00, 0x00, 0x00, 0x00, 0x11, 0x00, 0x00,
    0x00, 0x00, 0x11, 0x00, 0x00, 0x00,

    /* U+0154 LATIN CAPITAL LETTER R WITH ACUTE */
    0x00, 0x00, 0x00, 0x13, 0x32, 0x00, 0x00, 0x00, 0x00, 0x1b, 0xfa, 0x10, 0x00, 0x00, 0x00, 0x1c,
    0xf6, 0x00, 0x00, 0x00, 0x00, 0x07, 0xa3, 0x00, 0x00, 0x00, 0x46, 0x66, 0x66, 0x65, 0x20, 0x00,
    0x0a, 0xff, 0xff, 0xff, 0xff, 0xd5, 0x00, 0xaf, 0xf8, 0x88, 0x89, 0xdf, 0xf7, 0x0a, 0xf8, 0x00,
    0x00, 0x00, 0x7f, 0xf3, 0xaf, 0x80, 0x00, 0x00, 0x00, 0xbf, 0x8a, 0xf8, 0x00, 0x00, 0x00, 0x07,
    0xfb, 0xaf, 0x80, 0x00, 0x00, 0x00, 0x8f, 0xaa, 0xf8, 0x00, 0x00, 0x00, 0x0c, 0xf8, 0xaf, 0x80,
    0x00, 0x00, 0x08, 0xff, 0x2a, 0xff, 0x88, 0x88, 0xae, 0xff, 0x60, 0xaf, 0xff, 0xff, 0xff, 0xfd,
    0x30, 0x0a, 0xfc, 0x55, 0x54, 0xbf, 0xc0, 0x00, 0xaf, 0x80, 0x00, 0x00, 0xcf, 0x80, 0x0a, 0xf8,
    0x00, 0x00, 0x03, 0xff, 0x40, 0xaf, 0x80, 0x00, 0x00, 0x07, 0xfd, 0x1a, 0xf8, 0x00, 0x00, 0x00,
    0x0b, 0xfa,

    /* U+0155 LATIN SMALL LETTER R WITH ACUTE */
    0x00, 0x00, 0x13, 0x32, 0x00, 0x01, 0xbf, 0xa1, 0x00, 0x1c, 0xf6, 0x00, 0x00, 0x7a, 0x30, 0x00,
    0x00, 0x00, 0x00, 0x00, 0xaa, 0x02, 0x8b, 0x30, 0xff, 0x6f, 0xff, 0x40, 0xff, 0xfd, 0x74, 0x10,
    0xff, 0xe1, 0x00, 0x00, 0xff, 0x60, 0x00, 0x00, 0xff, 0x30, 0x00, 0x00, 0xff, 0x20, 0x00, 0x00,
    0xff, 0x20, 0x00, 0x00, 0xff, 0x20, 0x00, 0x00, 0xff, 0x20, 0x00, 0x00, 0xff, 0x20, 0x00, 0x00,
    0xff, 0x20, 0x00, 0x00,

    /* U+0156 LATIN CAPITAL LETTER R WITH CEDILLA */
    0x46, 0x66, 0x66, 0x65, 0x20, 0x00, 0x0a, 0xff, 0xff, 0xff, 0xff, 0xd5, 0x00, 0xaf, 0xf8, 0x88,
    0x89, 0xdf, 0xf7, 0x0a, 0xf8, 0x00, 0x00, 0x00, 0x7f, 0xf3, 0xaf, 0x80, 0x00, 0x00, 0x00, 0xbf,
    0x8a, 0xf8, 0x00, 0x00, 0x00, 0x07, 0xfb, 0xaf, 0x80, 0x00, 0x00, 0x00, 0x8f, 0xaa, 0xf8, 0x00,
    0x00, 0x00, 0x0c, 0xf8, 0xaf, 0x80, 0x00, 0x00, 0x08, 0xff, 0x2a, 0xff, 0x88, 0x88, 0xae, 0xff,
    0x60, 0xaf, 0xff, 0xff, 0xff, 0xfd, 0x30, 0x0a, 0xfc, 0x55, 0x54, 0xbf, 0xc0, 0x00, 0xaf, 0x80,
    0x00, 0x00, 0xcf, 0x80, 0x0a, 0xf8, 0x00, 0x00, 0x03, 0xff, 0x40, 0xaf, 0x80, 0x00, 0x00, 0x07,
    0xfd, 0x1a, 0xf8, 0x00, 0x00, 0x00, 0x0b, 0xfa, 0x00, 0x00, 0x00, 0x00, 0x00, 0x00, 0x00, 0x00,
    0x00, 0x20, 0x00, 0x00, 0x00, 0x00, 0x00, 0x6f, 0x90, 0x00, 0x00, 0x00, 0x00, 0x04, 0xf9, 0x00,
    0x00, 0x00, 0x00, 0x00, 0x1f, 0x30, 0x00, 0x00, 0x00, 0x00, 0x02, 0x80, 0x00, 0x00, 0x00,

    /* U+0157 LATIN SMALL LETTER R WITH CEDILLA */
    0xaa, 0x02, 0x8b, 0x3f, 0xf6, 0xff, 0xf4, 0xff, 0xfd, 0x74, 0x1f, 0xfe, 0x10, 0x00, 0xff, 0x60,
    0x00, 0x0f, 0xf3, 0x00, 0x00, 0xff, 0x20, 0x00, 0x0f, 0xf2, 0x00, 0x00, 0xff, 0x20, 0x00, 0x0f,
    0xf2, 0x00, 0x00, 0xff, 0x20, 0x00, 0x0f, 0xf2, 0x00, 0x00, 0x00, 0x00, 0x00, 0x00, 0x20, 0x00,
    0x00, 0x6f, 0x90, 0x00, 0x04, 0xf9, 0x00, 0x00, 0x1f, 0x30, 0x00, 0x02, 0x80, 0x00, 0x00,

    /* U+0158 LATIN CAPITAL LETTER R WITH CARON */
    0x01, 0x32, 0x00, 0x02, 0x31, 0x00, 0x00, 0x09, 0xf7, 0x04, 0xeb, 0x10, 0x00, 0x00, 0x09, 0xff,
    0xfb, 0x10, 0x00, 0x00, 0x00, 0x08, 0xca, 0x00, 0x00, 0x00, 0x46, 0x66, 0x66, 0x65, 0x20, 0x00,
    0x0a, 0xff, 0xff, 0xff, 0xff, 0xd5, 0x00, 0xaf, 0xf8, 0x88, 0x89, 0xdf, 0xf7, 0x0a, 0xf8, 0x00,
    0x00, 0x00, 0x7f, 0xf3, 0xaf, 0x80, 0x00, 0x00, 0x00, 0xbf, 0x8a, 0xf8, 0x00, 0x00, 0x00, 0x07,
    0xfb, 0xaf, 0x80, 0x00, 0x00, 0x00, 0x8f, 0xaa, 0xf8, 0x00, 0x00, 0x00, 0x0c, 0xf8, 0xaf, 0x80,
    0x00, 0x00, 0x08, 0xff, 0x2a, 0xff, 0x88, 0x88, 0xae, 0xff, 0x60, 0xaf, 0xff, 0xff, 0xff, 0xfd,
    0x30, 0x0a, 0xfc, 0x55, 0x54, 0xbf, 0xc0, 0x00, 0xaf, 0x80, 0x00, 0x00, 0xcf, 0x80, 0x0a, 0xf8,
    0x00, 0x00, 0x03, 0xff, 0x40, 0xaf, 0x80, 0x00, 0x00, 0x07, 0xfd, 0x1a, 0xf8, 0x00, 0x00, 0x00,
    0x0b, 0xfa,

    /* U+0159 LATIN SMALL LETTER R WITH CARON */
    0x13, 0x20, 0x00, 0x23, 0x10, 0x9f, 0x70, 0x4e, 0xb1, 0x00, 0x9f, 0xff, 0xb1, 0x00, 0x00, 0x8c,
    0xa0, 0x00, 0x00, 0x00, 0x00, 0x00, 0x00, 0xaa, 0x02, 0x8b, 0x30, 0x0f, 0xf6, 0xff, 0xf4, 0x00,
    0xff, 0xfd, 0x74, 0x10, 0x0f, 0xfe, 0x10, 0x00, 0x00, 0xff, 0x60, 0x00, 0x00, 0x0f, 0xf3, 0x00,
    0x00, 0x00, 0xff, 0x20, 0x00, 0x00, 0x0f, 0xf2, 0x00, 0x00, 0x00, 0xff, 0x20, 0x00, 0x00, 0x0f,
    0xf2, 0x00, 0x00, 0x00, 0xff, 0x20, 0x00, 0x00, 0x0f, 0xf2, 0x00, 0x00, 0x00,

    /* U+015A LATIN CAPITAL LETTER S WITH ACUTE */
    0x00, 0x00, 0x00, 0x13, 0x32, 0x00, 0x00, 0x00, 0x01, 0xbf, 0xa1, 0x00, 0x00, 0x00, 0x1c, 0xf6,
    0x00, 0x00, 0x00, 0x00, 0x7a, 0x30, 0x00, 0x00, 0x00, 0x03, 0x68, 0x87, 0x40, 0x00, 0x02, 0xbf,
    0xff, 0xff, 0xfe, 0x80, 0x1d, 0xfd, 0x85, 0x57, 0xaf, 0xc0, 0x7f, 0xc1, 0x00, 0x00, 0x01, 0x30,
    0xaf, 0x70, 0x00, 0x00, 0x00, 0x00, 0xaf, 0xa0, 0x00, 0x00, 0x00, 0x00, 0x5f, 0xf9, 0x20, 0x00,
    0x00, 0x00, 0x09, 0xff, 0xfd, 0x95, 0x10, 0x00, 0x00, 0x4a, 0xef, 0xff, 0xe9, 0x10, 0x00, 0x00,
    0x04, 0x8c, 0xff, 0xd1, 0x00, 0x00, 0x00, 0x00, 0x4e, 0xf8, 0x00, 0x00, 0x00, 0x00, 0x07, 0xfb,
    0x21, 0x00, 0x00, 0x00, 0x08, 0xfa, 0xbd, 0x61, 0x00, 0x00, 0x4e, 0xf5, 0xaf, 0xff, 0xcb, 0xbd,
    0xff, 0xa0, 0x04, 0xae, 0xff, 0xff, 0xc5, 0x00, 0x00, 0x00, 0x12, 0x20, 0x00, 0x00,

    /* U+015B LATIN SMALL LETTER S WITH ACUTE */
    0x00, 0x00, 0x00, 0x13, 0x32, 0x00, 0x00, 0x00, 0x1b, 0xfa, 0x10, 0x00, 0x00, 0x1c, 0xf6, 0x00,
    0x00, 0x00, 0x07, 0xa3, 0x00, 0x00, 0x00, 0x00, 0x00, 0x00, 0x00, 0x00, 0x01, 0x6a, 0xbb, 0x95,
    0x10, 0x03, 0xef, 0xff, 0xff, 0xfc, 0x00, 0xcf, 0xa3, 0x12, 0x49, 0x50, 0x1f, 0xf1, 0x00, 0x00,
    0x00, 0x00, 0xff, 0x70, 0x00, 0x00, 0x00, 0x07, 0xff, 0xeb, 0x85, 0x10, 0x00, 0x05, 0xbe, 0xff,
    0xfe, 0x60, 0x00, 0x00, 0x02, 0x5a, 0xff, 0x20, 0x00, 0x00, 0x00, 0x0c, 0xf5, 0x0a, 0x50, 0x00,
    0x02, 0xef, 0x34, 0xff, 0xec, 0xbc, 0xff, 0xb0, 0x05, 0xae, 0xff, 0xfd, 0x70, 0x00, 0x00, 0x01,
    0x21, 0x00, 0x00,

    /* U+015C LATIN CAPITAL LETTER S WITH CIRCUMFLEX */
    0x00, 0x00, 0x23, 0x20, 0x00, 0x00, 0x00, 0x03, 0xff, 0xf5, 0x00, 0x00, 0x00, 0x3e, 0xc3, 0xaf,
    0x60, 0x00, 0x01, 0x98, 0x10, 0x07, 0xa2, 0x00, 0x00, 0x03, 0x68, 0x87, 0x40, 0x00, 0x02, 0xbf,
    0xff, 0xff, 0xfe, 0x80, 0x1d, 0xfd, 0x85, 0x57, 0xaf, 0xc0, 0x7f, 0xc1, 0x00, 0x00, 0x01, 0x30,
    0xaf, 0x70, 0x00, 0x00, 0x00, 0x00, 0xaf, 0xa0, 0x00, 0x00, 0x00, 0x00, 0x5f, 0xf9, 0x20, 0x00,
    0x00, 0x00, 0x09, 0xff, 0xfd, 0x95, 0x10, 0x00, 0x00, 0x4a, 0xef, 0xff, 0xe9, 0x10, 0x00, 0x00,
    0x04, 0x8c, 0xff, 0xd1, 0x00, 0x00, 0x00, 0x00, 0x4e, 0xf8, 0x00, 0x00, 0x00, 0x00, 0x07, 0xfb,
    0x21, 0x00, 0x00, 0x00, 0x08, 0xfa, 0xbd, 0x61, 0x00, 0x00, 0x4e, 0xf5, 0xaf, 0xff, 0xcb, 0xbd,
    0xff, 0xa0, 0x04, 0xae, 0xff, 0xff, 0xc5, 0x00, 0x00, 0x00, 0x12, 0x20, 0x00, 0x00,

    /* U+015D LATIN SMALL LETTER S WITH CIRCUMFLEX */
    0x00, 0x00, 0x23, 0x20, 0x00, 0x00, 0x00, 0x3f, 0xff, 0x50, 0x00, 0x00, 0x3e, 0xc3, 0xaf, 0x60,
    0x00, 0x19, 0x81, 0x00, 0x7a, 0x20, 0x00, 0x00, 0x00, 0x00, 0x00, 0x00, 0x01, 0x6a, 0xbb, 0x95,
    0x10, 0x03, 0xef, 0xff, 0xff, 0xfc, 0x00, 0xcf, 0xa3, 0x12, 0x49, 0x50, 0x1f, 0xf1, 0x00, 0x00,
    0x00, 0x00, 0xff, 0x70, 0x00, 0x00, 0x00, 0x07, 0xff, 0xeb, 0x85, 0x10, 0x00, 0x05, 0xbe, 0xff,
    0xfe, 0x60, 0x00, 0x00, 0x02, 0x5a, 0xff, 0x20, 0x00, 0x00, 0x00, 0x0c, 0xf5, 0x0a, 0x50, 0x00,
    0x02, 0xef, 0x34, 0xff, 0xec, 0xbc, 0xff, 0xb0, 0x05, 0xae, 0xff, 0xfd, 0x70, 0x00, 0x00, 0x01,
    0x21, 0x00, 0x00,

    /* U+015E LATIN CAPITAL LETTER S WITH CEDILLA */
    0x00, 0x03, 0x68, 0x87, 0x40, 0x00, 0x02, 0xbf, 0xff, 0xff, 0xfe, 0x80, 0x1d, 0xfd, 0x85, 0x57,
    0xaf, 0xc0, 0x7f, 0xc1, 0x00, 0x00, 0x01, 0x30, 0xaf, 0x70, 0x00, 0x00, 0x00, 0x00, 0xaf, 0xa0,
    0x00, 0x00, 0x00, 0x00, 0x5f, 0xf9, 0x20, 0x00, 0x00, 0x00, 0x09, 0xff, 0xfd, 0x95, 0x10, 0x00,
    0x00, 0x4a, 0xef, 0xff, 0xe9, 0x10, 0x00, 0x00, 0x04, 0x8c, 0xff, 0xd1, 0x00, 0x00, 0x00, 0x00,
    0x4e, 0xf8, 0x00, 0x00, 0x00, 0x00, 0x07, 0xfb, 0x21, 0x00, 0x00, 0x00, 0x08, 0xfa, 0xbd, 0x61,
    0x00, 0x00, 0x4e, 0xf5, 0xaf, 0xff, 0xcb, 0xbd, 0xff, 0xa0, 0x04, 0xae, 0xff, 0xff, 0xc5, 0x00,
    0x00, 0x00, 0x4f, 0x20, 0x00, 0x00, 0x00, 0x00, 0x7f, 0xb2, 0x00, 0x00, 0x00, 0x00, 0x01, 0xda,
    0x00, 0x00, 0x00, 0x05, 0x55, 0xe9, 0x00, 0x00, 0x00, 0x08, 0xdd, 0x91, 0x00, 0x00,

    /* U+015F LATIN SMALL LETTER S WITH CEDILLA */
    0x00, 0x16, 0xab, 0xb9, 0x51, 0x00, 0x3e, 0xff, 0xff, 0xff, 0xc0, 0x0c, 0xfa, 0x31, 0x24, 0x95,
    0x01, 0xff, 0x10, 0x00, 0x00, 0x00, 0x0f, 0xf7, 0x00, 0x00, 0x00, 0x00, 0x7f, 0xfe, 0xb8, 0x51,
    0x00, 0x00, 0x5b, 0xef, 0xff, 0xe6, 0x00, 0x00, 0x00, 0x25, 0xaf, 0xf2, 0x00, 0x00, 0x00, 0x00,
    0xcf, 0x50, 0xa5, 0x00, 0x00, 0x2e, 0xf3, 0x4f, 0xfe, 0xcb, 0xcf, 0xfb, 0x00, 0x5a, 0xef, 0xff,
    0xd7, 0x00, 0x00, 0x00, 0x4f, 0x10, 0x00, 0x00, 0x00, 0x07, 0xfb, 0x20, 0x00, 0x00, 0x00, 0x01,
    0xda, 0x00, 0x00, 0x00, 0x55, 0x5e, 0x90, 0x00, 0x00, 0x08, 0xdd, 0x91, 0x00, 0x00,

    /* U+0160 LATIN CAPITAL LETTER S WITH CARON */
    0x01, 0x32, 0x00, 0x02, 0x31, 0x00, 0x00, 0x9f, 0x70, 0x4e, 0xb1, 0x00, 0x00, 0x09, 0xff, 0xfb,
    0x10, 0x00, 0x00, 0x00, 0x8c, 0xa0, 0x00, 0x00, 0x00, 0x03, 0x68, 0x87, 0x40, 0x00, 0x02, 0xbf,
    0xff, 0xff, 0xfe, 0x80, 0x1d, 0xfd, 0x85, 0x57, 0xaf, 0xc0, 0x7f, 0xc1, 0x00, 0x00, 0x01, 0x30,
    0xaf, 0x70, 0x00, 0x00, 0x00, 0x00, 0xaf, 0xa0, 0x00, 0x00, 0x00, 0x00, 0x5f, 0xf9, 0x20, 0x00,
    0x00, 0x00, 0x09, 0xff, 0xfd, 0x95, 0x10, 0x00, 0x00, 0x4a, 0xef, 0xff, 0xe9, 0x10, 0x00, 0x00,
    0x04, 0x8c, 0xff, 0xd1, 0x00, 0x00, 0x00, 0x00, 0x4e, 0xf8, 0x00, 0x00, 0x00, 0x00, 0x07, 0xfb,
    0x21, 0x00, 0x00, 0x00, 0x08, 0xfa, 0xbd, 0x61, 0x00, 0x00, 0x4e, 0xf5, 0xaf, 0xff, 0xcb, 0xbd,
    0xff, 0xa0, 0x04, 0xae, 0xff, 0xff, 0xc5, 0x00, 0x00, 0x00, 0x12, 0x20, 0x00, 0x00,

    /* U+0161 LATIN SMALL LETTER S WITH CARON */
    0x01, 0x32, 0x00, 0x02, 0x31, 0x00, 0x09, 0xf7, 0x04, 0xeb, 0x10, 0x00, 0x09, 0xff, 0xfb, 0x10,
    0x00, 0x00, 0x08, 0xca, 0x00, 0x00, 0x00, 0x00, 0x00, 0x00, 0x00, 0x00, 0x01, 0x6a, 0xbb, 0x95,
    0x10, 0x03, 0xef, 0xff, 0xff, 0xfc, 0x00, 0xcf, 0xa3, 0x12, 0x49, 0x50, 0x1f, 0xf1, 0x00, 0x00,
    0x00, 0x00, 0xff, 0x70, 0x00, 0x00, 0x00, 0x07, 0xff, 0xeb, 0x85, 0x10, 0x00, 0x05, 0xbe, 0xff,
    0xfe, 0x60, 0x00, 0x00, 0x02, 0x5a, 0xff, 0x20, 0x00, 0x00, 0x00, 0x0c, 0xf5, 0x0a, 0x50, 0x00,
    0x02, 0xef, 0x34, 0xff, 0xec, 0xbc, 0xff, 0xb0, 0x05, 0xae, 0xff, 0xfd, 0x70, 0x00, 0x00, 0x01,
    0x21, 0x00, 0x00,

    /* U+0162 LATIN CAPITAL LETTER T WITH CEDILLA */
    0x66, 0x66, 0x66, 0x66, 0x66, 0x66, 0x5e, 0xff, 0xff, 0xff, 0xff, 0xff, 0xfc, 0x78, 0x88, 0x8c,
    0xfc, 0x88, 0x88, 0x60, 0x00, 0x00, 0xaf, 0x80, 0x00, 0x00, 0x00, 0x00, 0x0a, 0xf8, 0x00, 0x00,
    0x00, 0x00, 0x00, 0xaf, 0x80, 0x00, 0x00, 0x00, 0x00, 0x0a, 0xf8, 0x00, 0x00, 0x00, 0x00, 0x00,
    0xaf, 0x80, 0x00, 0x00, 0x00, 0x00, 0x0a, 0xf8, 0x00, 0x00, 0x00, 0x00, 0x00, 0xaf, 0x80, 0x00,
    0x00, 0x00, 0x00, 0x0a, 0xf8, 0x00, 0x00, 0x00, 0x00, 0x00, 0xaf, 0x80, 0x00, 0x00, 0x00, 0x00,
    0x0a, 0xf8, 0x00, 0x00, 0x00, 0x00, 0x00, 0xaf, 0x80, 0x00, 0x00, 0x00, 0x00, 0x0a, 0xf8, 0x00,
    0x00, 0x00, 0x00, 0x00, 0xaf, 0x90, 0x00, 0x00, 0x00, 0x00, 0x03, 0xf1, 0x00, 0x00, 0x00, 0x00,
    0x00, 0x7f, 0xb2, 0x00, 0x00, 0x00, 0x00, 0x00, 0x1d, 0xa0, 0x00, 0x00, 0x00, 0x05, 0x55, 0xe9,
    0x00, 0x00, 0x00, 0x00, 0x8d, 0xd9, 0x10, 0x00, 0x00,

    /* U+0163 LATIN SMALL LETTER T WITH CEDILLA */
    0x00, 0x23, 0x10, 0x00, 0x00, 0x0a, 0xf6, 0x00, 0x00, 0x00, 0xaf, 0x60, 0x00, 0x07, 0xaf, 0xff,
    0xaa, 0x80, 0xaf, 0xff, 0xff, 0xfc, 0x01, 0x1c, 0xf8, 0x11, 0x10, 0x00, 0xaf, 0x60, 0x00, 0x00,
    0x0a, 0xf6, 0x00, 0x00, 0x00, 0xaf, 0x60, 0x00, 0x00, 0x0a, 0xf6, 0x00, 0x00, 0x00, 0xaf, 0x60,
    0x00, 0x00, 0x0a, 0xf7, 0x00, 0x00, 0x00, 0x8f, 0xb0, 0x01, 0x00, 0x03, 0xff, 0xcb, 0xe3, 0x00,
    0x05, 0xdf, 0xfd, 0x30, 0x00, 0x03, 0xf1, 0x00, 0x00, 0x00, 0x7f, 0xb2, 0x00, 0x00, 0x00, 0x1d,
    0xa0, 0x00, 0x05, 0x55, 0xe9, 0x00, 0x00, 0x8d, 0xd9, 0x10,

    /* U+0164 LATIN CAPITAL LETTER T WITH CARON */
    0x00, 0x13, 0x20, 0x00, 0x23, 0x10, 0x00, 0x00, 0x9f, 0x70, 0x4e, 0xb1, 0x00, 0x00, 0x00, 0x9f,
    0xff, 0xb1, 0x00, 0x00, 0x00, 0x00, 0x8c, 0xa0, 0x00, 0x00, 0x66, 0x66, 0x66, 0x66, 0x66, 0x66,
    0x5e, 0xff, 0xff, 0xff, 0xff, 0xff, 0xfc, 0x78, 0x88, 0x8c, 0xfc, 0x88, 0x88, 0x60, 0x00, 0x00,
    0xaf, 0x80, 0x00, 0x00, 0x00, 0x00, 0x0a, 0xf8, 0x00, 0x00, 0x00, 0x00, 0x00, 0xaf, 0x80, 0x00,
    0x00, 0x00, 0x00, 0x0a, 0xf8, 0x00, 0x00, 0x00, 0x00, 0x00, 0xaf, 0x80, 0x00, 0x00, 0x00, 0x00,
    0x0a, 0xf8, 0x00, 0x00, 0x00, 0x00, 0x00, 0xaf, 0x80, 0x00, 0x00, 0x00, 0x00, 0x0a, 0xf8, 0x00,
    0x00, 0x00, 0x00, 0x00, 0xaf, 0x80, 0x00, 0x00, 0x00, 0x00, 0x0a, 0xf8, 0x00, 0x00, 0x00, 0x00,
    0x00, 0xaf, 0x80, 0x00, 0x00, 0x00, 0x00, 0x0a, 0xf8, 0x00, 0x00, 0x00, 0x00, 0x00, 0xaf, 0x80,
    0x00, 0x00,

    /* U+0165 LATIN SMALL LETTER T WITH CARON */
    0x00, 0x00, 0x00, 0x5d, 0x30, 0x00, 0x00, 0x06, 0xf3, 0x00, 0x23, 0x10, 0x6f, 0x20, 0x0a, 0xf6,
    0x05, 0xd1, 0x00, 0xaf, 0x60, 0x00, 0x07, 0xaf, 0xff, 0xaa, 0x80, 0xaf, 0xff, 0xff, 0xfc, 0x01,
    0x1c, 0xf8, 0x11, 0x10, 0x00, 0xaf, 0x60, 0x00, 0x00, 0x0a, 0xf6, 0x00, 0x00, 0x00, 0xaf, 0x60,
    0x00, 0x00, 0x0a, 0xf6, 0x00, 0x00, 0x00, 0xaf, 0x60, 0x00, 0x00, 0x0a, 0xf7, 0x00, 0x00, 0x00,
    0x8f, 0xb0, 0x01, 0x00, 0x03, 0xff, 0xcb, 0xe3, 0x00, 0x05, 0xdf, 0xfd, 0x30, 0x00, 0x00, 0x11,
    0x00,

    /* U+0166 LATIN CAPITAL LETTER T WITH STROKE */
    0x66, 0x66, 0x66, 0x66, 0x66, 0x66, 0x5e, 0xff, 0xff, 0xff, 0xff, 0xff, 0xfc, 0x78, 0x88, 0x8c,
    0xfc, 0x88, 0x88, 0x60, 0x00, 0x00, 0xaf, 0x80, 0x00, 0x00, 0x00, 0x00, 0x0a, 0xf8, 0x00, 0x00,
    0x00, 0x00, 0x00, 0xaf, 0x80, 0x00, 0x00, 0x00, 0x00, 0x0a, 0xf8, 0x00, 0x00, 0x00, 0x0b, 0xbb,
    0xff, 0xfb, 0xba, 0x00, 0x00, 0xff, 0xff, 0xff, 0xff, 0xe0, 0x00, 0x00, 0x00, 0xaf, 0x80, 0x00,
    0x00, 0x00, 0x00, 0x0a, 0xf8, 0x00, 0x00, 0x00, 0x00, 0x00, 0xaf, 0x80, 0x00, 0x00, 0x00, 0x00,
    0x0a, 0xf8, 0x00, 0x00, 0x00, 0x00, 0x00, 0xaf, 0x80, 0x00, 0x00, 0x00, 0x00, 0x0a, 0xf8, 0x00,
    0x00, 0x00, 0x00, 0x00, 0xaf, 0x80, 0x00, 0x00,

    /* U+0167 LATIN SMALL LETTER T WITH STROKE */
    0x00, 0x23, 0x20, 0x00, 0x00, 0x0a, 0xf7, 0x00, 0x00, 0x00, 0xaf, 0x70, 0x00, 0x06, 0xaf, 0xff,
    0xaa, 0x80, 0xaf, 0xff, 0xff, 0xfc, 0x01, 0x1b, 0xf8, 0x11, 0x10, 0x00, 0xaf, 0x70, 0x00, 0x00,
    0x0a, 0xf7, 0x00, 0x00, 0x7b, 0xff, 0xfb, 0x90, 0x08, 0xcf, 0xff, 0xca, 0x00, 0x00, 0xaf, 0x70,
    0x00, 0x00, 0x09, 0xf7, 0x00, 0x00, 0x00, 0x7f, 0xb0, 0x01, 0x00, 0x02, 0xff, 0xda, 0xe3, 0x00,
    0x04, 0xdf, 0xfd, 0x40, 0x00, 0x00, 0x11, 0x00,

    /* U+0168 LATIN CAPITAL LETTER U WITH TILDE */
    0x00, 0x02, 0x87, 0x10, 0x05, 0x40, 0x00, 0x00, 0x0d, 0xee, 0xd4, 0x2e, 0x60, 0x00, 0x00, 0x4f,
    0x21, 0x9f, 0xfd, 0x10, 0x00, 0x00, 0x24, 0x00, 0x03, 0x51, 0x00, 0x00, 0x56, 0x20, 0x00, 0x00,
    0x00, 0x06, 0x61, 0xcf, 0x60, 0x00, 0x00, 0x00, 0x0e, 0xf3, 0xcf, 0x60, 0x00, 0x00, 0x00, 0x0e,
    0xf3, 0xcf, 0x60, 0x00, 0x00, 0x00, 0x0e, 0xf3, 0xcf, 0x60, 0x00, 0x00, 0x00, 0x0e, 0xf3, 0xcf,
    0x60, 0x00, 0x00, 0x00, 0x0e, 0xf3, 0xcf, 0x60, 0x00, 0x00, 0x00, 0x0e, 0xf3, 0xcf, 0x60, 0x00,
    0x00, 0x00, 0x0e, 0xf3, 0xcf, 0x60, 0x00, 0x00, 0x00, 0x0e, 0xf3, 0xcf, 0x60, 0x00, 0x00, 0x00,
    0x0e, 0xf3, 0xbf, 0x70, 0x00, 0x00, 0x00, 0x1f, 0xf2, 0x9f, 0xa0, 0x00, 0x00, 0x00, 0x4f, 0xe0,
    0x4f, 0xf2, 0x00, 0x00, 0x00, 0xbf, 0xa0, 0x0c, 0xfd, 0x40, 0x00, 0x19, 0xff, 0x30, 0x02, 0xdf,
    0xfe, 0xcd, 0xff, 0xf6, 0x00, 0x00, 0x18, 0xdf, 0xff, 0xea, 0x30, 0x00, 0x00, 0x00, 0x01, 0x22,
    0x00, 0x00, 0x00,

    /* U+0169 LATIN SMALL LETTER U WITH TILDE */
    0x00, 0x00, 0x11, 0x00, 0x01, 0x00, 0x00, 0x06, 0xff, 0xa1, 0x1f, 0x30, 0x00, 0x0e, 0x83, 0xcd,
    0xdd, 0x00, 0x00, 0x07, 0x10, 0x17, 0x82, 0x00, 0x00, 0x00, 0x00, 0x00, 0x00, 0x00, 0x1a, 0xa0,
    0x00, 0x00, 0x02, 0xa9, 0x2f, 0xf0, 0x00, 0x00, 0x04, 0xfd, 0x2f, 0xf0, 0x00, 0x00, 0x04, 0xfd,
    0x2f, 0xf0, 0x00, 0x00, 0x04, 0xfd, 0x2f, 0xf0, 0x00, 0x00, 0x04, 0xfd, 0x2f, 0xf0, 0x00, 0x00,
    0x04, 0xfd, 0x2f, 0xf0, 0x00, 0x00, 0x04, 0xfd, 0x1f, 0xf2, 0x00, 0x00, 0x06, 0xfd, 0x0e, 0xf5,
    0x00, 0x00, 0x0b, 0xfd, 0x09, 0xfd, 0x30, 0x01, 0x8f, 0xfd, 0x02, 0xef, 0xfd, 0xce, 0xfb, 0xfd,
    0x00, 0x2a, 0xef, 0xfd, 0x62, 0xfd, 0x00, 0x00, 0x01, 0x10, 0x00, 0x00,

    /* U+016A LATIN CAPITAL LETTER U WITH MACRON */
    0x00, 0x07, 0x77, 0x77, 0x77, 0x10, 0x00, 0x00, 0x0d, 0xdd, 0xdd, 0xdd, 0x20, 0x00, 0x00, 0x00,
    0x00, 0x00, 0x00, 0x00, 0x00, 0x56, 0x20, 0x00, 0x00, 0x00, 0x06, 0x61, 0xcf, 0x60, 0x00, 0x00,
    0x00, 0x0e, 0xf3, 0xcf, 0x60, 0x00, 0x00, 0x00, 0x0e, 0xf3, 0xcf, 0x60, 0x00, 0x00, 0x00, 0x0e,
    0xf3, 0xcf, 0x60, 0x00, 0x00, 0x00, 0x0e, 0xf3, 0xcf, 0x60, 0x00, 0x00, 0x00, 0x0e, 0xf3, 0xcf,
    0x60, 0x00, 0x00, 0x00, 0x0e, 0xf3, 0xcf, 0x60, 0x00, 0x00, 0x00, 0x0e, 0xf3, 0xcf, 0x60, 0x00,
    0x00, 0x00, 0x0e, 0xf3, 0xcf, 0x60, 0x00, 0x00, 0x00, 0x0e, 0xf3, 0xbf, 0x70, 0x00, 0x00, 0x00,
    0x1f, 0xf2, 0x9f, 0xa0, 0x00, 0x00, 0x00, 0x4f, 0xe0, 0x4f, 0xf2, 0x00, 0x00, 0x00, 0xbf, 0xa0,
    0x0c, 0xfd, 0x40, 0x00, 0x19, 0xff, 0x30, 0x02, 0xdf, 0xfe, 0xcd, 0xff, 0xf6, 0x00, 0x00, 0x18,
    0xdf, 0xff, 0xea, 0x30, 0x00, 0x00, 0x00, 0x01, 0x22, 0x00, 0x00, 0x00,

    /* U+016B LATIN SMALL LETTER U WITH MACRON */
    0x00, 0x07, 0x77, 0x77, 0x77, 0x10, 0x00, 0x0d, 0xdd, 0xdd, 0xdd, 0x20, 0x00, 0x00, 0x00, 0x00,
    0x00, 0x00, 0x00, 0x00, 0x00, 0x00, 0x00, 0x00, 0x1a, 0xa0, 0x00, 0x00, 0x02, 0xa9, 0x2f, 0xf0,
    0x00, 0x00, 0x04, 0xfd, 0x2f, 0xf0, 0x00, 0x00, 0x04, 0xfd, 0x2f, 0xf0, 0x00, 0x00, 0x04, 0xfd,
    0x2f, 0xf0, 0x00, 0x00, 0x04, 0xfd, 0x2f, 0xf0, 0x00, 0x00, 0x04, 0xfd, 0x2f, 0xf0, 0x00, 0x00,
    0x04, 0xfd, 0x1f, 0xf2, 0x00, 0x00, 0x06, 0xfd, 0x0e, 0xf5, 0x00, 0x00, 0x0b, 0xfd, 0x09, 0xfd,
    0x30, 0x01, 0x8f, 0xfd, 0x02, 0xef, 0xfd, 0xce, 0xfb, 0xfd, 0x00, 0x2a, 0xef, 0xfd, 0x62, 0xfd,
    0x00, 0x00, 0x01, 0x10, 0x00, 0x00,

    /* U+016C LATIN CAPITAL LETTER U WITH BREVE */
    0x00, 0x03, 0x20, 0x00, 0x13, 0x00, 0x00, 0x00, 0x0c, 0xb0, 0x00, 0x8f, 0x00, 0x00, 0x00, 0x04,
    0xfb, 0x7a, 0xf7, 0x00, 0x00, 0x00, 0x00, 0x39, 0xba, 0x40, 0x00, 0x00, 0x00, 0x00, 0x00, 0x00,
    0x00, 0x00, 0x00, 0x56, 0x20, 0x00, 0x00, 0x00, 0x06, 0x61, 0xcf, 0x60, 0x00, 0x00, 0x00, 0x0e,
    0xf3, 0xcf, 0x60, 0x00, 0x00, 0x00, 0x0e, 0xf3, 0xcf, 0x60, 0x00, 0x00, 0x00, 0x0e, 0xf3, 0xcf,
    0x60, 0x00, 0x00, 0x00, 0x0e, 0xf3, 0xcf, 0x60, 0x00, 0x00, 0x00, 0x0e, 0xf3, 0xcf, 0x60, 0x00,
    0x00, 0x00, 0x0e, 0xf3, 0xcf, 0x60, 0x00, 0x00, 0x00, 0x0e, 0xf3, 0xcf, 0x60, 0x00, 0x00, 0x00,
    0x0e, 0xf3, 0xcf, 0x60, 0x00, 0x00, 0x00, 0x0e, 0xf3, 0xbf, 0x70, 0x00, 0x00, 0x00, 0x1f, 0xf2,
    0x9f, 0xa0, 0x00, 0x00, 0x00, 0x4f, 0xe0, 0x4f, 0xf2, 0x00, 0x00, 0x00, 0xbf, 0xa0, 0x0c, 0xfd,
    0x40, 0x00, 0x19, 0xff, 0x30, 0x02, 0xdf, 0xfe, 0xcd, 0xff, 0xf6, 0x00, 0x00, 0x18, 0xdf, 0xff,
    0xea, 0x30, 0x00, 0x00, 0x00, 0x01, 0x22, 0x00, 0x00, 0x00,

    /* U+016D LATIN SMALL LETTER U WITH BREVE */
    0x00, 0x03, 0x20, 0x00, 0x13, 0x00, 0x00, 0x0c, 0xb0, 0x00, 0x8f, 0x00, 0x00, 0x04, 0xfb, 0x7a,
    0xf7, 0x00, 0x00, 0x00, 0x39, 0xba, 0x40, 0x00, 0x00, 0x00, 0x00, 0x00, 0x00, 0x00, 0x1a, 0xa0,
    0x00, 0x00, 0x02, 0xa9, 0x2f, 0xf0, 0x00, 0x00, 0x04, 0xfd, 0x2f, 0xf0, 0x00, 0x00, 0x04, 0xfd,
    0x2f, 0xf0, 0x00, 0x00, 0x04, 0xfd, 0x2f, 0xf0, 0x00, 0x00, 0x04, 0xfd, 0x2f, 0xf0, 0x00, 0x00,
    0x04, 0xfd, 0x2f, 0xf0, 0x00, 0x00, 0x04, 0xfd, 0x1f, 0xf2, 0x00, 0x00, 0x06, 0xfd, 0x0e, 0xf5,
    0x00, 0x00, 0x0b, 0xfd, 0x09, 0xfd, 0x30, 0x01, 0x8f, 0xfd, 0x02, 0xef, 0xfd, 0xce, 0xfb, 0xfd,
    0x00, 0x2a, 0xef, 0xfd, 0x62, 0xfd, 0x00, 0x00, 0x01, 0x10, 0x00, 0x00,

    /* U+016E LATIN CAPITAL LETTER U WITH RING ABOVE */
    0x00, 0x00, 0x08, 0xca, 0x10, 0x00, 0x00, 0x00, 0x00, 0x89, 0x27, 0xb0, 0x00, 0x00, 0x00, 0x00,
    0xc3, 0x00, 0xf0, 0x00, 0x00, 0x00, 0x00, 0x98, 0x16, 0xc0, 0x00, 0x00, 0x00, 0x00, 0x09, 0xdb,
    0x10, 0x00, 0x00, 0x56, 0x20, 0x00, 0x00, 0x00, 0x06, 0x61, 0xcf, 0x60, 0x00, 0x00, 0x00, 0x0e,
    0xf3, 0xcf, 0x60, 0x00, 0x00, 0x00, 0x0e, 0xf3, 0xcf, 0x60, 0x00, 0x00, 0x00, 0x0e, 0xf3, 0xcf,
    0x60, 0x00, 0x00, 0x00, 0x0e, 0xf3, 0xcf, 0x60, 0x00, 0x00, 0x00, 0x0e, 0xf3, 0xcf, 0x60, 0x00,
    0x00, 0x00, 0x0e, 0xf3, 0xcf, 0x60, 0x00, 0x00, 0x00, 0x0e, 0xf3, 0xcf, 0x60, 0x00, 0x00, 0x00,
    0x0e, 0xf3, 0xcf, 0x60, 0x00, 0x00, 0x00, 0x0e, 0xf3, 0xbf, 0x70, 0x00, 0x00, 0x00, 0x1f, 0xf2,
    0x9f, 0xa0, 0x00, 0x00, 0x00, 0x4f, 0xe0, 0x4f, 0xf2, 0x00, 0x00, 0x00, 0xbf, 0xa0, 0x0c, 0xfd,
    0x40, 0x00, 0x19, 0xff, 0x30, 0x02, 0xdf, 0xfe, 0xcd, 0xff, 0xf6, 0x00, 0x00, 0x18, 0xdf, 0xff,
    0xea, 0x30, 0x00, 0x00, 0x00, 0x01, 0x22, 0x00, 0x00, 0x00,

    /* U+016F LATIN SMALL LETTER U WITH RING ABOVE */
    0x00, 0x00, 0x08, 0xca, 0x10, 0x00, 0x00, 0x00, 0x89, 0x27, 0xb0, 0x00, 0x00, 0x00, 0xc3, 0x00,
    0xf0, 0x00, 0x00, 0x00, 0x98, 0x16, 0xc0, 0x00, 0x00, 0x00, 0x09, 0xdb, 0x10, 0x00, 0x00, 0x00,
    0x00, 0x00, 0x00, 0x00, 0x1a, 0xa0, 0x00, 0x00, 0x02, 0xa9, 0x2f, 0xf0, 0x00, 0x00, 0x04, 0xfd,
    0x2f, 0xf0, 0x00, 0x00, 0x04, 0xfd, 0x2f, 0xf0, 0x00, 0x00, 0x04, 0xfd, 0x2f, 0xf0, 0x00, 0x00,
    0x04, 0xfd, 0x2f, 0xf0, 0x00, 0x00, 0x04, 0xfd, 0x2f, 0xf0, 0x00, 0x00, 0x04, 0xfd, 0x1f, 0xf2,
    0x00, 0x00, 0x06, 0xfd, 0x0e, 0xf5, 0x00, 0x00, 0x0b, 0xfd, 0x09, 0xfd, 0x30, 0x01, 0x8f, 0xfd,
    0x02, 0xef, 0xfd, 0xce, 0xfb, 0xfd, 0x00, 0x2a, 0xef, 0xfd, 0x62, 0xfd, 0x00, 0x00, 0x01, 0x10,
    0x00, 0x00,

    /* U+0170 LATIN CAPITAL LETTER U WITH DOUBLE ACUTE */
    0x00, 0x00, 0x01, 0x33, 0x02, 0x32, 0x00, 0x00, 0x00, 0x0b, 0xf6, 0x1d, 0xf4, 0x00, 0x00, 0x00,
    0x6f, 0x80, 0x9f, 0x60, 0x00, 0x00, 0x00, 0x98, 0x02, 0xa6, 0x00, 0x00, 0x56, 0x20, 0x00, 0x00,
    0x00, 0x06, 0x61, 0xcf, 0x60, 0x00, 0x00, 0x00, 0x0e, 0xf3, 0xcf, 0x60, 0x00, 0x00, 0x00, 0x0e,
    0xf3, 0xcf, 0x60, 0x00, 0x00, 0x00, 0x0e, 0xf3, 0xcf, 0x60, 0x00, 0x00, 0x00, 0x0e, 0xf3, 0xcf,
    0x60, 0x00, 0x00, 0x00, 0x0e, 0xf3, 0xcf, 0x60, 0x00, 0x00, 0x00, 0x0e, 0xf3, 0xcf, 0x60, 0x00,
    0x00, 0x00, 0x0e, 0xf3, 0xcf, 0x60, 0x00, 0x00, 0x00, 0x0e, 0xf3, 0xcf, 0x60, 0x00, 0x00, 0x00,
    0x0e, 0xf3, 0xbf, 0x70, 0x00, 0x00, 0x00, 0x1f, 0xf2, 0x9f, 0xa0, 0x00, 0x00, 0x00, 0x4f, 0xe0,
    0x4f, 0xf2, 0x00, 0x00, 0x00, 0xbf, 0xa0, 0x0c, 0xfd, 0x40, 0x00, 0x19, 0xff, 0x30, 0x02, 0xdf,
    0xfe, 0xcd, 0xff, 0xf6, 0x00, 0x00, 0x18, 0xdf, 0xff, 0xea, 0x30, 0x00, 0x00, 0x00, 0x01, 0x22,
    0x00, 0x00, 0x00,

    /* U+0171 LATIN SMALL LETTER U WITH DOUBLE ACUTE */
    0x00, 0x00, 0x01, 0x33, 0x02, 0x32, 0x00, 0x00, 0x0b, 0xf6, 0x1d, 0xf4, 0x00, 0x00, 0x6f, 0x80,
    0x9f, 0x60, 0x00, 0x00, 0x98, 0x02, 0xa6, 0x00, 0x00, 0x00, 0x00, 0x00, 0x00, 0x00, 0x1a, 0xa0,
    0x00, 0x00, 0x02, 0xa9, 0x2f, 0xf0, 0x00, 0x00, 0x04, 0xfd, 0x2f, 0xf0, 0x00, 0x00, 0x04, 0xfd,
    0x2f, 0xf0, 0x00, 0x00, 0x04, 0xfd, 0x2f, 0xf0, 0x00, 0x00, 0x04, 0xfd, 0x2f, 0xf0, 0x00, 0x00,
    0x04, 0xfd, 0x2f, 0xf0, 0x00, 0x00, 0x04, 0xfd, 0x1f, 0xf2, 0x00, 0x00, 0x06, 0xfd, 0x0e, 0xf5,
    0x00, 0x00, 0x0b, 0xfd, 0x09, 0xfd, 0x30, 0x01, 0x8f, 0xfd, 0x02, 0xef, 0xfd, 0xce, 0xfb, 0xfd,
    0x00, 0x2a, 0xef, 0xfd, 0x62, 0xfd, 0x00, 0x00, 0x01, 0x10, 0x00, 0x00,

    /* U+0172 LATIN CAPITAL LETTER U WITH OGONEK */
    0x56, 0x20, 0x00, 0x00, 0x00, 0x06, 0x61, 0xcf, 0x60, 0x00, 0x00, 0x00, 0x0e, 0xf3, 0xcf, 0x60,
    0x00, 0x00, 0x00, 0x0e, 0xf3, 0xcf, 0x60, 0x00, 0x00, 0x00, 0x0e, 0xf3, 0xcf, 0x60, 0x00, 0x00,
    0x00, 0x0e, 0xf3, 0xcf, 0x60, 0x00, 0x00, 0x00, 0x0e, 0xf3, 0xcf, 0x60, 0x00, 0x00, 0x00, 0x0e,
    0xf3, 0xcf, 0x60, 0x00, 0x00, 0x00, 0x0e, 0xf3, 0xcf, 0x60, 0x00, 0x00, 0x00, 0x0e, 0xf3, 0xcf,
    0x60, 0x00, 0x00, 0x00, 0x0e, 0xf3, 0xbf, 0x70, 0x00, 0x00, 0x00, 0x1f, 0xf2, 0x9f, 0xa0, 0x00,
    0x00, 0x00, 0x4f, 0xf0, 0x4f, 0xf2, 0x00, 0x00, 0x00, 0xbf, 0xa0, 0x0c, 0xfd, 0x40, 0x00, 0x19,
    0xff, 0x30, 0x02, 0xdf, 0xfe, 0xcd, 0xff, 0xf5, 0x00, 0x00, 0x18, 0xdf, 0xff, 0xfa, 0x20, 0x00,
    0x00, 0x00, 0x06, 0xfb, 0x20, 0x00, 0x00, 0x00, 0x00, 0x2f, 0x70, 0x00, 0x00, 0x00, 0x00, 0x00,
    0x6f, 0x20, 0x00, 0x00, 0x00, 0x00, 0x00, 0x4f, 0xa5, 0x70, 0x00, 0x00, 0x00, 0x00, 0x06, 0xcd,
    0xa1, 0x00, 0x00,

    /* U+0173 LATIN SMALL LETTER U WITH OGONEK */
    0x1a, 0xa0, 0x00, 0x00, 0x02, 0xa9, 0x2f, 0xf0, 0x00, 0x00, 0x04, 0xfd, 0x2f, 0xf0, 0x00, 0x00,
    0x04, 0xfd, 0x2f, 0xf0, 0x00, 0x00, 0x04, 0xfd, 0x2f, 0xf0, 0x00, 0x00, 0x04, 0xfd, 0x2f, 0xf0,
    0x00, 0x00, 0x04, 0xfd, 0x2f, 0xf0, 0x00, 0x00, 0x04, 0xfd, 0x1f, 0xf2, 0x00, 0x00, 0x06, 0xfd,
    0x0e, 0xf5, 0x00, 0x00, 0x0b, 0xfd, 0x09, 0xfd, 0x30, 0x01, 0x8f, 0xfd, 0x02, 0xef, 0xfd, 0xce,
    0xfb, 0xfd, 0x00, 0x2a, 0xef, 0xfd, 0x66, 0xfe, 0x00, 0x00, 0x01, 0x10, 0x8e, 0x71, 0x00, 0x00,
    0x00, 0x06, 0xf4, 0x00, 0x00, 0x00, 0x00, 0x0a, 0xd0, 0x00, 0x00, 0x00, 0x00, 0x08, 0xf7, 0x56,
    0x00, 0x00, 0x00, 0x01, 0x9d, 0xd8,

    /* U+0174 LATIN CAPITAL LETTER W WITH CIRCUMFLEX */
    0x00, 0x00, 0x00, 0x00, 0x00, 0x02, 0x32, 0x00, 0x00, 0x00, 0x00, 0x00, 0x00, 0x00, 0x00, 0x00,
    0x00, 0x3f, 0xff, 0x50, 0x00, 0x00, 0x00, 0x00, 0x00, 0x00, 0x00, 0x00, 0x03, 0xec, 0x3a, 0xf6,
    0x00, 0x00, 0x00, 0x00, 0x00, 0x00, 0x00, 0x00, 0x19, 0x81, 0x00, 0x7a, 0x20, 0x00, 0x00, 0x00,
    0x16, 0x60, 0x00, 0x00, 0x00, 0x04, 0x63, 0x00, 0x00, 0x00, 0x01, 0x66, 0x0e, 0xf4, 0x00, 0x00,
    0x00, 0x0d, 0xfc, 0x00, 0x00, 0x00, 0x05, 0xfc, 0x0a, 0xf9, 0x00, 0x00, 0x00, 0x3f, 0xff, 0x20,
    0x00, 0x00, 0x0a, 0xf7, 0x05, 0xfe, 0x00, 0x00, 0x00, 0x8f, 0xff, 0x70, 0x00, 0x00, 0x1e, 0xf2,
    0x00, 0xef, 0x40, 0x00, 0x00, 0xdf, 0x7f, 0xc0, 0x00, 0x00, 0x5f, 0xc0, 0x00, 0xaf, 0x90, 0x00,
    0x04, 0xfc, 0x0e, 0xf2, 0x00, 0x00, 0xaf, 0x70, 0x00, 0x5f, 0xe0, 0x00, 0x09, 0xf7, 0x0a, 0xf7,
    0x00, 0x01, 0xff, 0x20, 0x00, 0x0e, 0xf4, 0x00, 0x0e, 0xf2, 0x04, 0xfc, 0x00, 0x05, 0xfc, 0x00,
    0x00, 0x0a, 0xf9, 0x00, 0x4f, 0xc0, 0x00, 0xef, 0x20, 0x0b, 0xf6, 0x00, 0x00, 0x05, 0xfe, 0x00,
    0x9f, 0x60, 0x00, 0x9f, 0x70, 0x1f, 0xf2, 0x00, 0x00, 0x00, 0xef, 0x40, 0xef, 0x10, 0x00, 0x4f,
    0xc0, 0x6f, 0xb0, 0x00, 0x00, 0x00, 0xaf, 0x95, 0xfb, 0x00, 0x00, 0x0e, 0xf2, 0xbf, 0x60, 0x00,
    0x00, 0x00, 0x5f, 0xea, 0xf6, 0x00, 0x00, 0x09, 0xf8, 0xff, 0x10, 0x00, 0x00, 0x00, 0x0e, 0xff,
    0xf1, 0x00, 0x00, 0x04, 0xff, 0xfb, 0x00, 0x00, 0x00, 0x00, 0x0a, 0xff, 0xb0, 0x00, 0x00, 0x00,
    0xdf, 0xf6, 0x00, 0x00, 0x00, 0x00, 0x05, 0xff, 0x60, 0x00, 0x00, 0x00, 0x8f, 0xf1, 0x00, 0x00,

    /* U+0175 LATIN SMALL LETTER W WITH CIRCUMFLEX */
    0x00, 0x00, 0x00, 0x00, 0x23, 0x20, 0x00, 0x00, 0x00, 0x00, 0x00, 0x00, 0x00, 0x03, 0xff, 0xf5,
    0x00, 0x00, 0x00, 0x00, 0x00, 0x00, 0x00, 0x3e, 0xc3, 0xaf, 0x60, 0x00, 0x00, 0x00, 0x00, 0x00,
    0x01, 0x98, 0x10, 0x07, 0xa2, 0x00, 0x00, 0x00, 0x00, 0x00, 0x00, 0x00, 0x00, 0x00, 0x00, 0x00,
    0x00, 0x00, 0x7a, 0x30, 0x00, 0x00, 0x1a, 0x90, 0x00, 0x00, 0x04, 0xa5, 0x6f, 0x80, 0x00, 0x00,
    0x6f, 0xf4, 0x00, 0x00, 0x0a, 0xf3, 0x1f, 0xe0, 0x00, 0x00, 0xcf, 0xf9, 0x00, 0x00, 0x1f, 0xd0,
    0x0a, 0xf4, 0x00, 0x02, 0xfc, 0xee, 0x10, 0x00, 0x6f, 0x70, 0x05, 0xfa, 0x00, 0x08, 0xf6, 0x9f,
    0x60, 0x00, 0xcf, 0x10, 0x00, 0xee, 0x10, 0x0e, 0xe1, 0x3f, 0xb0, 0x03, 0xfb, 0x00, 0x00, 0x9f,
    0x60, 0x4f, 0x90, 0x0c, 0xf2, 0x08, 0xf5, 0x00, 0x00, 0x3f, 0xb0, 0xaf, 0x30, 0x07, 0xf7, 0x0e,
    0xe0, 0x00, 0x00, 0x0d, 0xf3, 0xfd, 0x00, 0x01, 0xfd, 0x4f, 0x90, 0x00, 0x00, 0x07, 0xfe, 0xf7,
    0x00, 0x00, 0xaf, 0xef, 0x30, 0x00, 0x00, 0x02, 0xff, 0xf1, 0x00, 0x00, 0x5f, 0xfd, 0x00, 0x00,
    0x00, 0x00, 0xbf, 0xa0, 0x00, 0x00, 0x0e, 0xf7, 0x00, 0x00,

    /* U+0176 LATIN CAPITAL LETTER Y WITH CIRCUMFLEX */
    0x00, 0x00, 0x00, 0x23, 0x20, 0x00, 0x00, 0x00, 0x00, 0x00, 0x3f, 0xff, 0x50, 0x00, 0x00, 0x00,
    0x00, 0x3e, 0xc3, 0xaf, 0x60, 0x00, 0x00, 0x00, 0x19, 0x81, 0x00, 0x7a, 0x20, 0x00, 0x66, 0x20,
    0x00, 0x00, 0x00, 0x00, 0x66, 0x18, 0xfc, 0x00, 0x00, 0x00, 0x00, 0x6f, 0xb0, 0x1d, 0xf6, 0x00,
    0x00, 0x00, 0x1e, 0xf3, 0x00, 0x5f, 0xe1, 0x00, 0x00, 0x0a, 0xf8, 0x00, 0x00, 0xbf, 0xa0, 0x00,
    0x04, 0xfd, 0x10, 0x00, 0x02, 0xef, 0x40, 0x00, 0xcf, 0x50, 0x00, 0x00, 0x07, 0xfd, 0x00, 0x7f,
    0xb0, 0x00, 0x00, 0x00, 0x0d, 0xf7, 0x2e, 0xf2, 0x00, 0x00, 0x00, 0x00, 0x4f, 0xec, 0xf8, 0x00,
    0x00, 0x00, 0x00, 0x00, 0xaf, 0xfd, 0x10, 0x00, 0x00, 0x00, 0x00, 0x02, 0xff, 0x60, 0x00, 0x00,
    0x00, 0x00, 0x00, 0x0f, 0xf3, 0x00, 0x00, 0x00, 0x00, 0x00, 0x00, 0xff, 0x30, 0x00, 0x00, 0x00,
    0x00, 0x00, 0x0f, 0xf3, 0x00, 0x00, 0x00, 0x00, 0x00, 0x00, 0xff, 0x30, 0x00, 0x00, 0x00, 0x00,
    0x00, 0x0f, 0xf3, 0x00, 0x00, 0x00,

    /* U+0177 LATIN SMALL LETTER Y WITH CIRCUMFLEX */
    0x00, 0x00, 0x02, 0x32, 0x00, 0x00, 0x00, 0x00, 0x00, 0x3f, 0xff, 0x50, 0x00, 0x00, 0x00, 0x03,
    0xec, 0x3a, 0xf6, 0x00, 0x00, 0x00, 0x19, 0x81, 0x00, 0x7a, 0x20, 0x00, 0x00, 0x00, 0x00, 0x00,
    0x00, 0x00, 0x00, 0x09, 0xa3, 0x00, 0x00, 0x00, 0x09, 0xa2, 0x08, 0xfa, 0x00, 0x00, 0x00, 0x4f,
    0xc0, 0x02, 0xff, 0x20, 0x00, 0x00, 0xaf, 0x60, 0x00, 0xaf, 0x80, 0x00, 0x02, 0xfe, 0x00, 0x00,
    0x3f, 0xe1, 0x00, 0x08, 0xf7, 0x00, 0x00, 0x0b, 0xf6, 0x00, 0x1e, 0xf1, 0x00, 0x00, 0x05, 0xfc,
    0x00, 0x6f, 0x90, 0x00, 0x00, 0x00, 0xdf, 0x40, 0xdf, 0x30, 0x00, 0x00, 0x00, 0x6f, 0xb4, 0xfb,
    0x00, 0x00, 0x00, 0x00, 0x1e, 0xfd, 0xf4, 0x00, 0x00, 0x00, 0x00, 0x08, 0xff, 0xd0, 0x00, 0x00,
    0x00, 0x00, 0x02, 0xff, 0x60, 0x00, 0x00, 0x00, 0x00, 0x02, 0xfe, 0x10, 0x00, 0x00, 0x01, 0x00,
    0x0a, 0xf8, 0x00, 0x00, 0x00, 0x1e, 0xa7, 0xaf, 0xd1, 0x00, 0x00, 0x00, 0x3d, 0xff, 0xfd, 0x30,
    0x00, 0x00, 0x00, 0x00, 0x46, 0x40, 0x00, 0x00, 0x00, 0x00,

    /* U+0178 LATIN CAPITAL LETTER Y WITH DIAERESIS */
    0x00, 0x00, 0x5e, 0x60, 0x4e, 0x70, 0x00, 0x00, 0x00, 0x07, 0xf9, 0x06, 0xfa, 0x00, 0x00, 0x00,
    0x00, 0x03, 0x00, 0x03, 0x10, 0x00, 0x06, 0x62, 0x00, 0x00, 0x00, 0x00, 0x06, 0x61, 0x8f, 0xc0,
    0x00, 0x00, 0x00, 0x06, 0xfb, 0x01, 0xdf, 0x60, 0x00, 0x00, 0x01, 0xef, 0x30, 0x05, 0xfe, 0x10,
    0x00, 0x00, 0xaf, 0x80, 0x00, 0x0b, 0xfa, 0x00, 0x00, 0x4f, 0xd1, 0x00, 0x00, 0x2e, 0xf4, 0x00,
    0x0c, 0xf5, 0x00, 0x00, 0x00, 0x7f, 0xd0, 0x07, 0xfb, 0x00, 0x00, 0x00, 0x00, 0xdf, 0x72, 0xef,
    0x20, 0x00, 0x00, 0x00, 0x04, 0xfe, 0xcf, 0x80, 0x00, 0x00, 0x00, 0x00, 0x0a, 0xff, 0xd1, 0x00,
    0x00, 0x00, 0x00, 0x00, 0x2f, 0xf6, 0x00, 0x00, 0x00, 0x00, 0x00, 0x00, 0xff, 0x30, 0x00, 0x00,
    0x00, 0x00, 0x00, 0x0f, 0xf3, 0x00, 0x00, 0x00, 0x00, 0x00, 0x00, 0xff, 0x30, 0x00, 0x00, 0x00,
    0x00, 0x00, 0x0f, 0xf3, 0x00, 0x00, 0x00, 0x00, 0x00, 0x00, 0xff, 0x30, 0x00, 0x00, 0x00,

    /* U+0179 LATIN CAPITAL LETTER Z WITH ACUTE */
    0x00, 0x00, 0x00, 0x00, 0x13, 0x32, 0x00, 0x00, 0x00, 0x00, 0x01, 0xbf, 0xa1, 0x00, 0x00, 0x00,
    0x00, 0x1c, 0xf6, 0x00, 0x00, 0x00, 0x00, 0x00, 0x7a, 0x30, 0x00, 0x00, 0x06, 0x66, 0x66, 0x66,
    0x66, 0x66, 0x63, 0x0e, 0xff, 0xff, 0xff, 0xff, 0xff, 0xf8, 0x07, 0x88, 0x88, 0x88, 0x88, 0xdf,
    0xf3, 0x00, 0x00, 0x00, 0x00, 0x03, 0xff, 0x60, 0x00, 0x00, 0x00, 0x00, 0x1d, 0xf9, 0x00, 0x00,
    0x00, 0x00, 0x00, 0xcf, 0xc0, 0x00, 0x00, 0x00, 0x00, 0x09, 0xfd, 0x10, 0x00, 0x00, 0x00, 0x00,
    0x6f, 0xf3, 0x00, 0x00, 0x00, 0x00, 0x04, 0xff, 0x60, 0x00, 0x00, 0x00, 0x00, 0x2e, 0xf9, 0x00,
    0x00, 0x00, 0x00, 0x00, 0xcf, 0xb0, 0x00, 0x00, 0x00, 0x00, 0x09, 0xfd, 0x10, 0x00, 0x00, 0x00,
    0x00, 0x7f, 0xe3, 0x00, 0x00, 0x00, 0x00, 0x04, 0xff, 0x50, 0x00, 0x00, 0x00, 0x00, 0x0e, 0xff,
    0xee, 0xee, 0xee, 0xee, 0xeb, 0x1f, 0xff, 0xff, 0xff, 0xff, 0xff, 0xfc,

    /* U+017A LATIN SMALL LETTER Z WITH ACUTE */
    0x00, 0x00, 0x00, 0x13, 0x32, 0x00, 0x00, 0x00, 0x1b, 0xfa, 0x10, 0x00, 0x00, 0x1c, 0xf6, 0x00,
    0x00, 0x00, 0x07, 0xa3, 0x00, 0x00, 0x00, 0x00, 0x00, 0x00, 0x00, 0x00, 0xaa, 0xaa, 0xaa, 0xaa,
    0xa5, 0x0f, 0xff, 0xff, 0xff, 0xff, 0x70, 0x11, 0x11, 0x11, 0x9f, 0xc1, 0x00, 0x00, 0x00, 0x5f,
    0xe2, 0x00, 0x00, 0x00, 0x3f, 0xf4, 0x00, 0x00, 0x00, 0x1d, 0xf6, 0x00, 0x00, 0x00, 0x0b, 0xf9,
    0x00, 0x00, 0x00, 0x09, 0xfc, 0x00, 0x00, 0x00, 0x06, 0xfd, 0x10, 0x00, 0x00, 0x04, 0xff, 0x30,
    0x00, 0x00, 0x01, 0xef, 0xfb, 0xbb, 0xbb, 0xb7, 0x2f, 0xff, 0xff, 0xff, 0xff, 0xa0,

    /* U+017B LATIN CAPITAL LETTER Z WITH DOT ABOVE */
    0x00, 0x00, 0x00, 0x04, 0x10, 0x00, 0x00, 0x00, 0x00, 0x00, 0x9f, 0xb0, 0x00, 0x00, 0x00, 0x00,
    0x00, 0x8f, 0xb0, 0x00, 0x00, 0x00, 0x00, 0x00, 0x03, 0x10, 0x00, 0x00, 0x06, 0x66, 0x66, 0x66,
    0x66, 0x66, 0x63, 0x0e, 0xff, 0xff, 0xff, 0xff, 0xff, 0xf8, 0x07, 0x88, 0x88, 0x88, 0x88, 0xdf,
    0xf3, 0x00, 0x00, 0x00, 0x00, 0x03, 0xff, 0x60, 0x00, 0x00, 0x00, 0x00, 0x1d, 0xf9, 0x00, 0x00,
    0x00, 0x00, 0x00, 0xcf, 0xc0, 0x00, 0x00, 0x00, 0x00, 0x09, 0xfd, 0x10, 0x00, 0x00, 0x00, 0x00,
    0x6f, 0xf3, 0x00, 0x00, 0x00, 0x00, 0x04, 0xff, 0x60, 0x00, 0x00, 0x00, 0x00, 0x2e, 0xf9, 0x00,
    0x00, 0x00, 0x00, 0x00, 0xcf, 0xb0, 0x00, 0x00, 0x00, 0x00, 0x09, 0xfd, 0x10, 0x00, 0x00, 0x00,
    0x00, 0x7f, 0xe3, 0x00, 0x00, 0x00, 0x00, 0x04, 0xff, 0x50, 0x00, 0x00, 0x00, 0x00, 0x0e, 0xff,
    0xee, 0xee, 0xee, 0xee, 0xeb, 0x1f, 0xff, 0xff, 0xff, 0xff, 0xff, 0xfc,

    /* U+017C LATIN SMALL LETTER Z WITH DOT ABOVE */
    0x00, 0x00, 0x04, 0x10, 0x00, 0x00, 0x00, 0x09, 0xfb, 0x00, 0x00, 0x00, 0x00, 0x8f, 0xb0, 0x00,
    0x00, 0x00, 0x00, 0x31, 0x00, 0x00, 0x00, 0x00, 0x00, 0x00, 0x00, 0x00, 0xaa, 0xaa, 0xaa, 0xaa,
    0xa5, 0x0f, 0xff, 0xff, 0xff, 0xff, 0x70, 0x11, 0x11, 0x11, 0x9f, 0xc1, 0x00, 0x00, 0x00, 0x5f,
    0xe2, 0x00, 0x00, 0x00, 0x3f, 0xf4, 0x00, 0x00, 0x00, 0x1d, 0xf6, 0x00, 0x00, 0x00, 0x0b, 0xf9,
    0x00, 0x00, 0x00, 0x09, 0xfc, 0x00, 0x00, 0x00, 0x06, 0xfd, 0x10, 0x00, 0x00, 0x04, 0xff, 0x30,
    0x00, 0x00, 0x01, 0xef, 0xfb, 0xbb, 0xbb, 0xb7, 0x2f, 0xff, 0xff, 0xff, 0xff, 0xa0,

    /* U+017D LATIN CAPITAL LETTER Z WITH CARON */
    0x00, 0x01, 0x32, 0x00, 0x02, 0x31, 0x00, 0x00, 0x00, 0x9f, 0x70, 0x4e, 0xb1, 0x00, 0x00, 0x00,
    0x09, 0xff, 0xfb, 0x10, 0x00, 0x00, 0x00, 0x00, 0x8c, 0xa0, 0x00, 0x00, 0x06, 0x66, 0x66, 0x66,
    0x66, 0x66, 0x63, 0x0e, 0xff, 0xff, 0xff, 0xff, 0xff, 0xf8, 0x07, 0x88, 0x88, 0x88, 0x88, 0xdf,
    0xf3, 0x00, 0x00, 0x00, 0x00, 0x03, 0xff, 0x60, 0x00, 0x00, 0x00, 0x00, 0x1d, 0xf9, 0x00, 0x00,
    0x00, 0x00, 0x00, 0xcf, 0xc0, 0x00, 0x00, 0x00, 0x00, 0x09, 0xfd, 0x10, 0x00, 0x00, 0x00, 0x00,
    0x6f, 0xf3, 0x00, 0x00, 0x00, 0x00, 0x04, 0xff, 0x60, 0x00, 0x00, 0x00, 0x00, 0x2e, 0xf9, 0x00,
    0x00, 0x00, 0x00, 0x00, 0xcf, 0xb0, 0x00, 0x00, 0x00, 0x00, 0x09, 0xfd, 0x10, 0x00, 0x00, 0x00,
    0x00, 0x7f, 0xe3, 0x00, 0x00, 0x00, 0x00, 0x04, 0xff, 0x50, 0x00, 0x00, 0x00, 0x00, 0x0e, 0xff,
    0xee, 0xee, 0xee, 0xee, 0xeb, 0x1f, 0xff, 0xff, 0xff, 0xff, 0xff, 0xfc,

    /* U+017E LATIN SMALL LETTER Z WITH CARON */
    0x01, 0x32, 0x00, 0x02, 0x31, 0x00, 0x09, 0xf7, 0x04, 0xeb, 0x10, 0x00, 0x09, 0xff, 0xfb, 0x10,
    0x00, 0x00, 0x08, 0xca, 0x00, 0x00, 0x00, 0x00, 0x00, 0x00, 0x00, 0x00, 0xaa, 0xaa, 0xaa, 0xaa,
    0xa5, 0x0f, 0xff, 0xff, 0xff, 0xff, 0x70, 0x11, 0x11, 0x11, 0x9f, 0xc1, 0x00, 0x00, 0x00, 0x5f,
    0xe2, 0x00, 0x00, 0x00, 0x3f, 0xf4, 0x00, 0x00, 0x00, 0x1d, 0xf6, 0x00, 0x00, 0x00, 0x0b, 0xf9,
    0x00, 0x00, 0x00, 0x09, 0xfc, 0x00, 0x00, 0x00, 0x06, 0xfd, 0x10, 0x00, 0x00, 0x04, 0xff, 0x30,
    0x00, 0x00, 0x01, 0xef, 0xfb, 0xbb, 0xbb, 0xb7, 0x2f, 0xff, 0xff, 0xff, 0xff, 0xa0,

    /* U+017F LATIN SMALL LETTER LONG S */
    0x00, 0x00, 0x15, 0x64, 0x00, 0x00, 0x5f, 0xff, 0xf9, 0x00, 0x1e, 0xf9, 0x58, 0x30, 0x05, 0xfc,
    0x00, 0x00, 0x00, 0x7f, 0xa0, 0x00, 0x04, 0xaf, 0xfa, 0x00, 0x00, 0x7f, 0xff, 0xa0, 0x00, 0x01,
    0x18, 0xfa, 0x00, 0x00, 0x00, 0x7f, 0xa0, 0x00, 0x00, 0x07, 0xfa, 0x00, 0x00, 0x00, 0x7f, 0xa0,
    0x00, 0x00, 0x07, 0xfa, 0x00, 0x00, 0x00, 0x7f, 0xa0, 0x00, 0x00, 0x07, 0xfa, 0x00, 0x00, 0x00,
    0x7f, 0xa0, 0x00, 0x00, 0x07, 0xfa, 0x00, 0x00, 0x00, 0x7f, 0xa0, 0x00, 0x00,

    /* U+2013 EN DASH */
    0xcc, 0xcc, 0xcc, 0xcc, 0xcc, 0xca, 0xaa, 0xaa, 0xaa, 0xaa, 0xaa,

    /* U+2014 EM DASH */
    0xcc, 0xcc, 0xcc, 0xcc, 0xcc, 0xcc, 0xcc, 0xcc, 0xcc, 0xcc, 0xcc, 0xaa, 0xaa, 0xaa, 0xaa, 0xaa,
    0xaa, 0xaa, 0xaa, 0xaa, 0xaa, 0xaa,

    /* U+2018 LEFT SINGLE QUOTATION MARK */
    0x03, 0x40, 0xc9, 0x3f, 0x68, 0xf2, 0xdf, 0x9e, 0xfd, 0x6b, 0x50,

    /* U+2019 RIGHT SINGLE QUOTATION MARK */
    0x26, 0x2c, 0xfc, 0xcf, 0xe3, 0xf9, 0x5f, 0x48, 0xe0, 0x87, 0x00,

    /* U+201C LEFT DOUBLE QUOTATION MARK */
    0x03, 0x40, 0x03, 0x40, 0xc9, 0x00, 0xc9, 0x3f, 0x60, 0x3f, 0x68, 0xf2, 0x08, 0xf2, 0xdf, 0x90,
    0xdf, 0x9e, 0xfd, 0x0e, 0xfd, 0x6b, 0x50, 0x6b, 0x50,

    /* U+201D RIGHT DOUBLE QUOTATION MARK */
    0x26, 0x20, 0x26, 0x2c, 0xfc, 0x0c, 0xfc, 0xcf, 0xe0, 0xcf, 0xe3, 0xf9, 0x03, 0xf9, 0x5f, 0x40,
    0x5f, 0x48, 0xe0, 0x08, 0xe0, 0x87, 0x00, 0x87, 0x00,

    /* U+2022 BULLET */
    0x00, 0x10, 0x01, 0xcf, 0xb0, 0x7f, 0xff, 0x56, 0xff, 0xf5, 0x0a, 0xd9, 0x00,

    /* U+2026 HORIZONTAL ELLIPSIS */
    0x6c, 0x60, 0x06, 0xc6, 0x00, 0x6c, 0x6e, 0xfe, 0x00, 0xef, 0xe0, 0x0e, 0xfe, 0xaf, 0x90, 0x0a,
    0xf9, 0x00, 0xaf, 0x90, 0x10, 0x00, 0x01, 0x00, 0x00, 0x10,
};

/*---------------------
 *  GLYPH DESCRIPTION
 *--------------------*/

static const lv_font_fmt_txt_glyph_dsc_t glyph_dsc[] = {
    {.bitmap_index = 0, .adv_w = 0, .box_w = 0, .box_h = 0, .ofs_x = 0, .ofs_y = 0} /* id = 0 reserved */,
    {.bitmap_index = 0, .adv_w = 95, .box_w = 0, .box_h = 0, .ofs_x = 0, .ofs_y = 0}, /* id = 1 U+00A0 */
    {.bitmap_index = 0, .adv_w = 94, .box_w = 4, .box_h = 16, .ofs_x = 1, .ofs_y = -4}, /* id = 2 U+00A1 */
    {.bitmap_index = 32, .adv_w = 201, .box_w = 12, .box_h = 18, .ofs_x = 0, .ofs_y = -3}, /* id = 3 U+00A2 */
    {.bitmap_index = 140, .adv_w = 227, .box_w = 14, .box_h = 16, .ofs_x = 0, .ofs_y = 0}, /* id = 4 U+00A3 */
    {.bitmap_index = 252, .adv_w = 246, .box_w = 15, .box_h = 14, .ofs_x = 0, .ofs_y = 0}, /* id = 5 U+00A4 */
    {.bitmap_index = 357, .adv_w = 249, .box_w = 16, .box_h = 16, .ofs_x = 0, .ofs_y = 0}, /* id = 6 U+00A5 */
    {.bitmap_index = 485, .adv_w = 105, .box_w = 3, .box_h = 22, .ofs_x = 2, .ofs_y = -5}, /* id = 7 U+00A6 */
    {.bitmap_index = 518, .adv_w = 176, .box_w = 11, .box_h = 19, .ofs_x = 0, .ofs_y = -3}, /* id = 8 U+00A7 */
    {.bitmap_index = 623, .adv_w = 211, .box_w = 7, .box_h = 3, .ofs_x = 3, .ofs_y = 13}, /* id = 9 U+00A8 */
    {.bitmap_index = 634, .adv_w = 282, .box_w = 16, .box_h = 16, .ofs_x = 1, .ofs_y = 0}, /* id = 10 U+00A9 */
    {.bitmap_index = 762, .adv_w = 142, .box_w = 8, .box_h = 8, .ofs_x = 0, .ofs_y = 9}, /* id = 11 U+00AA */
    {.bitmap_index = 794, .adv_w = 177, .box_w = 9, .box_h = 10, .ofs_x = 1, .ofs_y = 1}, /* id = 12 U+00AB */
    {.bitmap_index = 839, .adv_w = 205, .box_w = 11, .box_h = 7, .ofs_x = 1, .ofs_y = 2}, /* id = 13 U+00AC */
    {.bitmap_index = 878, .adv_w = 0, .box_w = 0, .box_h = 0, .ofs_x = 0, .ofs_y = 0}, /* id = 14 U+00AD */
    {.bitmap_index = 878, .adv_w = 282, .box_w = 16, .box_h = 16, .ofs_x = 1, .ofs_y = 0}, /* id = 15 U+00AE */
    {.bitmap_index = 1006, .adv_w = 211, .box_w = 8, .box_h = 2, .ofs_x = 3, .ofs_y = 14}, /* id = 16 U+00AF */
    {.bitmap_index = 1014, .adv_w = 147, .box_w = 8, .box_h = 8, .ofs_x = 1, .ofs_y = 8}, /* id = 17 U+00B0 */
    {.bitmap_index = 1046, .adv_w = 205, .box_w = 11, .box_h = 14, .ofs_x = 1, .ofs_y = 0}, /* id = 18 U+00B1 */
    {.bitmap_index = 1123, .adv_w = 151, .box_w = 9, .box_h = 10, .ofs_x = 0, .ofs_y = 7}, /* id = 19 U+00B2 */
    {.bitmap_index = 1168, .adv_w = 151, .box_w = 9, .box_h = 11, .ofs_x = 0, .ofs_y = 6}, /* id = 20 U+00B3 */
    {.bitmap_index = 1218, .adv_w = 211, .box_w = 6, .box_h = 4, .ofs_x = 5, .ofs_y = 13}, /* id = 21 U+00B4 */
    {.bitmap_index = 1230, .adv_w = 240, .box_w = 11, .box_h = 17, .ofs_x = 2, .ofs_y = -5}, /* id = 22 U+00B5 */
    {.bitmap_index = 1324, .adv_w = 228, .box_w = 12, .box_h = 20, .ofs_x = 0, .ofs_y = -3}, /* id = 23 U+00B6 */
    {.bitmap_index = 1444, .adv_w = 94, .box_w = 4, .box_h = 4, .ofs_x = 1, .ofs_y = 4}, /* id = 24 U+00B7 */
    {.bitmap_index = 1452, .adv_w = 211, .box_w = 5, .box_h = 6, .ofs_x = 4, .ofs_y = -5}, /* id = 25 U+00B8 */
    {.bitmap_index = 1467, .adv_w = 151, .box_w = 8, .box_h = 10, .ofs_x = 1, .ofs_y = 7}, /* id = 26 U+00B9 */
    {.bitmap_index = 1507, .adv_w = 147, .box_w = 9, .box_h = 8, .ofs_x = 0, .ofs_y = 9}, /* id = 27 U+00BA */
    {.bitmap_index = 1543, .adv_w = 177, .box_w = 10, .box_h = 10, .ofs_x = 0, .ofs_y = 1}, /* id = 28 U+00BB */
    {.bitmap_index = 1593, .adv_w = 364, .box_w = 21, .box_h = 16, .ofs_x = 1, .ofs_y = 0}, /* id = 29 U+00BC */
    {.bitmap_index = 1761, .adv_w = 364, .box_w = 21, .box_h = 16, .ofs_x = 1, .ofs_y = 0}, /* id = 30 U+00BD */
    {.bitmap_index = 1929, .adv_w = 364, .box_w = 22, .box_h = 16, .ofs_x = 0, .ofs_y = 0}, /* id = 31 U+00BE */
    {.bitmap_index = 2105, .adv_w = 202, .box_w = 12, .box_h = 16, .ofs_x = 1, .ofs_y = -4}, /* id = 32 U+00BF */
    {.bitmap_index = 2201, .adv_w = 258, .box_w = 16, .box_h = 20, .ofs_x = 0, .ofs_y = 0}, /* id = 33 U+00C0 */
    {.bitmap_index = 2361, .adv_w = 258, .box_w = 16, .box_h = 20, .ofs_x = 0, .ofs_y = 0}, /* id = 34 U+00C1 */
    {.bitmap_index = 2521, .adv_w = 258, .box_w = 16, .box_h = 20, .ofs_x = 0, .ofs_y = 0}, /* id = 35 U+00C2 */
    {.bitmap_index = 2681, .adv_w = 258, .box_w = 16, .box_h = 20, .ofs_x = 0, .ofs_y = 0}, /* id = 36 U+00C3 */
    {.bitmap_index = 2841, .adv_w = 258, .box_w = 16, .box_h = 19, .ofs_x = 0, .ofs_y = 0}, /* id = 37 U+00C4 */
    {.bitmap_index = 2993, .adv_w = 258, .box_w = 16, .box_h = 21, .ofs_x = 0, .ofs_y = 0}, /* id = 38 U+00C5 */
    {.bitmap_index = 3161, .adv_w = 369, .box_w = 22, .box_h = 16, .ofs_x = 0, .ofs_y = 0}, /* id = 39 U+00C6 */
    {.bitmap_index = 3337, .adv_w = 251, .box_w = 14, .box_h = 21, .ofs_x = 1, .ofs_y = -5}, /* id = 40 U+00C7 */
    {.bitmap_index = 3484, .adv_w = 236, .box_w = 12, .box_h = 20, .ofs_x = 2, .ofs_y = 0}, /* id = 41 U+00C8 */
    {.bitmap_index = 3604, .adv_w = 236, .box_w = 12, .box_h = 20, .ofs_x = 2, .ofs_y = 0}, /* id = 42 U+00C9 */
    {.bitmap_index = 3724, .adv_w = 236, .box_w = 12, .box_h = 20, .ofs_x = 2, .ofs_y = 0}, /* id = 43 U+00CA */
    {.bitmap_index = 3844, .adv_w = 236, .box_w = 12, .box_h = 19, .ofs_x = 2, .ofs_y = 0}, /* id = 44 U+00CB */
    {.bitmap_index = 3958, .adv_w = 109, .box_w = 6, .box_h = 20, .ofs_x = -1, .ofs_y = 0}, /* id = 45 U+00CC */
    {.bitmap_index = 4018, .adv_w = 109, .box_w = 6, .box_h = 20, .ofs_x = 2, .ofs_y = 0}, /* id = 46 U+00CD */
    {.bitmap_index = 4078, .adv_w = 109, .box_w = 9, .box_h = 20, .ofs_x = -1, .ofs_y = 0}, /* id = 47 U+00CE */
    {.bitmap_index = 4168, .adv_w = 109, .box_w = 7, .box_h = 19, .ofs_x = 0, .ofs_y = 0}, /* id = 48 U+00CF */
    {.bitmap_index = 4235, .adv_w = 291, .box_w = 18, .box_h = 16, .ofs_x = 0, .ofs_y = 0}, /* id = 49 U+00D0 */
    {.bitmap_index = 4379, .adv_w = 286, .box_w = 14, .box_h = 20, .ofs_x = 2, .ofs_y = 0}, /* id = 50 U+00D1 */
    {.bitmap_index = 4519, .adv_w = 296, .box_w = 17, .box_h = 21, .ofs_x = 1, .ofs_y = -1}, /* id = 51 U+00D2 */
    {.bitmap_index = 4698, .adv_w = 296, .box_w = 17, .box_h = 21, .ofs_x = 1, .ofs_y = -1}, /* id = 52 U+00D3 */
    {.bitmap_index = 4877, .adv_w = 296, .box_w = 17, .box_h = 21, .ofs_x = 1, .ofs_y = -1}, /* id = 53 U+00D4 */
    {.bitmap_index = 5056, .adv_w = 296, .box_w = 17, .box_h = 21, .ofs_x = 1, .ofs_y = -1}, /* id = 54 U+00D5 */
    {.bitmap_index = 5235, .adv_w = 296, .box_w = 17, .box_h = 20, .ofs_x = 1, .ofs_y = -1}, /* id = 55 U+00D6 */
    {.bitmap_index = 5405, .adv_w = 205, .box_w = 9, .box_h = 9, .ofs_x = 2, .ofs_y = 3}, /* id = 56 U+00D7 */
    {.bitmap_index = 5446, .adv_w = 296, .box_w = 17, .box_h = 19, .ofs_x = 1, .ofs_y = -2}, /* id = 57 U+00D8 */
    {.bitmap_index = 5608, .adv_w = 278, .box_w = 14, .box_h = 21, .ofs_x = 2, .ofs_y = -1}, /* id = 58 U+00D9 */
    {.bitmap_index = 5755, .adv_w = 278, .box_w = 14, .box_h = 21, .ofs_x = 2, .ofs_y = -1}, /* id = 59 U+00DA */
    {.bitmap_index = 5902, .adv_w = 278, .box_w = 14, .box_h = 21, .ofs_x = 2, .ofs_y = -1}, /* id = 60 U+00DB */
    {.bitmap_index = 6049, .adv_w = 278, .box_w = 14, .box_h = 20, .ofs_x = 2, .ofs_y = -1}, /* id = 61 U+00DC */
    {.bitmap_index = 6189, .adv_w = 228, .box_w = 15, .box_h = 20, .ofs_x = 0, .ofs_y = 0}, /* id = 62 U+00DD */
    {.bitmap_index = 6339, .adv_w = 254, .box_w = 13, .box_h = 16, .ofs_x = 2, .ofs_y = 0}, /* id = 63 U+00DE */
    {.bitmap_index = 6443, .adv_w = 238, .box_w = 12, .box_h = 18, .ofs_x = 2, .ofs_y = -1}, /* id = 64 U+00DF */
    {.bitmap_index = 6551, .adv_w = 210, .box_w = 11, .box_h = 18, .ofs_x = 1, .ofs_y = -1}, /* id = 65 U+00E0 */
    {.bitmap_index = 6650, .adv_w = 210, .box_w = 11, .box_h = 18, .ofs_x = 1, .ofs_y = -1}, /* id = 66 U+00E1 */
    {.bitmap_index = 6749, .adv_w = 210, .box_w = 11, .box_h = 18, .ofs_x = 1, .ofs_y = -1}, /* id = 67 U+00E2 */
    {.bitmap_index = 6848, .adv_w = 210, .box_w = 11, .box_h = 18, .ofs_x = 1, .ofs_y = -1}, /* id = 68 U+00E3 */
    {.bitmap_index = 6947, .adv_w = 210, .box_w = 11, .box_h = 17, .ofs_x = 1, .ofs_y = -1}, /* id = 69 U+00E4 */
    {.bitmap_index = 7041, .adv_w = 210, .box_w = 11, .box_h = 19, .ofs_x = 1, .ofs_y = -1}, /* id = 70 U+00E5 */
    {.bitmap_index = 7146, .adv_w = 348, .box_w = 20, .box_h = 13, .ofs_x = 1, .ofs_y = -1}, /* id = 71 U+00E6 */
    {.bitmap_index = 7276, .adv_w = 201, .box_w = 12, .box_h = 17, .ofs_x = 0, .ofs_y = -5}, /* id = 72 U+00E7 */
    {.bitmap_index = 7378, .adv_w = 215, .box_w = 13, .box_h = 18, .ofs_x = 0, .ofs_y = -1}, /* id = 73 U+00E8 */
    {.bitmap_index = 7495, .adv_w = 215, .box_w = 13, .box_h = 18, .ofs_x = 0, .ofs_y = -1}, /* id = 74 U+00E9 */
    {.bitmap_index = 7612, .adv_w = 215, .box_w = 13, .box_h = 18, .ofs_x = 0, .ofs_y = -1}, /* id = 75 U+00EA */
    {.bitmap_index = 7729, .adv_w = 215, .box_w = 13, .box_h = 17, .ofs_x = 0, .ofs_y = -1}, /* id = 76 U+00EB */
    {.bitmap_index = 7840, .adv_w = 98, .box_w = 7, .box_h = 17, .ofs_x = -2, .ofs_y = 0}, /* id = 77 U+00EC */
    {.bitmap_index = 7900, .adv_w = 98, .box_w = 6, .box_h = 17, .ofs_x = 1, .ofs_y = 0}, /* id = 78 U+00ED */
    {.bitmap_index = 7951, .adv_w = 98, .box_w = 7, .box_h = 17, .ofs_x = -1, .ofs_y = 0}, /* id = 79 U+00EE */
    {.bitmap_index = 8011, .adv_w = 98, .box_w = 6, .box_h = 16, .ofs_x = 0, .ofs_y = 0}, /* id = 80 U+00EF */
    {.bitmap_index = 8059, .adv_w = 210, .box_w = 13, .box_h = 18, .ofs_x = 0, .ofs_y = -1}, /* id = 81 U+00F0 */
    {.bitmap_index = 8176, .adv_w = 240, .box_w = 12, .box_h = 17, .ofs_x = 2, .ofs_y = 0}, /* id = 82 U+00F1 */
    {.bitmap_index = 8278, .adv_w = 224, .box_w = 13, .box_h = 18, .ofs_x = 0, .ofs_y = -1}, /* id = 83 U+00F2 */
    {.bitmap_index = 8395, .adv_w = 224, .box_w = 13, .box_h = 18, .ofs_x = 0, .ofs_y = -1}, /* id = 84 U+00F3 */
    {.bitmap_index = 8512, .adv_w = 224, .box_w = 13, .box_h = 18, .ofs_x = 0, .ofs_y = -1}, /* id = 85 U+00F4 */
    {.bitmap_index = 8629, .adv_w = 224, .box_w = 13, .box_h = 18, .ofs_x = 0, .ofs_y = -1}, /* id = 86 U+00F5 */
    {.bitmap_index = 8746, .adv_w = 224, .box_w = 13, .box_h = 17, .ofs_x = 0, .ofs_y = -1}, /* id = 87 U+00F6 */
    {.bitmap_index = 8857, .adv_w = 205, .box_w = 11, .box_h = 12, .ofs_x = 1, .ofs_y = 2}, /* id = 88 U+00F7 */
    {.bitmap_index = 8923, .adv_w = 224, .box_w = 13, .box_h = 15, .ofs_x = 0, .ofs_y = -2}, /* id = 89 U+00F8 */
    {.bitmap_index = 9021, .adv_w = 238, .box_w = 12, .box_h = 18, .ofs_x = 1, .ofs_y = -1}, /* id = 90 U+00F9 */
    {.bitmap_index = 9129, .adv_w = 238, .box_w = 12, .box_h = 18, .ofs_x = 1, .ofs_y = -1}, /* id = 91 U+00FA */
    {.bitmap_index = 9237, .adv_w = 238, .box_w = 12, .box_h = 18, .ofs_x = 1, .ofs_y = -1}, /* id = 92 U+00FB */
    {.bitmap_index = 9345, .adv_w = 238, .box_w = 12, .box_h = 17, .ofs_x = 1, .ofs_y = -1}, /* id = 93 U+00FC */
    {.bitmap_index = 9447, .adv_w = 197, .box_w = 14, .box_h = 22, .ofs_x = -1, .ofs_y = -5}, /* id = 94 U+00FD */
    {.bitmap_index = 9601, .adv_w = 240, .box_w = 13, .box_h = 22, .ofs_x = 2, .ofs_y = -5}, /* id = 95 U+00FE */
    {.bitmap_index = 9744, .adv_w = 197, .box_w = 14, .box_h = 21, .ofs_x = -1, .ofs_y = -5}, /* id = 96 U+00FF */
    {.bitmap_index = 9891, .adv_w = 258, .box_w = 16, .box_h = 19, .ofs_x = 0, .ofs_y = 0}, /* id = 97 U+0100 */
    {.bitmap_index = 10043, .adv_w = 210, .box_w = 11, .box_h = 17, .ofs_x = 1, .ofs_y = -1}, /* id = 98 U+0101 */
    {.bitmap_index = 10137, .adv_w = 258, .box_w = 16, .box_h = 21, .ofs_x = 0, .ofs_y = 0}, /* id = 99 U+0102 */
    {.bitmap_index = 10305, .adv_w = 210, .box_w = 11, .box_h = 18, .ofs_x = 1, .ofs_y = -1}, /* id = 100 U+0103 */
    {.bitmap_index = 10404, .adv_w = 258, .box_w = 17, .box_h = 21, .ofs_x = 0, .ofs_y = -5}, /* id = 101 U+0104 */
    {.bitmap_index = 10583, .adv_w = 210, .box_w = 11, .box_h = 17, .ofs_x = 1, .ofs_y = -5}, /* id = 102 U+0105 */
    {.bitmap_index = 10677, .adv_w = 251, .box_w = 14, .box_h = 21, .ofs_x = 1, .ofs_y = -1}, /* id = 103 U+0106 */
    {.bitmap_index = 10824, .adv_w = 201, .box_w = 12, .box_h = 18, .ofs_x = 0, .ofs_y = -1}, /* id = 104 U+0107 */
    {.bitmap_index = 10932, .adv_w = 251, .box_w = 14, .box_h = 21, .ofs_x = 1, .ofs_y = -1}, /* id = 105 U+0108 */
    {.bitmap_index = 11079, .adv_w = 201, .box_w = 12, .box_h = 18, .ofs_x = 0, .ofs_y = -1}, /* id = 106 U+0109 */
    {.bitmap_index = 11187, .adv_w = 251, .box_w = 14, .box_h = 21, .ofs_x = 1, .ofs_y = -1}, /* id = 107 U+010A */
    {.bitmap_index = 11334, .adv_w = 201, .box_w = 12, .box_h = 18, .ofs_x = 0, .ofs_y = -1}, /* id = 108 U+010B */
    {.bitmap_index = 11442, .adv_w = 251, .box_w = 14, .box_h = 21, .ofs_x = 1, .ofs_y = -1}, /* id = 109 U+010C */
    {.bitmap_index = 11589, .adv_w = 201, .box_w = 12, .box_h = 18, .ofs_x = 0, .ofs_y = -1}, /* id = 110 U+010D */
    {.bitmap_index = 11697, .adv_w = 291, .box_w = 16, .box_h = 20, .ofs_x = 2, .ofs_y = 0}, /* id = 111 U+010E */
    {.bitmap_index = 11857, .adv_w = 240, .box_w = 17, .box_h = 19, .ofs_x = 0, .ofs_y = -1}, /* id = 112 U+010F */
    {.bitmap_index = 12019, .adv_w = 291, .box_w = 18, .box_h = 16, .ofs_x = 0, .ofs_y = 0}, /* id = 113 U+0110 */
    {.bitmap_index = 12163, .adv_w = 240, .box_w = 15, .box_h = 18, .ofs_x = 0, .ofs_y = -1}, /* id = 114 U+0111 */
    {.bitmap_index = 12298, .adv_w = 236, .box_w = 12, .box_h = 19, .ofs_x = 2, .ofs_y = 0}, /* id = 115 U+0112 */
    {.bitmap_index = 12412, .adv_w = 215, .box_w = 13, .box_h = 17, .ofs_x = 0, .ofs_y = -1}, /* id = 116 U+0113 */
    {.bitmap_index = 12523, .adv_w = 236, .box_w = 12, .box_h = 21, .ofs_x = 2, .ofs_y = 0}, /* id = 117 U+0114 */
    {.bitmap_index = 12649, .adv_w = 215, .box_w = 13, .box_h = 18, .ofs_x = 0, .ofs_y = -1}, /* id = 118 U+0115 */
    {.bitmap_index = 12766, .adv_w = 236, .box_w = 12, .box_h = 20, .ofs_x = 2, .ofs_y = 0}, /* id = 119 U+0116 */
    {.bitmap_index = 12886, .adv_w = 215, .box_w = 13, .box_h = 18, .ofs_x = 0, .ofs_y = -1}, /* id = 120 U+0117 */
    {.bitmap_index = 13003, .adv_w = 236, .box_w = 12, .box_h = 21, .ofs_x = 2, .ofs_y = -5}, /* id = 121 U+0118 */
    {.bitmap_index = 13129, .adv_w = 215, .box_w = 13, .box_h = 17, .ofs_x = 0, .ofs_y = -5}, /* id = 122 U+0119 */
    {.bitmap_index = 13240, .adv_w = 236, .box_w = 12, .box_h = 20, .ofs_x = 2, .ofs_y = 0}, /* id = 123 U+011A */
    {.bitmap_index = 13360, .adv_w = 215, .box_w = 13, .box_h = 18, .ofs_x = 0, .ofs_y = -1}, /* id = 124 U+011B */
    {.bitmap_index = 13477, .adv_w = 272, .box_w = 15, .box_h = 21, .ofs_x = 1, .ofs_y = -1}, /* id = 125 U+011C */
    {.bitmap_index = 13635, .adv_w = 243, .box_w = 13, .box_h = 22, .ofs_x = 1, .ofs_y = -5}, /* id = 126 U+011D */
    {.bitmap_index = 13778, .adv_w = 272, .box_w = 15, .box_h = 22, .ofs_x = 1, .ofs_y = -1}, /* id = 127 U+011E */
    {.bitmap_index = 13943, .adv_w = 243, .box_w = 13, .box_h = 22, .ofs_x = 1, .ofs_y = -5}, /* id = 128 U+011F */
    {.bitmap_index = 14086, .adv_w = 272, .box_w = 15, .box_h = 21, .ofs_x = 1, .ofs_y = -1}, /* id = 129 U+0120 */
    {.bitmap_index = 14244, .adv_w = 243, .box_w = 13, .box_h = 22, .ofs_x = 1, .ofs_y = -5}, /* id = 130 U+0121 */
    {.bitmap_index = 14387, .adv_w = 272, .box_w = 15, .box_h = 22, .ofs_x = 1, .ofs_y = -6}, /* id = 131 U+0122 */
    {.bitmap_index = 14552, .adv_w = 243, .box_w = 13, .box_h = 23, .ofs_x = 1, .ofs_y = -5}, /* id = 132 U+0123 */
    {.bitmap_index = 14702, .adv_w = 286, .box_w = 14, .box_h = 20, .ofs_x = 2, .ofs_y = 0}, /* id = 133 U+0124 */
    {.bitmap_index = 14842, .adv_w = 240, .box_w = 16, .box_h = 21, .ofs_x = -2, .ofs_y = 0}, /* id = 134 U+0125 */
    {.bitmap_index = 15010, .adv_w = 291, .box_w = 18, .box_h = 16, .ofs_x = 0, .ofs_y = 0}, /* id = 135 U+0126 */
    {.bitmap_index = 15154, .adv_w = 244, .box_w = 14, .box_h = 17, .ofs_x = 0, .ofs_y = 0}, /* id = 136 U+0127 */
    {.bitmap_index = 15273, .adv_w = 109, .box_w = 7, .box_h = 20, .ofs_x = 0, .ofs_y = 0}, /* id = 137 U+0128 */
    {.bitmap_index = 15343, .adv_w = 98, .box_w = 7, .box_h = 17, .ofs_x = -1, .ofs_y = 0}, /* id = 138 U+0129 */
    {.bitmap_index = 15403, .adv_w = 109, .box_w = 7, .box_h = 19, .ofs_x = 0, .ofs_y = 0}, /* id = 139 U+012A */
    {.bitmap_index = 15470, .adv_w = 98, .box_w = 7, .box_h = 16, .ofs_x = -1, .ofs_y = 0}, /* id = 140 U+012B */
    {.bitmap_index = 15526, .adv_w = 109, .box_w = 7, .box_h = 21, .ofs_x = 0, .ofs_y = 0}, /* id = 141 U+012C */
    {.bitmap_index = 15600, .adv_w = 98, .box_w = 7, .box_h = 17, .ofs_x = -1, .ofs_y = 0}, /* id = 142 U+012D */
    {.bitmap_index = 15660, .adv_w = 109, .box_w = 4, .box_h = 21, .ofs_x = 1, .ofs_y = -5}, /* id = 143 U+012E */
    {.bitmap_index = 15702, .adv_w = 98, .box_w = 4, .box_h = 22, .ofs_x = 1, .ofs_y = -5}, /* id = 144 U+012F */
    {.bitmap_index = 15746, .adv_w = 109, .box_w = 3, .box_h = 20, .ofs_x = 2, .ofs_y = 0}, /* id = 145 U+0130 */
    {.bitmap_index = 15776, .adv_w = 98, .box_w = 3, .box_h = 12, .ofs_x = 2, .ofs_y = 0}, /* id = 146 U+0131 */
    {.bitmap_index = 15794, .adv_w = 253, .box_w = 12, .box_h = 17, .ofs_x = 2, .ofs_y = -1}, /* id = 147 U+0132 */
    {.bitmap_index = 15896, .adv_w = 198, .box_w = 10, .box_h = 22, .ofs_x = 1, .ofs_y = -5}, /* id = 148 U+0133 */
    {.bitmap_index = 16006, .adv_w = 181, .box_w = 10, .box_h = 21, .ofs_x = 0, .ofs_y = -1}, /* id = 149 U+0134 */
    {.bitmap_index = 16111, .adv_w = 100, .box_w = 9, .box_h = 22, .ofs_x = -2, .ofs_y = -5}, /* id = 150 U+0135 */
    {.bitmap_index = 16210, .adv_w = 253, .box_w = 14, .box_h = 22, .ofs_x = 2, .ofs_y = -6}, /* id = 151 U+0136 */
    {.bitmap_index = 16364, .adv_w = 216, .box_w = 12, .box_h = 23, .ofs_x = 2, .ofs_y = -6}, /* id = 152 U+0137 */
    {.bitmap_index = 16502, .adv_w = 216, .box_w = 12, .box_h = 12, .ofs_x = 2, .ofs_y = 0}, /* id = 153 U+0138 */
    {.bitmap_index = 16574, .adv_w = 209, .box_w = 11, .box_h = 20, .ofs_x = 2, .ofs_y = 0}, /* id = 154 U+0139 */
    {.bitmap_index = 16684, .adv_w = 98, .box_w = 6, .box_h = 21, .ofs_x = 1, .ofs_y = 0}, /* id = 155 U+013A */
    {.bitmap_index = 16747, .adv_w = 209, .box_w = 11, .box_h = 22, .ofs_x = 2, .ofs_y = -6}, /* id = 156 U+013B */
    {.bitmap_index = 16868, .adv_w = 98, .box_w = 4, .box_h = 23, .ofs_x = 1, .ofs_y = -6}, /* id = 157 U+013C */
    {.bitmap_index = 16914, .adv_w = 209, .box_w = 11, .box_h = 17, .ofs_x = 2, .ofs_y = 0}, /* id = 158 U+013D */
    {.bitmap_index = 17008, .adv_w = 98, .box_w = 6, .box_h = 18, .ofs_x = 2, .ofs_y = 0}, /* id = 159 U+013E */
    {.bitmap_index = 17062, .adv_w = 209, .box_w = 11, .box_h = 16, .ofs_x = 2, .ofs_y = 0}, /* id = 160 U+013F */
    {.bitmap_index = 17150, .adv_w = 137, .box_w = 7, .box_h = 17, .ofs_x = 2, .ofs_y = 0}, /* id = 161 U+0140 */
    {.bitmap_index = 17210, .adv_w = 209, .box_w = 13, .box_h = 16, .ofs_x = 0, .ofs_y = 0}, /* id = 162 U+0141 */
    {.bitmap_index = 17314, .adv_w = 98, .box_w = 7, .box_h = 17, .ofs_x = 0, .ofs_y = 0}, /* id = 163 U+0142 */
    {.bitmap_index = 17374, .adv_w = 286, .box_w = 14, .box_h = 20, .ofs_x = 2, .ofs_y = 0}, /* id = 164 U+0143 */
    {.bitmap_index = 17514, .adv_w = 240, .box_w = 12, .box_h = 17, .ofs_x = 2, .ofs_y = 0}, /* id = 165 U+0144 */
    {.bitmap_index = 17616, .adv_w = 286, .box_w = 14, .box_h = 22, .ofs_x = 2, .ofs_y = -6}, /* id = 166 U+0145 */
    {.bitmap_index = 17770, .adv_w = 240, .box_w = 12, .box_h = 18, .ofs_x = 2, .ofs_y = -6}, /* id = 167 U+0146 */
    {.bitmap_index = 17878, .adv_w = 286, .box_w = 14, .box_h = 20, .ofs_x = 2, .ofs_y = 0}, /* id = 168 U+0147 */
    {.bitmap_index = 18018, .adv_w = 240, .box_w = 12, .box_h = 17, .ofs_x = 2, .ofs_y = 0}, /* id = 169 U+0148 */
    {.bitmap_index = 18120, .adv_w = 256, .box_w = 15, .box_h = 17, .ofs_x = 0, .ofs_y = 0}, /* id = 170 U+0149 */
    {.bitmap_index = 18248, .adv_w = 286, .box_w = 14, .box_h = 21, .ofs_x = 2, .ofs_y = -5}, /* id = 171 U+014A */
    {.bitmap_index = 18395, .adv_w = 240, .box_w = 12, .box_h = 17, .ofs_x = 2, .ofs_y = -5}, /* id = 172 U+014B */
    {.bitmap_index = 18497, .adv_w = 296, .box_w = 17, .box_h = 20, .ofs_x = 1, .ofs_y = -1}, /* id = 173 U+014C */
    {.bitmap_index = 18667, .adv_w = 224, .box_w = 13, .box_h = 17, .ofs_x = 0, .ofs_y = -1}, /* id = 174 U+014D */
    {.bitmap_index = 18778, .adv_w = 296, .box_w = 17, .box_h = 22, .ofs_x = 1, .ofs_y = -1}, /* id = 175 U+014E */
    {.bitmap_index = 18965, .adv_w = 224, .box_w = 13, .box_h = 18, .ofs_x = 0, .ofs_y = -1}, /* id = 176 U+014F */
    {.bitmap_index = 19082, .adv_w = 296, .box_w = 17, .box_h = 21, .ofs_x = 1, .ofs_y = -1}, /* id = 177 U+0150 */
    {.bitmap_index = 19261, .adv_w = 224, .box_w = 13, .box_h = 18, .ofs_x = 0, .ofs_y = -1}, /* id = 178 U+0151 */
    {.bitmap_index = 19378, .adv_w = 396, .box_w = 23, .box_h = 16, .ofs_x = 1, .ofs_y = 0}, /* id = 179 U+0152 */
    {.bitmap_index = 19562, .adv_w = 376, .box_w = 23, .box_h = 13, .ofs_x = 0, .ofs_y = -1}, /* id = 180 U+0153 */
    {.bitmap_index = 19712, .adv_w = 256, .box_w = 13, .box_h = 20, .ofs_x = 2, .ofs_y = 0}, /* id = 181 U+0154 */
    {.bitmap_index = 19842, .adv_w = 144, .box_w = 8, .box_h = 17, .ofs_x = 2, .ofs_y = 0}, /* id = 182 U+0155 */
    {.bitmap_index = 19910, .adv_w = 256, .box_w = 13, .box_h = 22, .ofs_x = 2, .ofs_y = -6}, /* id = 183 U+0156 */
    {.bitmap_index = 20053, .adv_w = 144, .box_w = 7, .box_h = 18, .ofs_x = 2, .ofs_y = -6}, /* id = 184 U+0157 */
    {.bitmap_index = 20116, .adv_w = 256, .box_w = 13, .box_h = 20, .ofs_x = 2, .ofs_y = 0}, /* id = 185 U+0158 */
    {.bitmap_index = 20246, .adv_w = 144, .box_w = 9, .box_h = 17, .ofs_x = 1, .ofs_y = 0}, /* id = 186 U+0159 */
    {.bitmap_index = 20323, .adv_w = 219, .box_w = 12, .box_h = 21, .ofs_x = 1, .ofs_y = -1}, /* id = 187 U+015A */
    {.bitmap_index = 20449, .adv_w = 176, .box_w = 11, .box_h = 18, .ofs_x = 0, .ofs_y = -1}, /* id = 188 U+015B */
    {.bitmap_index = 20548, .adv_w = 219, .box_w = 12, .box_h = 21, .ofs_x = 1, .ofs_y = -1}, /* id = 189 U+015C */
    {.bitmap_index = 20674, .adv_w = 176, .box_w = 11, .box_h = 18, .ofs_x = 0, .ofs_y = -1}, /* id = 190 U+015D */
    {.bitmap_index = 20773, .adv_w = 219, .box_w = 12, .box_h = 21, .ofs_x = 1, .ofs_y = -5}, /* id = 191 U+015E */
    {.bitmap_index = 20899, .adv_w = 176, .box_w = 11, .box_h = 17, .ofs_x = 0, .ofs_y = -5}, /* id = 192 U+015F */
    {.bitmap_index = 20993, .adv_w = 219, .box_w = 12, .box_h = 21, .ofs_x = 1, .ofs_y = -1}, /* id = 193 U+0160 */
    {.bitmap_index = 21119, .adv_w = 176, .box_w = 11, .box_h = 18, .ofs_x = 0, .ofs_y = -1}, /* id = 194 U+0161 */
    {.bitmap_index = 21218, .adv_w = 207, .box_w = 13, .box_h = 21, .ofs_x = 0, .ofs_y = -5}, /* id = 195 U+0162 */
    {.bitmap_index = 21355, .adv_w = 146, .box_w = 9, .box_h = 20, .ofs_x = 0, .ofs_y = -5}, /* id = 196 U+0163 */
    {.bitmap_index = 21445, .adv_w = 207, .box_w = 13, .box_h = 20, .ofs_x = 0, .ofs_y = 0}, /* id = 197 U+0164 */
    {.bitmap_index = 21575, .adv_w = 146, .box_w = 9, .box_h = 18, .ofs_x = 0, .ofs_y = -1}, /* id = 198 U+0165 */
    {.bitmap_index = 21656, .adv_w = 207, .box_w = 13, .box_h = 16, .ofs_x = 0, .ofs_y = 0}, /* id = 199 U+0166 */
    {.bitmap_index = 21760, .adv_w = 146, .box_w = 9, .box_h = 16, .ofs_x = 0, .ofs_y = -1}, /* id = 200 U+0167 */
    {.bitmap_index = 21832, .adv_w = 278, .box_w = 14, .box_h = 21, .ofs_x = 2, .ofs_y = -1}, /* id = 201 U+0168 */
    {.bitmap_index = 21979, .adv_w = 238, .box_w = 12, .box_h = 18, .ofs_x = 1, .ofs_y = -1}, /* id = 202 U+0169 */
    {.bitmap_index = 22087, .adv_w = 278, .box_w = 14, .box_h = 20, .ofs_x = 2, .ofs_y = -1}, /* id = 203 U+016A */
    {.bitmap_index = 22227, .adv_w = 238, .box_w = 12, .box_h = 17, .ofs_x = 1, .ofs_y = -1}, /* id = 204 U+016B */
    {.bitmap_index = 22329, .adv_w = 278, .box_w = 14, .box_h = 22, .ofs_x = 2, .ofs_y = -1}, /* id = 205 U+016C */
    {.bitmap_index = 22483, .adv_w = 238, .box_w = 12, .box_h = 18, .ofs_x = 1, .ofs_y = -1}, /* id = 206 U+016D */
    {.bitmap_index = 22591, .adv_w = 278, .box_w = 14, .box_h = 22, .ofs_x = 2, .ofs_y = -1}, /* id = 207 U+016E */
    {.bitmap_index = 22745, .adv_w = 238, .box_w = 12, .box_h = 19, .ofs_x = 1, .ofs_y = -1}, /* id = 208 U+016F */
    {.bitmap_index = 22859, .adv_w = 278, .box_w = 14, .box_h = 21, .ofs_x = 2, .ofs_y = -1}, /* id = 209 U+0170 */
    {.bitmap_index = 23006, .adv_w = 238, .box_w = 12, .box_h = 18, .ofs_x = 1, .ofs_y = -1}, /* id = 210 U+0171 */
    {.bitmap_index = 23114, .adv_w = 278, .box_w = 14, .box_h = 21, .ofs_x = 2, .ofs_y = -5}, /* id = 211 U+0172 */
    {.bitmap_index = 23261, .adv_w = 238, .box_w = 12, .box_h = 17, .ofs_x = 1, .ofs_y = -5}, /* id = 212 U+0173 */
    {.bitmap_index = 23363, .adv_w = 396, .box_w = 24, .box_h = 20, .ofs_x = 0, .ofs_y = 0}, /* id = 213 U+0174 */
    {.bitmap_index = 23603, .adv_w = 316, .box_w = 20, .box_h = 17, .ofs_x = 0, .ofs_y = 0}, /* id = 214 U+0175 */
    {.bitmap_index = 23773, .adv_w = 228, .box_w = 15, .box_h = 20, .ofs_x = 0, .ofs_y = 0}, /* id = 215 U+0176 */
    {.bitmap_index = 23923, .adv_w = 197, .box_w = 14, .box_h = 22, .ofs_x = -1, .ofs_y = -5}, /* id = 216 U+0177 */
    {.bitmap_index = 24077, .adv_w = 228, .box_w = 15, .box_h = 19, .ofs_x = 0, .ofs_y = 0}, /* id = 217 U+0178 */
    {.bitmap_index = 24220, .adv_w = 231, .box_w = 14, .box_h = 20, .ofs_x = 0, .ofs_y = 0}, /* id = 218 U+0179 */
    {.bitmap_index = 24360, .adv_w = 183, .box_w = 11, .box_h = 17, .ofs_x = 0, .ofs_y = 0}, /* id = 219 U+017A */
    {.bitmap_index = 24454, .adv_w = 231, .box_w = 14, .box_h = 20, .ofs_x = 0, .ofs_y = 0}, /* id = 220 U+017B */
    {.bitmap_index = 24594, .adv_w = 183, .box_w = 11, .box_h = 17, .ofs_x = 0, .ofs_y = 0}, /* id = 221 U+017C */
    {.bitmap_index = 24688, .adv_w = 231, .box_w = 14, .box_h = 20, .ofs_x = 0, .ofs_y = 0}, /* id = 222 U+017D */
    {.bitmap_index = 24828, .adv_w = 183, .box_w = 11, .box_h = 17, .ofs_x = 0, .ofs_y = 0}, /* id = 223 U+017E */
    {.bitmap_index = 24922, .adv_w = 111, .box_w = 9, .box_h = 17, .ofs_x = 0, .ofs_y = 0}, /* id = 224 U+017F */
    {.bitmap_index = 24999, .adv_w = 176, .box_w = 11, .box_h = 2, .ofs_x = 0, .ofs_y = 5}, /* id = 225 U+2013 */
    {.bitmap_index = 25010, .adv_w = 352, .box_w = 22, .box_h = 2, .ofs_x = 0, .ofs_y = 5}, /* id = 226 U+2014 */
    {.bitmap_index = 25032, .adv_w = 80, .box_w = 3, .box_h = 7, .ofs_x = 1, .ofs_y = 10}, /* id = 227 U+2018 */
    {.bitmap_index = 25043, .adv_w = 80, .box_w = 3, .box_h = 7, .ofs_x = 1, .ofs_y = 10}, /* id = 228 U+2019 */
    {.bitmap_index = 25054, .adv_w = 146, .box_w = 7, .box_h = 7, .ofs_x = 1, .ofs_y = 10}, /* id = 229 U+201C */
    {.bitmap_index = 25079, .adv_w = 146, .box_w = 7, .box_h = 7, .ofs_x = 1, .ofs_y = 10}, /* id = 230 U+201D */
    {.bitmap_index = 25104, .adv_w = 111, .box_w = 5, .box_h = 5, .ofs_x = 1, .ofs_y = 4}, /* id = 231 U+2022 */
    {.bitmap_index = 25117, .adv_w = 243, .box_w = 13, .box_h = 4, .ofs_x = 1, .ofs_y = -1} /* id = 232 U+2026 */
};

/*---------------------
 *  CHARACTER MAPPING
 *--------------------*/

static const uint16_t unicode_list_1[] = {
    0x0, 0x1, 0x5, 0x6, 0x9, 0xa, 0xf, 0x13,
};

/*Collect the unicode lists and glyph_id offsets*/
static const lv_font_fmt_txt_cmap_t cmaps[] = {
    {
        .range_start = 160, .range_length = 224, .glyph_id_start = 1,
        .unicode_list = NULL, .glyph_id_ofs_list = NULL, .list_length = 0, .type = LV_FONT_FMT_TXT_CMAP_FORMAT0_TINY
    },
    {
        .range_start = 8211, .range_length = 20, .glyph_id_start = 225,
        .unicode_list = unicode_list_1, .glyph_id_ofs_list = NULL, .list_length = 8, .type = LV_FONT_FMT_TXT_CMAP_SPARSE_TINY
    }
};

/*--------------------
 *  ALL CUSTOM DATA
 *--------------------*/

/*Store all the custom data of the font*/
static const lv_font_fmt_txt_dsc_t font_dsc = {
    .glyph_bitmap = glyph_bitmap,
    .glyph_dsc = glyph_dsc,
    .cmaps = cmaps,
    .kern_dsc = NULL,
    .kern_scale = 0,
    .cmap_num = 2,
    .bpp = 4,
    .kern_classes = 0,
    .bitmap_format = 0, /*LV_FONT_FMT_TXT_PLAIN*/
};

/*-----------------
 *  PUBLIC FONT
 *----------------*/

/*Initialize a public general font descriptor*/
const lv_font_t cc_font_22 = {
    .get_glyph_dsc = lv_font_get_glyph_dsc_fmt_txt,    /*Function pointer to get glyph's data*/
    .get_glyph_bitmap = lv_font_get_bitmap_fmt_txt,    /*Function pointer to get glyph's bitmap*/
    .line_height = 24,          /*Same as lv_font_montserrat_22*/
    .base_line = 4,             /*Baseline measured from the bottom of the line*/
    .subpx = LV_FONT_SUBPX_NONE,
    .underline_position = -2,
    .underline_thickness = 1,
    .dsc = &font_dsc,          /*The custom font data. Will be accessed by `get_glyph_bitmap/dsc` */
    .fallback = &lv_font_montserrat_22,   /*Required: ASCII lives in the built-in*/
    .user_data = NULL,
};
