/*******************************************************************************
 * Size: 16 px
 * Bpp: 4
 * Glyphs: 232 (+ reserved id 0): U+00A0-017F, U+2013-2014, U+2018-2019, U+201C-201D, U+2022, U+2026
 * Source: Montserrat.ttf (variable; wght 500 = named instance "Medium")
 *         sha256 0f7b311b2f3279e4..., units_per_em 1000
 * Renderer: Pillow 12.3.0 / FreeType 2.14.3, BASIC layout, anchor "ls", Pillow's own load flags
 * Generated by harness/gen_lvgl_font.py -- DO NOT EDIT; re-run the generator.
 * Format: LVGL 9.0 lv_font_fmt_txt, plain (uncompressed) bitmaps, no kerning.
 *   4 bpp, byte-aligned glyph starts, continuous rows, first pixel in the high nibble.
 *   adv_w in 1/16 px (unhinted advance); ofs_y = box bottom relative to the baseline.
 * Metrics: line_height 18, base_line 3 (from the bottom) -- copied from
 *   lv_font_montserrat_16; own ink spans -5..+15 px around the baseline.
 * Synthesized: U+00AD -- SOFT HYPHEN is default-ignorable and not mapped by this Montserrat build; emitted empty with zero advance (invisible, as at any non-break position).
 * Hybrid: no ASCII here. U+0020-007E miss in this font and are drawn by the
 *   REQUIRED fallback lv_font_montserrat_16 (hinted, kerned; same line metrics).
 ******************************************************************************/

#include "lvgl.h"

#if LVGL_VERSION_MAJOR != 9
#error "cc_font_*.c are generated for the LVGL 9 lv_font_fmt_txt layout"
#endif

#if !LV_FONT_MONTSERRAT_16
#error "cc_font_16 draws ASCII through lv_font_montserrat_16: set LV_FONT_MONTSERRAT_16 1 in lv_conf.h"
#endif

/*-----------------
 *    BITMAPS
 *----------------*/

/*Store the image of the glyphs*/
static LV_ATTRIBUTE_LARGE_CONST const uint8_t glyph_bitmap[] = {
    /* U+00A0 NO-BREAK SPACE */

    /* U+00A1 INVERTED EXCLAMATION MARK */
    0x47, 0x0d, 0xf2, 0x35, 0x00, 0x00, 0x7b, 0x08, 0xc0, 0x8d, 0x09, 0xd0, 0xae, 0x0a, 0xf0, 0xbf,
    0x05, 0x70,

    /* U+00A2 CENT SIGN */
    0x00, 0x00, 0x33, 0x00, 0x00, 0x00, 0x07, 0x80, 0x00, 0x00, 0x04, 0xff, 0x50, 0x00, 0x1b, 0xff,
    0xff, 0xd2, 0x0a, 0xe4, 0x78, 0x2c, 0x42, 0xf7, 0x07, 0x80, 0x00, 0x4f, 0x40, 0x78, 0x00, 0x04,
    0xf5, 0x07, 0x80, 0x00, 0x0e, 0xb0, 0x78, 0x04, 0x00, 0x5f, 0xbc, 0xc9, 0xf5, 0x00, 0x4c, 0xff,
    0xd6, 0x00, 0x00, 0x08, 0x90, 0x00, 0x00, 0x00, 0x77, 0x00, 0x00,

    /* U+00A3 POUND SIGN */
    0x00, 0x00, 0x02, 0x44, 0x20, 0x00, 0x03, 0xcf, 0xff, 0xfc, 0x00, 0x2e, 0xd5, 0x23, 0x58, 0x00,
    0x9f, 0x20, 0x00, 0x00, 0x00, 0xbd, 0x00, 0x00, 0x00, 0x12, 0xee, 0x22, 0x22, 0x00, 0x7e, 0xff,
    0xee, 0xee, 0x10, 0x00, 0xcc, 0x00, 0x00, 0x00, 0x00, 0xcc, 0x00, 0x00, 0x00, 0x00, 0xcc, 0x00,
    0x00, 0x00, 0x36, 0xff, 0x66, 0x66, 0x65, 0x8f, 0xff, 0xff, 0xff, 0xfd,

    /* U+00A4 CURRENCY SIGN */
    0x01, 0x00, 0x00, 0x00, 0x01, 0x03, 0xd3, 0x03, 0x53, 0x01, 0xc6, 0x0b, 0xfd, 0xfe, 0xfd, 0xfd,
    0x10, 0x1f, 0xb2, 0x01, 0x9f, 0x40, 0x07, 0xd1, 0x00, 0x00, 0xba, 0x00, 0xa9, 0x00, 0x00, 0x05,
    0xe0, 0x0a, 0x90, 0x00, 0x00, 0x6d, 0x00, 0x5e, 0x20, 0x00, 0x0c, 0x90, 0x01, 0xfd, 0x63, 0x5c,
    0xf4, 0x01, 0xcd, 0x8e, 0xff, 0x9c, 0xe3, 0x3b, 0x10, 0x01, 0x00, 0x0a, 0x50,

    /* U+00A5 YEN SIGN */
    0x32, 0x00, 0x00, 0x00, 0x01, 0x31, 0x8f, 0x30, 0x00, 0x00, 0x0b, 0xd1, 0x0c, 0xc0, 0x00, 0x00,
    0x7f, 0x30, 0x02, 0xe9, 0x00, 0x03, 0xf7, 0x00, 0x00, 0x6f, 0x40, 0x1d, 0xb0, 0x00, 0x00, 0x0b,
    0xe1, 0x9e, 0x10, 0x00, 0x00, 0x01, 0xef, 0xf5, 0x00, 0x00, 0x07, 0xee, 0xff, 0xfe, 0xeb, 0x00,
    0x00, 0x00, 0x2f, 0x70, 0x00, 0x00, 0x06, 0xcc, 0xef, 0xfc, 0xca, 0x00, 0x01, 0x22, 0x4f, 0x92,
    0x22, 0x00, 0x00, 0x00, 0x2f, 0x70, 0x00, 0x00,

    /* U+00A6 BROKEN BAR */
    0x4d, 0x15, 0xf1, 0x5f, 0x15, 0xf1, 0x5f, 0x13, 0xb1, 0x00, 0x00, 0x00, 0x00, 0x02, 0x81, 0x5f,
    0x15, 0xf1, 0x5f, 0x15, 0xf1, 0x5f, 0x10, 0x20,

    /* U+00A7 SECTION SIGN */
    0x00, 0x03, 0x43, 0x00, 0x03, 0xdf, 0xff, 0xe4, 0x0d, 0xa1, 0x01, 0x62, 0x0f, 0x60, 0x00, 0x00,
    0x0a, 0xf9, 0x40, 0x00, 0x0b, 0xfc, 0xfe, 0x70, 0x5f, 0x10, 0x17, 0xf4, 0x6f, 0x20, 0x00, 0xe6,
    0x1c, 0xe9, 0x69, 0xe2, 0x00, 0x5a, 0xef, 0x80, 0x00, 0x00, 0x09, 0xf1, 0x12, 0x00, 0x06, 0xf1,
    0x6f, 0xb8, 0xae, 0x90, 0x04, 0x8a, 0x95, 0x00,

    /* U+00A8 DIAERESIS */
    0x27, 0x02, 0x75, 0xd1, 0x5d,

    /* U+00A9 COPYRIGHT SIGN */
    0x00, 0x00, 0x02, 0x32, 0x00, 0x00, 0x00, 0x00, 0x6b, 0x97, 0x9b, 0x50, 0x00, 0x00, 0xa6, 0x00,
    0x00, 0x08, 0x80, 0x00, 0x67, 0x04, 0xbd, 0xb4, 0x09, 0x40, 0x0c, 0x03, 0xf8, 0x37, 0xc0, 0x1b,
    0x02, 0x90, 0xa9, 0x00, 0x00, 0x00, 0xb0, 0x38, 0x0c, 0x70, 0x00, 0x00, 0x0b, 0x12, 0xa0, 0x9b,
    0x00, 0x01, 0x00, 0xc0, 0x0b, 0x12, 0xea, 0x6a, 0xd0, 0x3a, 0x00, 0x59, 0x02, 0x8a, 0x82, 0x0b,
    0x20, 0x00, 0x79, 0x10, 0x00, 0x2b, 0x50, 0x00, 0x00, 0x4a, 0xba, 0xba, 0x20, 0x00,

    /* U+00AA FEMININE ORDINAL INDICATOR */
    0x19, 0xcd, 0x90, 0x04, 0x01, 0xd5, 0x08, 0xbb, 0xf6, 0x5b, 0x00, 0xb6, 0x2d, 0xab, 0xd6, 0x01,
    0x31, 0x11,

    /* U+00AB LEFT-POINTING DOUBLE ANGLE QUOTATION MARK */
    0x00, 0x05, 0x20, 0x52, 0x00, 0x9c, 0x09, 0xc0, 0x05, 0xe2, 0x5e, 0x20, 0x1e, 0x61, 0xe6, 0x00,
    0x0b, 0xb0, 0xbb, 0x00, 0x01, 0xd7, 0x1d, 0x70, 0x00, 0x3c, 0x23, 0xc2,

    /* U+00AC NOT SIGN */
    0x34, 0x44, 0x44, 0x41, 0xef, 0xff, 0xff, 0xf4, 0x00, 0x00, 0x02, 0xf4, 0x00, 0x00, 0x02, 0xf4,
    0x00, 0x00, 0x01, 0xd3,

    /* U+00AD SOFT HYPHEN */

    /* U+00AE REGISTERED SIGN */
    0x00, 0x00, 0x02, 0x32, 0x00, 0x00, 0x00, 0x00, 0x6b, 0x97, 0x9b, 0x50, 0x00, 0x00, 0xa6, 0x00,
    0x00, 0x08, 0x80, 0x00, 0x67, 0x0a, 0xcc, 0xa4, 0x09, 0x40, 0x0c, 0x00, 0xd4, 0x25, 0xe1, 0x1b,
    0x02, 0x90, 0x0d, 0x30, 0x0c, 0x40, 0xb0, 0x38, 0x00, 0xd7, 0x58, 0xd1, 0x0b, 0x12, 0xa0, 0x0d,
    0xa9, 0xf3, 0x00, 0xc0, 0x0b, 0x10, 0xd3, 0x06, 0xa0, 0x3a, 0x00, 0x59, 0x08, 0x20, 0x08, 0x2b,
    0x20, 0x00, 0x79, 0x10, 0x00, 0x2b, 0x50, 0x00, 0x00, 0x4a, 0xba, 0xba, 0x20, 0x00,

    /* U+00AF MACRON */
    0x34, 0x44, 0x41, 0x9b, 0xbb, 0xb4,

    /* U+00B0 DEGREE SIGN */
    0x00, 0x24, 0x10, 0x07, 0xc9, 0xd4, 0x2d, 0x00, 0x3c, 0x4a, 0x00, 0x0e, 0x1d, 0x40, 0x7a, 0x02,
    0xbd, 0x90,

    /* U+00B1 PLUS-MINUS SIGN */
    0x00, 0x0c, 0x40, 0x00, 0x00, 0x0f, 0x50, 0x00, 0x00, 0x0f, 0x50, 0x00, 0xef, 0xff, 0xff, 0xf4,
    0x44, 0x4f, 0x94, 0x41, 0x00, 0x0f, 0x50, 0x00, 0x00, 0x0f, 0x50, 0x00, 0x00, 0x01, 0x00, 0x00,
    0x44, 0x44, 0x44, 0x41, 0xef, 0xff, 0xff, 0xf4,

    /* U+00B2 SUPERSCRIPT TWO */
    0x06, 0xaa, 0x70, 0x04, 0xb5, 0x4c, 0x90, 0x00, 0x00, 0x7a, 0x00, 0x00, 0x3e, 0x40, 0x00, 0x4e,
    0x40, 0x00, 0x6d, 0x30, 0x00, 0x3f, 0xfe, 0xee, 0x10,

    /* U+00B3 SUPERSCRIPT THREE */
    0x3a, 0xaa, 0xa8, 0x14, 0x45, 0xf6, 0x00, 0x1c, 0x70, 0x00, 0x6f, 0xb4, 0x00, 0x00, 0x5e, 0x24,
    0x00, 0x4e, 0x4c, 0xee, 0xd5, 0x00, 0x01, 0x00,

    /* U+00B4 ACUTE ACCENT */
    0x00, 0x8b, 0x30, 0x9d, 0x30, 0x14, 0x10, 0x00,

    /* U+00B5 MICRO SIGN */
    0x47, 0x00, 0x00, 0x17, 0x38, 0xf0, 0x00, 0x01, 0xf7, 0x8f, 0x00, 0x00, 0x1f, 0x78, 0xf0, 0x00,
    0x01, 0xf7, 0x8f, 0x00, 0x00, 0x1f, 0x78, 0xf1, 0x00, 0x02, 0xf7, 0x8f, 0x40, 0x00, 0x8f, 0x78,
    0xfe, 0x65, 0x8e, 0xf7, 0x8f, 0x8e, 0xfd, 0x4f, 0x78, 0xf0, 0x01, 0x00, 0x00, 0x8f, 0x00, 0x00,
    0x00, 0x08, 0xf0, 0x00, 0x00, 0x00, 0x12, 0x00, 0x00, 0x00, 0x00,

    /* U+00B6 PILCROW SIGN */
    0x04, 0xad, 0xdd, 0xdd, 0x93, 0xff, 0xfe, 0x55, 0xba, 0x9f, 0xff, 0xe0, 0x09, 0xa9, 0xff, 0xfe,
    0x00, 0x9a, 0x3f, 0xff, 0xe0, 0x09, 0xa0, 0x4a, 0xde, 0x00, 0x9a, 0x00, 0x06, 0xe0, 0x09, 0xa0,
    0x00, 0x6e, 0x00, 0x9a, 0x00, 0x06, 0xe0, 0x09, 0xa0, 0x00, 0x6e, 0x00, 0x9a, 0x00, 0x06, 0xe0,
    0x09, 0xa0, 0x00, 0x6e, 0x00, 0x9a, 0x00, 0x06, 0xe0, 0x09, 0xa0, 0x00, 0x38, 0x00, 0x56,

    /* U+00B7 MIDDLE DOT */
    0x45, 0x0d, 0xf2, 0x69, 0x00,

    /* U+00B8 CEDILLA */
    0x01, 0x00, 0x0c, 0x20, 0x07, 0xe3, 0x55, 0xd4, 0x68, 0x50,

    /* U+00B9 SUPERSCRIPT ONE */
    0x6a, 0xa3, 0x02, 0x4f, 0x40, 0x00, 0xd4, 0x00, 0x0d, 0x40, 0x00, 0xd4, 0x00, 0x0d, 0x40, 0xae,
    0xff, 0xd0,

    /* U+00BA MASCULINE ORDINAL INDICATOR */
    0x05, 0xce, 0xb2, 0x03, 0xe3, 0x06, 0xd0, 0x79, 0x00, 0x0e, 0x25, 0xd1, 0x03, 0xe1, 0x09, 0xdb,
    0xe5, 0x00, 0x01, 0x31, 0x00,

    /* U+00BB RIGHT-POINTING DOUBLE ANGLE QUOTATION MARK */
    0x25, 0x02, 0x50, 0x00, 0x0c, 0x80, 0xc8, 0x00, 0x02, 0xe5, 0x2e, 0x50, 0x00, 0x7e, 0x17, 0xe1,
    0x00, 0xba, 0x0b, 0xa0, 0x07, 0xd1, 0x7d, 0x10, 0x2c, 0x32, 0xc3, 0x00,

    /* U+00BC VULGAR FRACTION ONE QUARTER */
    0x6a, 0xa3, 0x00, 0x00, 0x00, 0x12, 0x00, 0x00, 0x24, 0xf4, 0x00, 0x00, 0x00, 0xd5, 0x00, 0x00,
    0x00, 0xd4, 0x00, 0x00, 0x08, 0xa0, 0x00, 0x00, 0x00, 0xd4, 0x00, 0x00, 0x4d, 0x10, 0x00, 0x00,
    0x00, 0xd4, 0x00, 0x01, 0xd4, 0x00, 0x00, 0x00, 0x00, 0xd4, 0x00, 0x09, 0x90, 0x00, 0x65, 0x00,
    0xae, 0xff, 0xd0, 0x4d, 0x10, 0x04, 0xd1, 0x00, 0x00, 0x00, 0x01, 0xd4, 0x00, 0x2e, 0x30, 0x00,
    0x00, 0x00, 0x0a, 0x80, 0x00, 0xb7, 0x0b, 0x20, 0x00, 0x00, 0x5d, 0x10, 0x07, 0xf8, 0x8f, 0xa3,
    0x00, 0x01, 0xe3, 0x00, 0x04, 0x66, 0x6f, 0x83, 0x00, 0x0b, 0x80, 0x00, 0x00, 0x00, 0x0e, 0x20,

    /* U+00BD VULGAR FRACTION ONE HALF */
    0x6a, 0xa3, 0x00, 0x00, 0x00, 0x12, 0x00, 0x00, 0x24, 0xf4, 0x00, 0x00, 0x00, 0xd5, 0x00, 0x00,
    0x00, 0xd4, 0x00, 0x00, 0x08, 0xa0, 0x00, 0x00, 0x00, 0xd4, 0x00, 0x00, 0x4d, 0x10, 0x00, 0x00,
    0x00, 0xd4, 0x00, 0x01, 0xd4, 0x00, 0x00, 0x00, 0x00, 0xd4, 0x00, 0x09, 0x90, 0x6a, 0xa7, 0x00,
    0xae, 0xff, 0xd0, 0x4d, 0x14, 0xb5, 0x4c, 0x90, 0x00, 0x00, 0x01, 0xd4, 0x00, 0x00, 0x07, 0xa0,
    0x00, 0x00, 0x0a, 0x80, 0x00, 0x00, 0x3e, 0x40, 0x00, 0x00, 0x5d, 0x10, 0x00, 0x04, 0xe4, 0x00,
    0x00, 0x01, 0xe3, 0x00, 0x00, 0x6d, 0x30, 0x00, 0x00, 0x0b, 0x80, 0x00, 0x03, 0xff, 0xee, 0xe1,

    /* U+00BE VULGAR FRACTION THREE QUARTERS */
    0x3a, 0xaa, 0xa8, 0x00, 0x00, 0x01, 0x20, 0x00, 0x01, 0x44, 0x5f, 0x60, 0x00, 0x00, 0xd5, 0x00,
    0x00, 0x00, 0x1c, 0x70, 0x00, 0x00, 0x8a, 0x00, 0x00, 0x00, 0x06, 0xfb, 0x40, 0x00, 0x4d, 0x10,
    0x00, 0x00, 0x00, 0x00, 0x5e, 0x00, 0x1d, 0x40, 0x00, 0x00, 0x02, 0x40, 0x04, 0xe0, 0x09, 0x90,
    0x00, 0x65, 0x00, 0x4c, 0xee, 0xd5, 0x04, 0xd1, 0x00, 0x4d, 0x10, 0x00, 0x00, 0x10, 0x01, 0xd4,
    0x00, 0x2e, 0x30, 0x00, 0x00, 0x00, 0x00, 0xa8, 0x00, 0x0b, 0x70, 0xb2, 0x00, 0x00, 0x00, 0x5d,
    0x10, 0x07, 0xf8, 0x8f, 0xa3, 0x00, 0x00, 0x1e, 0x30, 0x00, 0x46, 0x66, 0xf8, 0x30, 0x00, 0x0b,
    0x80, 0x00, 0x00, 0x00, 0x0e, 0x20,

    /* U+00BF INVERTED QUESTION MARK */
    0x00, 0x07, 0x30, 0x00, 0x00, 0x4f, 0xa0, 0x00, 0x00, 0x06, 0x20, 0x00, 0x00, 0x00, 0x00, 0x00,
    0x00, 0x3e, 0x60, 0x00, 0x00, 0xbe, 0x20, 0x00, 0x1b, 0xe4, 0x00, 0x00, 0x8f, 0x30, 0x00, 0x00,
    0xdc, 0x00, 0x00, 0x00, 0xce, 0x30, 0x01, 0xa8, 0x4e, 0xfc, 0xcf, 0xe5, 0x01, 0x68, 0x86, 0x10,

    /* U+00C0 LATIN CAPITAL LETTER A WITH GRAVE */
    0x00, 0x07, 0xc3, 0x00, 0x00, 0x00, 0x00, 0x00, 0x7e, 0x40, 0x00, 0x00, 0x00, 0x00, 0x06, 0x60,
    0x00, 0x00, 0x00, 0x00, 0x4f, 0xe1, 0x00, 0x00, 0x00, 0x00, 0xbe, 0xf6, 0x00, 0x00, 0x00, 0x02,
    0xf6, 0xad, 0x00, 0x00, 0x00, 0x09, 0xe0, 0x4f, 0x50, 0x00, 0x00, 0x1f, 0x70, 0x0c, 0xc0, 0x00,
    0x00, 0x8f, 0x10, 0x06, 0xf3, 0x00, 0x01, 0xea, 0x11, 0x12, 0xfa, 0x00, 0x06, 0xff, 0xff, 0xff,
    0xff, 0x20, 0x0d, 0xe3, 0x33, 0x33, 0x4f, 0x90, 0x5f, 0x40, 0x00, 0x00, 0x09, 0xf1, 0xcd, 0x00,
    0x00, 0x00, 0x03, 0xf8,

    /* U+00C1 LATIN CAPITAL LETTER A WITH ACUTE */
    0x00, 0x00, 0x00, 0x8b, 0x30, 0x00, 0x00, 0x00, 0x09, 0xd3, 0x00, 0x00, 0x00, 0x00, 0x17, 0x30,
    0x00, 0x00, 0x00, 0x00, 0x4f, 0xe1, 0x00, 0x00, 0x00, 0x00, 0xbe, 0xf6, 0x00, 0x00, 0x00, 0x02,
    0xf6, 0xad, 0x00, 0x00, 0x00, 0x09, 0xe0, 0x4f, 0x50, 0x00, 0x00, 0x1f, 0x70, 0x0c, 0xc0, 0x00,
    0x00, 0x8f, 0x10, 0x06, 0xf3, 0x00, 0x01, 0xea, 0x11, 0x12, 0xfa, 0x00, 0x06, 0xff, 0xff, 0xff,
    0xff, 0x20, 0x0d, 0xe3, 0x33, 0x33, 0x4f, 0x90, 0x5f, 0x40, 0x00, 0x00, 0x09, 0xf1, 0xcd, 0x00,
    0x00, 0x00, 0x03, 0xf8,

    /* U+00C2 LATIN CAPITAL LETTER A WITH CIRCUMFLEX */
    0x00, 0x00, 0x4f, 0xc1, 0x00, 0x00, 0x00, 0x04, 0xe5, 0x9c, 0x10, 0x00, 0x00, 0x04, 0x23, 0x24,
    0x20, 0x00, 0x00, 0x00, 0x4f, 0xe1, 0x00, 0x00, 0x00, 0x00, 0xbe, 0xf6, 0x00, 0x00, 0x00, 0x02,
    0xf6, 0xad, 0x00, 0x00, 0x00, 0x09, 0xe0, 0x4f, 0x50, 0x00, 0x00, 0x1f, 0x70, 0x0c, 0xc0, 0x00,
    0x00, 0x8f, 0x10, 0x06, 0xf3, 0x00, 0x01, 0xea, 0x11, 0x12, 0xfa, 0x00, 0x06, 0xff, 0xff, 0xff,
    0xff, 0x20, 0x0d, 0xe3, 0x33, 0x33, 0x4f, 0x90, 0x5f, 0x40, 0x00, 0x00, 0x09, 0xf1, 0xcd, 0x00,
    0x00, 0x00, 0x03, 0xf8,

    /* U+00C3 LATIN CAPITAL LETTER A WITH TILDE */
    0x00, 0x00, 0x31, 0x01, 0x10, 0x00, 0x00, 0x0a, 0xdd, 0x48, 0x90, 0x00, 0x00, 0x1c, 0x03, 0xcc,
    0x20, 0x00, 0x00, 0x00, 0x03, 0x20, 0x00, 0x00, 0x00, 0x00, 0x4f, 0xe1, 0x00, 0x00, 0x00, 0x00,
    0xbe, 0xf6, 0x00, 0x00, 0x00, 0x02, 0xf6, 0xad, 0x00, 0x00, 0x00, 0x09, 0xe0, 0x4f, 0x50, 0x00,
    0x00, 0x1f, 0x70, 0x0c, 0xc0, 0x00, 0x00, 0x8f, 0x10, 0x06, 0xf3, 0x00, 0x01, 0xea, 0x11, 0x12,
    0xfa, 0x00, 0x06, 0xff, 0xff, 0xff, 0xff, 0x20, 0x0d, 0xe3, 0x33, 0x33, 0x4f, 0x90, 0x5f, 0x40,
    0x00, 0x00, 0x09, 0xf1, 0xcd, 0x00, 0x00, 0x00, 0x03, 0xf8,

    /* U+00C4 LATIN CAPITAL LETTER A WITH DIAERESIS */
    0x00, 0x02, 0x70, 0x27, 0x00, 0x00, 0x00, 0x05, 0xd1, 0x5d, 0x00, 0x00, 0x00, 0x00, 0x03, 0x20,
    0x00, 0x00, 0x00, 0x00, 0x4f, 0xe1, 0x00, 0x00, 0x00, 0x00, 0xbe, 0xf6, 0x00, 0x00, 0x00, 0x02,
    0xf6, 0xad, 0x00, 0x00, 0x00, 0x09, 0xe0, 0x4f, 0x50, 0x00, 0x00, 0x1f, 0x70, 0x0c, 0xc0, 0x00,
    0x00, 0x8f, 0x10, 0x06, 0xf3, 0x00, 0x01, 0xea, 0x11, 0x12, 0xfa, 0x00, 0x06, 0xff, 0xff, 0xff,
    0xff, 0x20, 0x0d, 0xe3, 0x33, 0x33, 0x4f, 0x90, 0x5f, 0x40, 0x00, 0x00, 0x09, 0xf1, 0xcd, 0x00,
    0x00, 0x00, 0x03, 0xf8,

    /* U+00C5 LATIN CAPITAL LETTER A WITH RING ABOVE */
    0x00, 0x00, 0x5a, 0xa1, 0x00, 0x00, 0x00, 0x00, 0xb0, 0x47, 0x00, 0x00, 0x00, 0x00, 0xa4, 0x85,
    0x00, 0x00, 0x00, 0x00, 0x19, 0x60, 0x00, 0x00, 0x00, 0x00, 0x4f, 0xe1, 0x00, 0x00, 0x00, 0x00,
    0xbe, 0xf6, 0x00, 0x00, 0x00, 0x02, 0xf6, 0xad, 0x00, 0x00, 0x00, 0x09, 0xe0, 0x4f, 0x50, 0x00,
    0x00, 0x1f, 0x70, 0x0c, 0xc0, 0x00, 0x00, 0x8f, 0x10, 0x06, 0xf3, 0x00, 0x01, 0xea, 0x11, 0x12,
    0xfa, 0x00, 0x06, 0xff, 0xff, 0xff, 0xff, 0x20, 0x0d, 0xe3, 0x33, 0x33, 0x4f, 0x90, 0x5f, 0x40,
    0x00, 0x00, 0x09, 0xf1, 0xcd, 0x00, 0x00, 0x00, 0x03, 0xf8,

    /* U+00C6 LATIN CAPITAL LETTER AE */
    0x00, 0x00, 0x00, 0x14, 0x43, 0x33, 0x33, 0x32, 0x00, 0x00, 0x00, 0xbf, 0xff, 0xff, 0xff, 0xf9,
    0x00, 0x00, 0x05, 0xfa, 0xf7, 0x33, 0x33, 0x32, 0x00, 0x00, 0x1e, 0xa4, 0xf5, 0x00, 0x00, 0x00,
    0x00, 0x00, 0x8e, 0x24, 0xf5, 0x00, 0x00, 0x00, 0x00, 0x02, 0xf7, 0x04, 0xf9, 0x55, 0x55, 0x50,
    0x00, 0x0b, 0xd0, 0x04, 0xff, 0xff, 0xff, 0xe0, 0x00, 0x5f, 0x51, 0x15, 0xf5, 0x00, 0x00, 0x00,
    0x01, 0xff, 0xff, 0xff, 0xf5, 0x00, 0x00, 0x00, 0x08, 0xf5, 0x33, 0x37, 0xf5, 0x00, 0x00, 0x00,
    0x2f, 0x80, 0x00, 0x04, 0xf9, 0x66, 0x66, 0x65, 0xbd, 0x10, 0x00, 0x04, 0xff, 0xff, 0xff, 0xfd,

    /* U+00C7 LATIN CAPITAL LETTER C WITH CEDILLA */
    0x00, 0x00, 0x03, 0x54, 0x10, 0x00, 0x00, 0x7e, 0xff, 0xff, 0xa2, 0x00, 0xaf, 0xa4, 0x23, 0x7e,
    0xa0, 0x7f, 0x70, 0x00, 0x00, 0x21, 0x0e, 0xc0, 0x00, 0x00, 0x00, 0x02, 0xf7, 0x00, 0x00, 0x00,
    0x00, 0x3f, 0x60, 0x00, 0x00, 0x00, 0x02, 0xf8, 0x00, 0x00, 0x00, 0x00, 0x0d, 0xd0, 0x00, 0x00,
    0x00, 0x00, 0x5f, 0xa1, 0x00, 0x00, 0x42, 0x00, 0x8f, 0xd7, 0x56, 0xaf, 0xa0, 0x00, 0x4b, 0xff,
    0xfd, 0x70, 0x00, 0x00, 0x00, 0xe3, 0x00, 0x00, 0x00, 0x00, 0x07, 0xe3, 0x00, 0x00, 0x00, 0x05,
    0x5d, 0x40, 0x00, 0x00, 0x00, 0x68, 0x50, 0x00,

    /* U+00C8 LATIN CAPITAL LETTER E WITH GRAVE */
    0x00, 0x7c, 0x30, 0x00, 0x00, 0x00, 0x7e, 0x40, 0x00, 0x13, 0x33, 0x67, 0x33, 0x25, 0xff, 0xff,
    0xff, 0xf9, 0x5f, 0x63, 0x33, 0x33, 0x25, 0xf4, 0x00, 0x00, 0x00, 0x5f, 0x40, 0x00, 0x00, 0x05,
    0xf9, 0x55, 0x55, 0x50, 0x5f, 0xff, 0xff, 0xfd, 0x05, 0xf4, 0x00, 0x00, 0x00, 0x5f, 0x40, 0x00,
    0x00, 0x05, 0xf4, 0x00, 0x00, 0x00, 0x5f, 0x86, 0x66, 0x66, 0x55, 0xff, 0xff, 0xff, 0xfc,

    /* U+00C9 LATIN CAPITAL LETTER E WITH ACUTE */
    0x00, 0x00, 0x08, 0xb3, 0x00, 0x00, 0x09, 0xd3, 0x00, 0x13, 0x34, 0x74, 0x33, 0x25, 0xff, 0xff,
    0xff, 0xf9, 0x5f, 0x63, 0x33, 0x33, 0x25, 0xf4, 0x00, 0x00, 0x00, 0x5f, 0x40, 0x00, 0x00, 0x05,
    0xf9, 0x55, 0x55, 0x50, 0x5f, 0xff, 0xff, 0xfd, 0x05, 0xf4, 0x00, 0x00, 0x00, 0x5f, 0x40, 0x00,
    0x00, 0x05, 0xf4, 0x00, 0x00, 0x00, 0x5f, 0x86, 0x66, 0x66, 0x55, 0xff, 0xff, 0xff, 0xfc,

    /* U+00CA LATIN CAPITAL LETTER E WITH CIRCUMFLEX */
    0x00, 0x04, 0xfc, 0x10, 0x00, 0x04, 0xe5, 0x9c, 0x10, 0x13, 0x75, 0x33, 0x75, 0x25, 0xff, 0xff,
    0xff, 0xf9, 0x5f, 0x63, 0x33, 0x33, 0x25, 0xf4, 0x00, 0x00, 0x00, 0x5f, 0x40, 0x00, 0x00, 0x05,
    0xf9, 0x55, 0x55, 0x50, 0x5f, 0xff, 0xff, 0xfd, 0x05, 0xf4, 0x00, 0x00, 0x00, 0x5f, 0x40, 0x00,
    0x00, 0x05, 0xf4, 0x00, 0x00, 0x00, 0x5f, 0x86, 0x66, 0x66, 0x55, 0xff, 0xff, 0xff, 0xfc,

    /* U+00CB LATIN CAPITAL LETTER E WITH DIAERESIS */
    0x00, 0x27, 0x02, 0x70, 0x00, 0x05, 0xd1, 0x5d, 0x00, 0x13, 0x33, 0x33, 0x33, 0x25, 0xff, 0xff,
    0xff, 0xf9, 0x5f, 0x63, 0x33, 0x33, 0x25, 0xf4, 0x00, 0x00, 0x00, 0x5f, 0x40, 0x00, 0x00, 0x05,
    0xf9, 0x55, 0x55, 0x50, 0x5f, 0xff, 0xff, 0xfd, 0x05, 0xf4, 0x00, 0x00, 0x00, 0x5f, 0x40, 0x00,
    0x00, 0x05, 0xf4, 0x00, 0x00, 0x00, 0x5f, 0x86, 0x66, 0x66, 0x55, 0xff, 0xff, 0xff, 0xfc,

    /* U+00CC LATIN CAPITAL LETTER I WITH GRAVE */
    0x7c, 0x30, 0x07, 0xe4, 0x01, 0x64, 0x05, 0xf4, 0x05, 0xf4, 0x05, 0xf4, 0x05, 0xf4, 0x05, 0xf4,
    0x05, 0xf4, 0x05, 0xf4, 0x05, 0xf4, 0x05, 0xf4, 0x05, 0xf4, 0x05, 0xf4,

    /* U+00CD LATIN CAPITAL LETTER I WITH ACUTE */
    0x00, 0x8b, 0x30, 0x9d, 0x30, 0x27, 0x20, 0x05, 0xf4, 0x00, 0x5f, 0x40, 0x05, 0xf4, 0x00, 0x5f,
    0x40, 0x05, 0xf4, 0x00, 0x5f, 0x40, 0x05, 0xf4, 0x00, 0x5f, 0x40, 0x05, 0xf4, 0x00, 0x5f, 0x40,
    0x05, 0xf4, 0x00,

    /* U+00CE LATIN CAPITAL LETTER I WITH CIRCUMFLEX */
    0x04, 0xfc, 0x10, 0x4e, 0x59, 0xc1, 0x43, 0x31, 0x42, 0x05, 0xf4, 0x00, 0x05, 0xf4, 0x00, 0x05,
    0xf4, 0x00, 0x05, 0xf4, 0x00, 0x05, 0xf4, 0x00, 0x05, 0xf4, 0x00, 0x05, 0xf4, 0x00, 0x05, 0xf4,
    0x00, 0x05, 0xf4, 0x00, 0x05, 0xf4, 0x00, 0x05, 0xf4, 0x00,

    /* U+00CF LATIN CAPITAL LETTER I WITH DIAERESIS */
    0x27, 0x02, 0x75, 0xd1, 0x5d, 0x01, 0x31, 0x00, 0x5f, 0x40, 0x05, 0xf4, 0x00, 0x5f, 0x40, 0x05,
    0xf4, 0x00, 0x5f, 0x40, 0x05, 0xf4, 0x00, 0x5f, 0x40, 0x05, 0xf4, 0x00, 0x5f, 0x40, 0x05, 0xf4,
    0x00, 0x5f, 0x40,

    /* U+00D0 LATIN CAPITAL LETTER ETH */
    0x01, 0x33, 0x33, 0x31, 0x00, 0x00, 0x00, 0x5f, 0xff, 0xff, 0xfd, 0x70, 0x00, 0x05, 0xf6, 0x33,
    0x35, 0xaf, 0xc1, 0x00, 0x5f, 0x40, 0x00, 0x00, 0x5f, 0xa0, 0x05, 0xf4, 0x00, 0x00, 0x00, 0x9f,
    0x22, 0xaf, 0x95, 0x55, 0x00, 0x04, 0xf5, 0x6f, 0xff, 0xee, 0xe0, 0x00, 0x3f, 0x60, 0x5f, 0x40,
    0x00, 0x00, 0x05, 0xf5, 0x05, 0xf4, 0x00, 0x00, 0x00, 0xbe, 0x10, 0x5f, 0x40, 0x00, 0x00, 0x8f,
    0x80, 0x05, 0xf8, 0x66, 0x68, 0xdf, 0x90, 0x00, 0x5f, 0xff, 0xff, 0xda, 0x40, 0x00,

    /* U+00D1 LATIN CAPITAL LETTER N WITH TILDE */
    0x00, 0x00, 0x31, 0x01, 0x10, 0x00, 0x00, 0xad, 0xd4, 0x89, 0x00, 0x00, 0x1c, 0x03, 0xcc, 0x20,
    0x01, 0x30, 0x00, 0x00, 0x01, 0x31, 0x5f, 0x80, 0x00, 0x00, 0x4f, 0x55, 0xff, 0x50, 0x00, 0x04,
    0xf5, 0x5f, 0xff, 0x30, 0x00, 0x4f, 0x55, 0xf6, 0xed, 0x10, 0x04, 0xf5, 0x5f, 0x44, 0xfb, 0x00,
    0x4f, 0x55, 0xf4, 0x06, 0xf9, 0x04, 0xf5, 0x5f, 0x40, 0x09, 0xf6, 0x4f, 0x55, 0xf4, 0x00, 0x0c,
    0xf7, 0xf5, 0x5f, 0x40, 0x00, 0x2e, 0xff, 0x55, 0xf4, 0x00, 0x00, 0x3f, 0xf5, 0x5f, 0x40, 0x00,
    0x00, 0x6f, 0x50,

    /* U+00D2 LATIN CAPITAL LETTER O WITH GRAVE */
    0x00, 0x00, 0x7c, 0x30, 0x00, 0x00, 0x00, 0x00, 0x00, 0x7e, 0x40, 0x00, 0x00, 0x00, 0x00, 0x03,
    0x77, 0x10, 0x00, 0x00, 0x00, 0x7e, 0xff, 0xff, 0xa2, 0x00, 0x00, 0xaf, 0xa4, 0x23, 0x7e, 0xe3,
    0x00, 0x7f, 0x80, 0x00, 0x00, 0x2e, 0xd0, 0x0e, 0xc0, 0x00, 0x00, 0x00, 0x5f, 0x52, 0xf7, 0x00,
    0x00, 0x00, 0x01, 0xf9, 0x3f, 0x60, 0x00, 0x00, 0x00, 0x0e, 0xa2, 0xf8, 0x00, 0x00, 0x00, 0x01,
    0xf8, 0x0d, 0xd1, 0x00, 0x00, 0x00, 0x7f, 0x40, 0x5f, 0xa1, 0x00, 0x00, 0x5f, 0xb0, 0x00, 0x7f,
    0xd7, 0x56, 0xaf, 0xd2, 0x00, 0x00, 0x4b, 0xff, 0xfd, 0x81, 0x00, 0x00, 0x00, 0x00, 0x11, 0x00,
    0x00, 0x00,

    /* U+00D3 LATIN CAPITAL LETTER O WITH ACUTE */
    0x00, 0x00, 0x00, 0x08, 0xb3, 0x00, 0x00, 0x00, 0x00, 0x09, 0xd3, 0x00, 0x00, 0x00, 0x00, 0x04,
    0x95, 0x10, 0x00, 0x00, 0x00, 0x7e, 0xff, 0xff, 0xa2, 0x00, 0x00, 0xaf, 0xa4, 0x23, 0x7e, 0xe3,
    0x00, 0x7f, 0x80, 0x00, 0x00, 0x2e, 0xd0, 0x0e, 0xc0, 0x00, 0x00, 0x00, 0x5f, 0x52, 0xf7, 0x00,
    0x00, 0x00, 0x01, 0xf9, 0x3f, 0x60, 0x00, 0x00, 0x00, 0x0e, 0xa2, 0xf8, 0x00, 0x00, 0x00, 0x01,
    0xf8, 0x0d, 0xd1, 0x00, 0x00, 0x00, 0x7f, 0x40, 0x5f, 0xa1, 0x00, 0x00, 0x5f, 0xb0, 0x00, 0x7f,
    0xd7, 0x56, 0xaf, 0xd2, 0x00, 0x00, 0x4b, 0xff, 0xfd, 0x81, 0x00, 0x00, 0x00, 0x00, 0x11, 0x00,
    0x00, 0x00,

    /* U+00D4 LATIN CAPITAL LETTER O WITH CIRCUMFLEX */
    0x00, 0x00, 0x04, 0xfc, 0x10, 0x00, 0x00, 0x00, 0x04, 0xe5, 0x9c, 0x10, 0x00, 0x00, 0x00, 0x45,
    0x44, 0x52, 0x00, 0x00, 0x00, 0x7e, 0xff, 0xff, 0xa2, 0x00, 0x00, 0xaf, 0xa4, 0x23, 0x7e, 0xe3,
    0x00, 0x7f, 0x80, 0x00, 0x00, 0x2e, 0xd0, 0x0e, 0xc0, 0x00, 0x00, 0x00, 0x5f, 0x52, 0xf7, 0x00,
    0x00, 0x00, 0x01, 0xf9, 0x3f, 0x60, 0x00, 0x00, 0x00, 0x0e, 0xa2, 0xf8, 0x00, 0x00, 0x00, 0x01,
    0xf8, 0x0d, 0xd1, 0x00, 0x00, 0x00, 0x7f, 0x40, 0x5f, 0xa1, 0x00, 0x00, 0x5f, 0xb0, 0x00, 0x7f,
    0xd7, 0x56, 0xaf, 0xd2, 0x00, 0x00, 0x4b, 0xff, 0xfd, 0x81, 0x00, 0x00, 0x00, 0x00, 0x11, 0x00,
    0x00, 0x00,

    /* U+00D5 LATIN CAPITAL LETTER O WITH TILDE */
    0x00, 0x00, 0x03, 0x10, 0x11, 0x00, 0x00, 0x00, 0x0a, 0xdd, 0x48, 0x90, 0x00, 0x00, 0x01, 0xc0,
    0x3c, 0xc2, 0x00, 0x00, 0x00, 0x00, 0x34, 0x41, 0x00, 0x00, 0x00, 0x07, 0xef, 0xff, 0xfa, 0x20,
    0x00, 0x0a, 0xfa, 0x42, 0x37, 0xee, 0x30, 0x07, 0xf8, 0x00, 0x00, 0x02, 0xed, 0x00, 0xec, 0x00,
    0x00, 0x00, 0x05, 0xf5, 0x2f, 0x70, 0x00, 0x00, 0x00, 0x1f, 0x93, 0xf6, 0x00, 0x00, 0x00, 0x00,
    0xea, 0x2f, 0x80, 0x00, 0x00, 0x00, 0x1f, 0x80, 0xdd, 0x10, 0x00, 0x00, 0x07, 0xf4, 0x05, 0xfa,
    0x10, 0x00, 0x05, 0xfb, 0x00, 0x07, 0xfd, 0x75, 0x6a, 0xfd, 0x20, 0x00, 0x04, 0xbf, 0xff, 0xd8,
    0x10, 0x00, 0x00, 0x00, 0x01, 0x10, 0x00, 0x00,

    /* U+00D6 LATIN CAPITAL LETTER O WITH DIAERESIS */
    0x00, 0x00, 0x27, 0x02, 0x70, 0x00, 0x00, 0x00, 0x05, 0xd1, 0x5d, 0x00, 0x00, 0x00, 0x00, 0x03,
    0x44, 0x10, 0x00, 0x00, 0x00, 0x7e, 0xff, 0xff, 0xa2, 0x00, 0x00, 0xaf, 0xa4, 0x23, 0x7e, 0xe3,
    0x00, 0x7f, 0x80, 0x00, 0x00, 0x2e, 0xd0, 0x0e, 0xc0, 0x00, 0x00, 0x00, 0x5f, 0x52, 0xf7, 0x00,
    0x00, 0x00, 0x01, 0xf9, 0x3f, 0x60, 0x00, 0x00, 0x00, 0x0e, 0xa2, 0xf8, 0x00, 0x00, 0x00, 0x01,
    0xf8, 0x0d, 0xd1, 0x00, 0x00, 0x00, 0x7f, 0x40, 0x5f, 0xa1, 0x00, 0x00, 0x5f, 0xb0, 0x00, 0x7f,
    0xd7, 0x56, 0xaf, 0xd2, 0x00, 0x00, 0x4b, 0xff, 0xfd, 0x81, 0x00, 0x00, 0x00, 0x00, 0x11, 0x00,
    0x00, 0x00,

    /* U+00D7 MULTIPLICATION SIGN */
    0x05, 0x00, 0x05, 0x11, 0xea, 0x05, 0xf5, 0x03, 0xef, 0xf7, 0x00, 0x08, 0xff, 0x00, 0x05, 0xfa,
    0xe9, 0x01, 0xe7, 0x03, 0xe6, 0x02, 0x00, 0x02, 0x00,

    /* U+00D8 LATIN CAPITAL LETTER O WITH STROKE */
    0x00, 0x00, 0x00, 0x00, 0x03, 0x40, 0x00, 0x00, 0x00, 0x34, 0x42, 0xe6, 0x00, 0x00, 0x07, 0xef,
    0xff, 0xff, 0x20, 0x00, 0x0a, 0xfa, 0x42, 0x4f, 0xfe, 0x30, 0x07, 0xf8, 0x00, 0x09, 0xb2, 0xed,
    0x00, 0xec, 0x00, 0x02, 0xf3, 0x05, 0xf5, 0x2f, 0x70, 0x00, 0xba, 0x00, 0x1f, 0x93, 0xf6, 0x00,
    0x4f, 0x20, 0x00, 0xea, 0x2f, 0x80, 0x0c, 0x80, 0x00, 0x1f, 0x80, 0xdd, 0x15, 0xe1, 0x00, 0x07,
    0xf4, 0x05, 0xfb, 0xe7, 0x00, 0x05, 0xfb, 0x00, 0x07, 0xff, 0x85, 0x6a, 0xfd, 0x20, 0x00, 0x1f,
    0xff, 0xff, 0xd8, 0x10, 0x00, 0x08, 0xc0, 0x01, 0x10, 0x00, 0x00, 0x00, 0x21, 0x00, 0x00, 0x00,
    0x00, 0x00,

    /* U+00D9 LATIN CAPITAL LETTER U WITH GRAVE */
    0x00, 0x07, 0xc3, 0x00, 0x00, 0x00, 0x00, 0x07, 0xe4, 0x00, 0x00, 0x13, 0x00, 0x03, 0x40, 0x23,
    0x06, 0xf3, 0x00, 0x00, 0x08, 0xf1, 0x6f, 0x30, 0x00, 0x00, 0x8f, 0x16, 0xf3, 0x00, 0x00, 0x08,
    0xf1, 0x6f, 0x30, 0x00, 0x00, 0x8f, 0x16, 0xf3, 0x00, 0x00, 0x08, 0xf1, 0x6f, 0x30, 0x00, 0x00,
    0x8f, 0x16, 0xf3, 0x00, 0x00, 0x08, 0xf1, 0x4f, 0x50, 0x00, 0x00, 0xae, 0x01, 0xec, 0x00, 0x00,
    0x2f, 0xa0, 0x06, 0xfc, 0x65, 0x8e, 0xe2, 0x00, 0x05, 0xdf, 0xff, 0xb2, 0x00, 0x00, 0x00, 0x12,
    0x00, 0x00, 0x00,

    /* U+00DA LATIN CAPITAL LETTER U WITH ACUTE */
    0x00, 0x00, 0x00, 0x8b, 0x30, 0x00, 0x00, 0x00, 0x9d, 0x30, 0x00, 0x13, 0x00, 0x14, 0x10, 0x23,
    0x06, 0xf3, 0x00, 0x00, 0x08, 0xf1, 0x6f, 0x30, 0x00, 0x00, 0x8f, 0x16, 0xf3, 0x00, 0x00, 0x08,
    0xf1, 0x6f, 0x30, 0x00, 0x00, 0x8f, 0x16, 0xf3, 0x00, 0x00, 0x08, 0xf1, 0x6f, 0x30, 0x00, 0x00,
    0x8f, 0x16, 0xf3, 0x00, 0x00, 0x08, 0xf1, 0x4f, 0x50, 0x00, 0x00, 0xae, 0x01, 0xec, 0x00, 0x00,
    0x2f, 0xa0, 0x06, 0xfc, 0x65, 0x8e, 0xe2, 0x00, 0x05, 0xdf, 0xff, 0xb2, 0x00, 0x00, 0x00, 0x12,
    0x00, 0x00, 0x00,

    /* U+00DB LATIN CAPITAL LETTER U WITH CIRCUMFLEX */
    0x00, 0x00, 0x4f, 0xc1, 0x00, 0x00, 0x00, 0x4e, 0x59, 0xc1, 0x00, 0x13, 0x14, 0x20, 0x04, 0x43,
    0x06, 0xf3, 0x00, 0x00, 0x08, 0xf1, 0x6f, 0x30, 0x00, 0x00, 0x8f, 0x16, 0xf3, 0x00, 0x00, 0x08,
    0xf1, 0x6f, 0x30, 0x00, 0x00, 0x8f, 0x16, 0xf3, 0x00, 0x00, 0x08, 0xf1, 0x6f, 0x30, 0x00, 0x00,
    0x8f, 0x16, 0xf3, 0x00, 0x00, 0x08, 0xf1, 0x4f, 0x50, 0x00, 0x00, 0xae, 0x01, 0xec, 0x00, 0x00,
    0x2f, 0xa0, 0x06, 0xfc, 0x65, 0x8e, 0xe2, 0x00, 0x05, 0xdf, 0xff, 0xb2, 0x00, 0x00, 0x00, 0x12,
    0x00, 0x00, 0x00,

    /* U+00DC LATIN CAPITAL LETTER U WITH DIAERESIS */
    0x00, 0x02, 0x70, 0x27, 0x00, 0x00, 0x00, 0x5d, 0x15, 0xd0, 0x00, 0x13, 0x00, 0x00, 0x00, 0x23,
    0x06, 0xf3, 0x00, 0x00, 0x08, 0xf1, 0x6f, 0x30, 0x00, 0x00, 0x8f, 0x16, 0xf3, 0x00, 0x00, 0x08,
    0xf1, 0x6f, 0x30, 0x00, 0x00, 0x8f, 0x16, 0xf3, 0x00, 0x00, 0x08, 0xf1, 0x6f, 0x30, 0x00, 0x00,
    0x8f, 0x16, 0xf3, 0x00, 0x00, 0x08, 0xf1, 0x4f, 0x50, 0x00, 0x00, 0xae, 0x01, 0xec, 0x00, 0x00,
    0x2f, 0xa0, 0x06, 0xfc, 0x65, 0x8e, 0xe2, 0x00, 0x05, 0xdf, 0xff, 0xb2, 0x00, 0x00, 0x00, 0x12,
    0x00, 0x00, 0x00,

    /* U+00DD LATIN CAPITAL LETTER Y WITH ACUTE */
    0x00, 0x00, 0x08, 0xb3, 0x00, 0x00, 0x00, 0x09, 0xd3, 0x00, 0x00, 0x32, 0x01, 0x41, 0x00, 0x13,
    0x1a, 0xe2, 0x00, 0x00, 0x09, 0xe1, 0x1e, 0xa0, 0x00, 0x03, 0xf6, 0x00, 0x6f, 0x40, 0x00, 0xcb,
    0x00, 0x00, 0xcd, 0x00, 0x6f, 0x30, 0x00, 0x03, 0xf8, 0x1e, 0x80, 0x00, 0x00, 0x09, 0xfc, 0xd1,
    0x00, 0x00, 0x00, 0x1f, 0xf5, 0x00, 0x00, 0x00, 0x00, 0xaf, 0x00, 0x00, 0x00, 0x00, 0x09, 0xf0,
    0x00, 0x00, 0x00, 0x00, 0x9f, 0x00, 0x00, 0x00, 0x00, 0x09, 0xf0, 0x00, 0x00,

    /* U+00DE LATIN CAPITAL LETTER THORN */
    0x13, 0x10, 0x00, 0x00, 0x00, 0x5f, 0x40, 0x00, 0x00, 0x00, 0x5f, 0xfc, 0xcc, 0xa5, 0x00, 0x5f,
    0xc8, 0x89, 0xcf, 0xa0, 0x5f, 0x40, 0x00, 0x08, 0xf6, 0x5f, 0x40, 0x00, 0x00, 0xfa, 0x5f, 0x40,
    0x00, 0x00, 0xea, 0x5f, 0x40, 0x00, 0x05, 0xf7, 0x5f, 0xa6, 0x67, 0xaf, 0xc1, 0x5f, 0xff, 0xfe,
    0xd8, 0x10, 0x5f, 0x40, 0x00, 0x00, 0x00, 0x5f, 0x40, 0x00, 0x00, 0x00,

    /* U+00DF LATIN SMALL LETTER SHARP S */
    0x01, 0x8d, 0xec, 0x70, 0x00, 0x0b, 0xf9, 0x69, 0xf9, 0x00, 0x4f, 0x60, 0x00, 0x8f, 0x10, 0x7f,
    0x10, 0x00, 0x5f, 0x20, 0x8f, 0x00, 0x00, 0xbd, 0x00, 0x8f, 0x00, 0x8f, 0xf3, 0x00, 0x8f, 0x00,
    0x9e, 0xfd, 0x30, 0x8f, 0x00, 0x00, 0x2d, 0xd0, 0x8f, 0x00, 0x00, 0x07, 0xf1, 0x8f, 0x00, 0x00,
    0x09, 0xf1, 0x8f, 0x02, 0x45, 0x9f, 0x90, 0x8f, 0x07, 0xff, 0xe8, 0x00, 0x00, 0x00, 0x11, 0x00,
    0x00,

    /* U+00E0 LATIN SMALL LETTER A WITH GRAVE */
    0x00, 0x7c, 0x30, 0x00, 0x00, 0x00, 0x7e, 0x40, 0x00, 0x00, 0x00, 0x34, 0x00, 0x00, 0x03, 0x78,
    0x62, 0x00, 0x0a, 0xfe, 0xce, 0xf5, 0x00, 0x53, 0x00, 0x1c, 0xe0, 0x00, 0x00, 0x00, 0x6f, 0x20,
    0x29, 0xdd, 0xdf, 0xf3, 0x0d, 0xc5, 0x44, 0x9f, 0x33, 0xf5, 0x00, 0x08, 0xf3, 0x1e, 0xc3, 0x26,
    0xff, 0x30, 0x4d, 0xff, 0xc7, 0xf3, 0x00, 0x01, 0x10, 0x00, 0x00,

    /* U+00E1 LATIN SMALL LETTER A WITH ACUTE */
    0x00, 0x00, 0x08, 0xb3, 0x00, 0x00, 0x09, 0xd3, 0x00, 0x00, 0x01, 0x41, 0x00, 0x00, 0x03, 0x78,
    0x62, 0x00, 0x0a, 0xfe, 0xce, 0xf5, 0x00, 0x53, 0x00, 0x1c, 0xe0, 0x00, 0x00, 0x00, 0x6f, 0x20,
    0x29, 0xdd, 0xdf, 0xf3, 0x0d, 0xc5, 0x44, 0x9f, 0x33, 0xf5, 0x00, 0x08, 0xf3, 0x1e, 0xc3, 0x26,
    0xff, 0x30, 0x4d, 0xff, 0xc7, 0xf3, 0x00, 0x01, 0x10, 0x00, 0x00,

    /* U+00E2 LATIN SMALL LETTER A WITH CIRCUMFLEX */
    0x00, 0x04, 0xfc, 0x10, 0x00, 0x04, 0xe5, 0x9c, 0x10, 0x00, 0x42, 0x00, 0x42, 0x00, 0x03, 0x78,
    0x62, 0x00, 0x0a, 0xfe, 0xce, 0xf5, 0x00, 0x53, 0x00, 0x1c, 0xe0, 0x00, 0x00, 0x00, 0x6f, 0x20,
    0x29, 0xdd, 0xdf, 0xf3, 0x0d, 0xc5, 0x44, 0x9f, 0x33, 0xf5, 0x00, 0x08, 0xf3, 0x1e, 0xc3, 0x26,
    0xff, 0x30, 0x4d, 0xff, 0xc7, 0xf3, 0x00, 0x01, 0x10, 0x00, 0x00,

    /* U+00E3 LATIN SMALL LETTER A WITH TILDE */
    0x00, 0x3b, 0x70, 0x54, 0x00, 0x0b, 0x58, 0xde, 0x20, 0x00, 0x20, 0x02, 0x20, 0x00, 0x03, 0x78,
    0x62, 0x00, 0x0a, 0xfe, 0xce, 0xf5, 0x00, 0x53, 0x00, 0x1c, 0xe0, 0x00, 0x00, 0x00, 0x6f, 0x20,
    0x29, 0xdd, 0xdf, 0xf3, 0x0d, 0xc5, 0x44, 0x9f, 0x33, 0xf5, 0x00, 0x08, 0xf3, 0x1e, 0xc3, 0x26,
    0xff, 0x30, 0x4d, 0xff, 0xc7, 0xf3, 0x00, 0x01, 0x10, 0x00, 0x00,

    /* U+00E4 LATIN SMALL LETTER A WITH DIAERESIS */
    0x00, 0x27, 0x02, 0x70, 0x00, 0x05, 0xd1, 0x5d, 0x00, 0x00, 0x00, 0x00, 0x00, 0x00, 0x03, 0x78,
    0x62, 0x00, 0x0a, 0xfe, 0xce, 0xf5, 0x00, 0x53, 0x00, 0x1c, 0xe0, 0x00, 0x00, 0x00, 0x6f, 0x20,
    0x29, 0xdd, 0xdf, 0xf3, 0x0d, 0xc5, 0x44, 0x9f, 0x33, 0xf5, 0x00, 0x08, 0xf3, 0x1e, 0xc3, 0x26,
    0xff, 0x30, 0x4d, 0xff, 0xc7, 0xf3, 0x00, 0x01, 0x10, 0x00, 0x00,

    /* U+00E5 LATIN SMALL LETTER A WITH RING ABOVE */
    0x00, 0x05, 0xaa, 0x10, 0x00, 0x00, 0xb0, 0x47, 0x00, 0x00, 0x0a, 0x48, 0x50, 0x00, 0x00, 0x16,
    0x40, 0x00, 0x00, 0x37, 0x86, 0x20, 0x00, 0xaf, 0xec, 0xef, 0x50, 0x05, 0x30, 0x01, 0xce, 0x00,
    0x00, 0x00, 0x06, 0xf2, 0x02, 0x9d, 0xdd, 0xff, 0x30, 0xdc, 0x54, 0x49, 0xf3, 0x3f, 0x50, 0x00,
    0x8f, 0x31, 0xec, 0x32, 0x6f, 0xf3, 0x04, 0xdf, 0xfc, 0x7f, 0x30, 0x00, 0x11, 0x00, 0x00,

    /* U+00E6 LATIN SMALL LETTER AE */
    0x00, 0x37, 0x87, 0x20, 0x04, 0x88, 0x40, 0x00, 0x0a, 0xfe, 0xce, 0xf6, 0xcf, 0xcc, 0xfb, 0x00,
    0x05, 0x30, 0x01, 0xcf, 0xd2, 0x00, 0x4e, 0x80, 0x00, 0x00, 0x00, 0x6f, 0x60, 0x00, 0x08, 0xe0,
    0x02, 0x9c, 0xdd, 0xff, 0xfd, 0xdd, 0xdf, 0xf2, 0x0d, 0xc5, 0x44, 0x9f, 0x84, 0x44, 0x44, 0x40,
    0x2f, 0x50, 0x00, 0x8f, 0xa0, 0x00, 0x01, 0x00, 0x0e, 0xc3, 0x26, 0xeb, 0xfb, 0x55, 0x8e, 0x50,
    0x03, 0xcf, 0xfd, 0x60, 0x5c, 0xff, 0xe8, 0x00, 0x00, 0x00, 0x10, 0x00, 0x00, 0x11, 0x00, 0x00,

    /* U+00E7 LATIN SMALL LETTER C WITH CEDILLA */
    0x00, 0x04, 0x78, 0x50, 0x00, 0x1b, 0xfd, 0xcf, 0xd2, 0x0a, 0xe4, 0x00, 0x2c, 0x42, 0xf7, 0x00,
    0x00, 0x00, 0x4f, 0x40, 0x00, 0x00, 0x04, 0xf5, 0x00, 0x00, 0x00, 0x0e, 0xb0, 0x00, 0x04, 0x00,
    0x5f, 0xb5, 0x49, 0xf5, 0x00, 0x4c, 0xff, 0xd6, 0x00, 0x00, 0x0c, 0x30, 0x00, 0x00, 0x00, 0x7e,
    0x30, 0x00, 0x00, 0x55, 0xd4, 0x00, 0x00, 0x06, 0x85, 0x00, 0x00,

    /* U+00E8 LATIN SMALL LETTER E WITH GRAVE */
    0x00, 0x7c, 0x30, 0x00, 0x00, 0x00, 0x07, 0xe4, 0x00, 0x00, 0x00, 0x00, 0x34, 0x00, 0x00, 0x00,
    0x05, 0x87, 0x40, 0x00, 0x01, 0xcf, 0xcc, 0xfa, 0x00, 0x0b, 0xd2, 0x00, 0x4e, 0x80, 0x2f, 0x60,
    0x00, 0x08, 0xe0, 0x4f, 0xfd, 0xdd, 0xdf, 0xf1, 0x4f, 0x84, 0x44, 0x44, 0x40, 0x0e, 0xa0, 0x00,
    0x01, 0x00, 0x06, 0xfb, 0x54, 0x8e, 0x50, 0x00, 0x4c, 0xff, 0xe8, 0x00, 0x00, 0x00, 0x01, 0x00,
    0x00,

    /* U+00E9 LATIN SMALL LETTER E WITH ACUTE */
    0x00, 0x00, 0x08, 0xb3, 0x00, 0x00, 0x00, 0x9d, 0x30, 0x00, 0x00, 0x01, 0x41, 0x00, 0x00, 0x00,
    0x05, 0x87, 0x40, 0x00, 0x01, 0xcf, 0xcc, 0xfa, 0x00, 0x0b, 0xd2, 0x00, 0x4e, 0x80, 0x2f, 0x60,
    0x00, 0x08, 0xe0, 0x4f, 0xfd, 0xdd, 0xdf, 0xf1, 0x4f, 0x84, 0x44, 0x44, 0x40, 0x0e, 0xa0, 0x00,
    0x01, 0x00, 0x06, 0xfb, 0x54, 0x8e, 0x50, 0x00, 0x4c, 0xff, 0xe8, 0x00, 0x00, 0x00, 0x01, 0x00,
    0x00,

    /* U+00EA LATIN SMALL LETTER E WITH CIRCUMFLEX */
    0x00, 0x04, 0xfc, 0x10, 0x00, 0x00, 0x4e, 0x59, 0xc1, 0x00, 0x00, 0x42, 0x00, 0x42, 0x00, 0x00,
    0x05, 0x87, 0x40, 0x00, 0x01, 0xcf, 0xcc, 0xfa, 0x00, 0x0b, 0xd2, 0x00, 0x4e, 0x80, 0x2f, 0x60,
    0x00, 0x08, 0xe0, 0x4f, 0xfd, 0xdd, 0xdf, 0xf1, 0x4f, 0x84, 0x44, 0x44, 0x40, 0x0e, 0xa0, 0x00,
    0x01, 0x00, 0x06, 0xfb, 0x54, 0x8e, 0x50, 0x00, 0x4c, 0xff, 0xe8, 0x00, 0x00, 0x00, 0x01, 0x00,
    0x00,

    /* U+00EB LATIN SMALL LETTER E WITH DIAERESIS */
    0x00, 0x27, 0x02, 0x70, 0x00, 0x00, 0x5d, 0x15, 0xd0, 0x00, 0x00, 0x00, 0x00, 0x00, 0x00, 0x00,
    0x05, 0x87, 0x40, 0x00, 0x01, 0xcf, 0xcc, 0xfa, 0x00, 0x0b, 0xd2, 0x00, 0x4e, 0x80, 0x2f, 0x60,
    0x00, 0x08, 0xe0, 0x4f, 0xfd, 0xdd, 0xdf, 0xf1, 0x4f, 0x84, 0x44, 0x44, 0x40, 0x0e, 0xa0, 0x00,
    0x01, 0x00, 0x06, 0xfb, 0x54, 0x8e, 0x50, 0x00, 0x4c, 0xff, 0xe8, 0x00, 0x00, 0x00, 0x01, 0x00,
    0x00,

    /* U+00EC LATIN SMALL LETTER I WITH GRAVE */
    0x7c, 0x30, 0x07, 0xe4, 0x00, 0x34, 0x00, 0x47, 0x00, 0x8f, 0x00, 0x8f, 0x00, 0x8f, 0x00, 0x8f,
    0x00, 0x8f, 0x00, 0x8f, 0x00, 0x8f, 0x00, 0x8f,

    /* U+00ED LATIN SMALL LETTER I WITH ACUTE */
    0x00, 0x8b, 0x30, 0x9d, 0x30, 0x14, 0x10, 0x00, 0x47, 0x00, 0x08, 0xf0, 0x00, 0x8f, 0x00, 0x08,
    0xf0, 0x00, 0x8f, 0x00, 0x08, 0xf0, 0x00, 0x8f, 0x00, 0x08, 0xf0, 0x00, 0x8f, 0x00,

    /* U+00EE LATIN SMALL LETTER I WITH CIRCUMFLEX */
    0x03, 0xfb, 0x00, 0x2d, 0x7b, 0x90, 0x23, 0x01, 0x41, 0x00, 0x47, 0x00, 0x00, 0x8f, 0x00, 0x00,
    0x8f, 0x00, 0x00, 0x8f, 0x00, 0x00, 0x8f, 0x00, 0x00, 0x8f, 0x00, 0x00, 0x8f, 0x00, 0x00, 0x8f,
    0x00, 0x00, 0x8f, 0x00,

    /* U+00EF LATIN SMALL LETTER I WITH DIAERESIS */
    0x07, 0x25, 0x41, 0xd4, 0xa8, 0x00, 0x00, 0x00, 0x04, 0x70, 0x00, 0x8f, 0x00, 0x08, 0xf0, 0x00,
    0x8f, 0x00, 0x08, 0xf0, 0x00, 0x8f, 0x00, 0x08, 0xf0, 0x00, 0x8f, 0x00, 0x08, 0xf0,

    /* U+00F0 LATIN SMALL LETTER ETH */
    0x00, 0x7b, 0x20, 0x03, 0x00, 0x01, 0xaf, 0xcd, 0xa0, 0x00, 0x18, 0xff, 0x80, 0x00, 0x1d, 0x81,
    0x5f, 0x40, 0x00, 0x00, 0x10, 0x9d, 0x00, 0x2a, 0xff, 0xd6, 0xf5, 0x0c, 0xe6, 0x24, 0xcf, 0x94,
    0xf6, 0x00, 0x02, 0xfb, 0x5f, 0x30, 0x00, 0x0e, 0xb3, 0xf7, 0x00, 0x03, 0xf7, 0x0b, 0xe7, 0x46,
    0xdd, 0x10, 0x19, 0xef, 0xea, 0x10, 0x00, 0x00, 0x10, 0x00, 0x00,

    /* U+00F1 LATIN SMALL LETTER N WITH TILDE */
    0x00, 0x3b, 0x70, 0x54, 0x00, 0x0b, 0x58, 0xde, 0x20, 0x00, 0x20, 0x02, 0x20, 0x04, 0x70, 0x48,
    0x84, 0x00, 0x8e, 0xbf, 0xde, 0xf9, 0x08, 0xfb, 0x10, 0x0a, 0xf3, 0x8f, 0x30, 0x00, 0x2f, 0x78,
    0xf0, 0x00, 0x01, 0xf8, 0x8f, 0x00, 0x00, 0x0f, 0x88, 0xf0, 0x00, 0x00, 0xf8, 0x8f, 0x00, 0x00,
    0x0f, 0x88, 0xf0, 0x00, 0x00, 0xf8,

    /* U+00F2 LATIN SMALL LETTER O WITH GRAVE */
    0x00, 0x7c, 0x30, 0x00, 0x00, 0x00, 0x07, 0xe4, 0x00, 0x00, 0x00, 0x00, 0x34, 0x00, 0x00, 0x00,
    0x04, 0x78, 0x50, 0x00, 0x01, 0xbf, 0xdd, 0xfd, 0x20, 0x0a, 0xe4, 0x00, 0x3d, 0xd0, 0x2f, 0x70,
    0x00, 0x05, 0xf4, 0x4f, 0x40, 0x00, 0x01, 0xf7, 0x4f, 0x50, 0x00, 0x02, 0xf6, 0x0e, 0xb0, 0x00,
    0x09, 0xf2, 0x05, 0xfb, 0x55, 0x9f, 0x80, 0x00, 0x4c, 0xff, 0xd6, 0x00, 0x00, 0x00, 0x01, 0x00,
    0x00,

    /* U+00F3 LATIN SMALL LETTER O WITH ACUTE */
    0x00, 0x00, 0x08, 0xb3, 0x00, 0x00, 0x00, 0x9d, 0x30, 0x00, 0x00, 0x01, 0x41, 0x00, 0x00, 0x00,
    0x04, 0x78, 0x50, 0x00, 0x01, 0xbf, 0xdd, 0xfd, 0x20, 0x0a, 0xe4, 0x00, 0x3d, 0xd0, 0x2f, 0x70,
    0x00, 0x05, 0xf4, 0x4f, 0x40, 0x00, 0x01, 0xf7, 0x4f, 0x50, 0x00, 0x02, 0xf6, 0x0e, 0xb0, 0x00,
    0x09, 0xf2, 0x05, 0xfb, 0x55, 0x9f, 0x80, 0x00, 0x4c, 0xff, 0xd6, 0x00, 0x00, 0x00, 0x01, 0x00,
    0x00,

    /* U+00F4 LATIN SMALL LETTER O WITH CIRCUMFLEX */
    0x00, 0x04, 0xfc, 0x10, 0x00, 0x00, 0x4e, 0x59, 0xc1, 0x00, 0x00, 0x42, 0x00, 0x42, 0x00, 0x00,
    0x04, 0x78, 0x50, 0x00, 0x01, 0xbf, 0xdd, 0xfd, 0x20, 0x0a, 0xe4, 0x00, 0x3d, 0xd0, 0x2f, 0x70,
    0x00, 0x05, 0xf4, 0x4f, 0x40, 0x00, 0x01, 0xf7, 0x4f, 0x50, 0x00, 0x02, 0xf6, 0x0e, 0xb0, 0x00,
    0x09, 0xf2, 0x05, 0xfb, 0x55, 0x9f, 0x80, 0x00, 0x4c, 0xff, 0xd6, 0x00, 0x00, 0x00, 0x01, 0x00,
    0x00,

    /* U+00F5 LATIN SMALL LETTER O WITH TILDE */
    0x00, 0x3b, 0x70, 0x54, 0x00, 0x00, 0xb5, 0x8d, 0xe2, 0x00, 0x00, 0x20, 0x02, 0x20, 0x00, 0x00,
    0x04, 0x78, 0x50, 0x00, 0x01, 0xbf, 0xdd, 0xfd, 0x20, 0x0a, 0xe4, 0x00, 0x3d, 0xd0, 0x2f, 0x70,
    0x00, 0x05, 0xf4, 0x4f, 0x40, 0x00, 0x01, 0xf7, 0x4f, 0x50, 0x00, 0x02, 0xf6, 0x0e, 0xb0, 0x00,
    0x09, 0xf2, 0x05, 0xfb, 0x55, 0x9f, 0x80, 0x00, 0x4c, 0xff, 0xd6, 0x00, 0x00, 0x00, 0x01, 0x00,
    0x00,

    /* U+00F6 LATIN SMALL LETTER O WITH DIAERESIS */
    0x00, 0x27, 0x02, 0x70, 0x00, 0x00, 0x5d, 0x15, 0xd0, 0x00, 0x00, 0x00, 0x00, 0x00, 0x00, 0x00,
    0x04, 0x78, 0x50, 0x00, 0x01, 0xbf, 0xdd, 0xfd, 0x20, 0x0a, 0xe4, 0x00, 0x3d, 0xd0, 0x2f, 0x70,
    0x00, 0x05, 0xf4, 0x4f, 0x40, 0x00, 0x01, 0xf7, 0x4f, 0x50, 0x00, 0x02, 0xf6, 0x0e, 0xb0, 0x00,
    0x09, 0xf2, 0x05, 0xfb, 0x55, 0x9f, 0x80, 0x00, 0x4c, 0xff, 0xd6, 0x00, 0x00, 0x00, 0x01, 0x00,
    0x00,

    /* U+00F7 DIVISION SIGN */
    0x00, 0x19, 0x30, 0x00, 0x00, 0x3f, 0x70, 0x00, 0x00, 0x02, 0x00, 0x00, 0x34, 0x44, 0x44, 0x41,
    0xef, 0xff, 0xff, 0xf4, 0x00, 0x00, 0x00, 0x00, 0x00, 0x05, 0x10, 0x00, 0x00, 0x3f, 0x80, 0x00,
    0x00, 0x06, 0x20, 0x00,

    /* U+00F8 LATIN SMALL LETTER O WITH STROKE */
    0x00, 0x00, 0x00, 0x06, 0x20, 0x00, 0x04, 0x78, 0x9d, 0x00, 0x01, 0xbf, 0xdd, 0xff, 0x20, 0x0a,
    0xe4, 0x05, 0xfd, 0xd0, 0x2f, 0x70, 0x0c, 0x55, 0xf4, 0x4f, 0x40, 0x5c, 0x01, 0xf7, 0x4f, 0x50,
    0xd4, 0x02, 0xf6, 0x0e, 0xb6, 0xb0, 0x09, 0xf2, 0x05, 0xff, 0x95, 0x9f, 0x80, 0x00, 0xbf, 0xff,
    0xd6, 0x00, 0x00, 0xd3, 0x01, 0x00, 0x00, 0x01, 0x30, 0x00, 0x00, 0x00,

    /* U+00F9 LATIN SMALL LETTER U WITH GRAVE */
    0x00, 0x7c, 0x30, 0x00, 0x00, 0x00, 0x7e, 0x40, 0x00, 0x00, 0x00, 0x34, 0x00, 0x04, 0x60, 0x00,
    0x01, 0x73, 0x9e, 0x00, 0x00, 0x3f, 0x59, 0xe0, 0x00, 0x03, 0xf5, 0x9e, 0x00, 0x00, 0x3f, 0x59,
    0xe0, 0x00, 0x03, 0xf5, 0x9e, 0x00, 0x00, 0x4f, 0x57, 0xf3, 0x00, 0x09, 0xf5, 0x2e, 0xd6, 0x59,
    0xff, 0x50, 0x4c, 0xff, 0xc4, 0xf5, 0x00, 0x01, 0x10, 0x00, 0x00,

    /* U+00FA LATIN SMALL LETTER U WITH ACUTE */
    0x00, 0x00, 0x08, 0xb3, 0x00, 0x00, 0x09, 0xd3, 0x00, 0x00, 0x01, 0x41, 0x00, 0x04, 0x60, 0x00,
    0x01, 0x73, 0x9e, 0x00, 0x00, 0x3f, 0x59, 0xe0, 0x00, 0x03, 0xf5, 0x9e, 0x00, 0x00, 0x3f, 0x59,
    0xe0, 0x00, 0x03, 0xf5, 0x9e, 0x00, 0x00, 0x4f, 0x57, 0xf3, 0x00, 0x09, 0xf5, 0x2e, 0xd6, 0x59,
    0xff, 0x50, 0x4c, 0xff, 0xc4, 0xf5, 0x00, 0x01, 0x10, 0x00, 0x00,

    /* U+00FB LATIN SMALL LETTER U WITH CIRCUMFLEX */
    0x00, 0x04, 0xfc, 0x10, 0x00, 0x04, 0xe5, 0x9c, 0x10, 0x00, 0x42, 0x00, 0x42, 0x04, 0x60, 0x00,
    0x01, 0x73, 0x9e, 0x00, 0x00, 0x3f, 0x59, 0xe0, 0x00, 0x03, 0xf5, 0x9e, 0x00, 0x00, 0x3f, 0x59,
    0xe0, 0x00, 0x03, 0xf5, 0x9e, 0x00, 0x00, 0x4f, 0x57, 0xf3, 0x00, 0x09, 0xf5, 0x2e, 0xd6, 0x59,
    0xff, 0x50, 0x4c, 0xff, 0xc4, 0xf5, 0x00, 0x01, 0x10, 0x00, 0x00,

    /* U+00FC LATIN SMALL LETTER U WITH DIAERESIS */
    0x00, 0x27, 0x02, 0x70, 0x00, 0x05, 0xd1, 0x5d, 0x00, 0x00, 0x00, 0x00, 0x00, 0x04, 0x60, 0x00,
    0x01, 0x73, 0x9e, 0x00, 0x00, 0x3f, 0x59, 0xe0, 0x00, 0x03, 0xf5, 0x9e, 0x00, 0x00, 0x3f, 0x59,
    0xe0, 0x00, 0x03, 0xf5, 0x9e, 0x00, 0x00, 0x4f, 0x57, 0xf3, 0x00, 0x09, 0xf5, 0x2e, 0xd6, 0x59,
    0xff, 0x50, 0x4c, 0xff, 0xc4, 0xf5, 0x00, 0x01, 0x10, 0x00, 0x00,

    /* U+00FD LATIN SMALL LETTER Y WITH ACUTE */
    0x00, 0x00, 0x08, 0xb3, 0x00, 0x00, 0x00, 0x9d, 0x30, 0x00, 0x00, 0x01, 0x41, 0x00, 0x00, 0x07,
    0x50, 0x00, 0x00, 0x46, 0x09, 0xe1, 0x00, 0x00, 0xe8, 0x02, 0xf6, 0x00, 0x06, 0xf2, 0x00, 0xbd,
    0x00, 0x0c, 0xa0, 0x00, 0x4f, 0x50, 0x4f, 0x30, 0x00, 0x0d, 0xb0, 0xbc, 0x00, 0x00, 0x06, 0xf5,
    0xf5, 0x00, 0x00, 0x00, 0xef, 0xd0, 0x00, 0x00, 0x00, 0x9f, 0x70, 0x00, 0x00, 0x00, 0x9e, 0x10,
    0x00, 0x07, 0x35, 0xe8, 0x00, 0x00, 0x2d, 0xff, 0xa0, 0x00, 0x00, 0x00, 0x21, 0x00, 0x00, 0x00,

    /* U+00FE LATIN SMALL LETTER THORN */
    0x7d, 0x00, 0x00, 0x00, 0x00, 0x8f, 0x00, 0x00, 0x00, 0x00, 0x8f, 0x00, 0x00, 0x00, 0x00, 0x8f,
    0x04, 0x87, 0x40, 0x00, 0x8f, 0xaf, 0xcd, 0xfb, 0x10, 0x8f, 0xd2, 0x00, 0x5f, 0x90, 0x8f, 0x30,
    0x00, 0x09, 0xf1, 0x8f, 0x00, 0x00, 0x05, 0xf3, 0x8f, 0x10, 0x00, 0x06, 0xf2, 0x8f, 0x70, 0x00,
    0x0c, 0xd0, 0x8f, 0xe9, 0x45, 0xcf, 0x50, 0x8f, 0x3c, 0xff, 0xc4, 0x00, 0x8f, 0x00, 0x10, 0x00,
    0x00, 0x8f, 0x00, 0x00, 0x00, 0x00, 0x8f, 0x00, 0x00, 0x00, 0x00, 0x12, 0x00, 0x00, 0x00, 0x00,

    /* U+00FF LATIN SMALL LETTER Y WITH DIAERESIS */
    0x00, 0x27, 0x02, 0x70, 0x00, 0x00, 0x5d, 0x15, 0xd0, 0x00, 0x00, 0x00, 0x00, 0x00, 0x00, 0x07,
    0x50, 0x00, 0x00, 0x46, 0x09, 0xe1, 0x00, 0x00, 0xe8, 0x02, 0xf6, 0x00, 0x06, 0xf2, 0x00, 0xbd,
    0x00, 0x0c, 0xa0, 0x00, 0x4f, 0x50, 0x4f, 0x30, 0x00, 0x0d, 0xb0, 0xbc, 0x00, 0x00, 0x06, 0xf5,
    0xf5, 0x00, 0x00, 0x00, 0xef, 0xd0, 0x00, 0x00, 0x00, 0x9f, 0x70, 0x00, 0x00, 0x00, 0x9e, 0x10,
    0x00, 0x07, 0x35, 0xe8, 0x00, 0x00, 0x2d, 0xff, 0xa0, 0x00, 0x00, 0x00, 0x21, 0x00, 0x00, 0x00,

    /* U+0100 LATIN CAPITAL LETTER A WITH MACRON */
    0x00, 0x03, 0x44, 0x44, 0x10, 0x00, 0x00, 0x09, 0xbb, 0xbb, 0x40, 0x00, 0x00, 0x00, 0x03, 0x20,
    0x00, 0x00, 0x00, 0x00, 0x4f, 0xe1, 0x00, 0x00, 0x00, 0x00, 0xbe, 0xf6, 0x00, 0x00, 0x00, 0x02,
    0xf6, 0xad, 0x00, 0x00, 0x00, 0x09, 0xe0, 0x4f, 0x50, 0x00, 0x00, 0x1f, 0x70, 0x0c, 0xc0, 0x00,
    0x00, 0x8f, 0x10, 0x06, 0xf3, 0x00, 0x01, 0xea, 0x11, 0x12, 0xfa, 0x00, 0x06, 0xff, 0xff, 0xff,
    0xff, 0x20, 0x0d, 0xe3, 0x33, 0x33, 0x4f, 0x90, 0x5f, 0x40, 0x00, 0x00, 0x09, 0xf1, 0xcd, 0x00,
    0x00, 0x00, 0x03, 0xf8,

    /* U+0101 LATIN SMALL LETTER A WITH MACRON */
    0x00, 0x34, 0x44, 0x41, 0x00, 0x09, 0xbb, 0xbb, 0x40, 0x00, 0x00, 0x00, 0x00, 0x00, 0x03, 0x78,
    0x62, 0x00, 0x0a, 0xfe, 0xce, 0xf5, 0x00, 0x53, 0x00, 0x1c, 0xe0, 0x00, 0x00, 0x00, 0x6f, 0x20,
    0x29, 0xdd, 0xdf, 0xf3, 0x0d, 0xc5, 0x44, 0x9f, 0x33, 0xf5, 0x00, 0x08, 0xf3, 0x1e, 0xc3, 0x26,
    0xff, 0x30, 0x4d, 0xff, 0xc7, 0xf3, 0x00, 0x01, 0x10, 0x00, 0x00,

    /* U+0102 LATIN CAPITAL LETTER A WITH BREVE */
    0x00, 0x08, 0x40, 0x09, 0x40, 0x00, 0x00, 0x04, 0xd9, 0xac, 0x10, 0x00, 0x00, 0x00, 0x15, 0x40,
    0x00, 0x00, 0x00, 0x00, 0x03, 0x20, 0x00, 0x00, 0x00, 0x00, 0x4f, 0xe1, 0x00, 0x00, 0x00, 0x00,
    0xbe, 0xf6, 0x00, 0x00, 0x00, 0x02, 0xf6, 0xad, 0x00, 0x00, 0x00, 0x09, 0xe0, 0x4f, 0x50, 0x00,
    0x00, 0x1f, 0x70, 0x0c, 0xc0, 0x00, 0x00, 0x8f, 0x10, 0x06, 0xf3, 0x00, 0x01, 0xea, 0x11, 0x12,
    0xfa, 0x00, 0x06, 0xff, 0xff, 0xff, 0xff, 0x20, 0x0d, 0xe3, 0x33, 0x33, 0x4f, 0x90, 0x5f, 0x40,
    0x00, 0x00, 0x09, 0xf1, 0xcd, 0x00, 0x00, 0x00, 0x03, 0xf8,

    /* U+0103 LATIN SMALL LETTER A WITH BREVE */
    0x00, 0x84, 0x00, 0x94, 0x00, 0x04, 0xd9, 0xac, 0x10, 0x00, 0x01, 0x54, 0x00, 0x00, 0x03, 0x78,
    0x62, 0x00, 0x0a, 0xfe, 0xce, 0xf5, 0x00, 0x53, 0x00, 0x1c, 0xe0, 0x00, 0x00, 0x00, 0x6f, 0x20,
    0x29, 0xdd, 0xdf, 0xf3, 0x0d, 0xc5, 0x44, 0x9f, 0x33, 0xf5, 0x00, 0x08, 0xf3, 0x1e, 0xc3, 0x26,
    0xff, 0x30, 0x4d, 0xff, 0xc7, 0xf3, 0x00, 0x01, 0x10, 0x00, 0x00,

    /* U+0104 LATIN CAPITAL LETTER A WITH OGONEK */
    0x00, 0x00, 0x03, 0x20, 0x00, 0x00, 0x00, 0x00, 0x04, 0xfe, 0x10, 0x00, 0x00, 0x00, 0x00, 0xbe,
    0xf6, 0x00, 0x00, 0x00, 0x00, 0x2f, 0x6a, 0xd0, 0x00, 0x00, 0x00, 0x09, 0xe0, 0x4f, 0x50, 0x00,
    0x00, 0x01, 0xf7, 0x00, 0xcc, 0x00, 0x00, 0x00, 0x8f, 0x10, 0x06, 0xf3, 0x00, 0x00, 0x1e, 0xa1,
    0x11, 0x2f, 0xa0, 0x00, 0x06, 0xff, 0xff, 0xff, 0xff, 0x20, 0x00, 0xde, 0x33, 0x33, 0x34, 0xf9,
    0x00, 0x5f, 0x40, 0x00, 0x00, 0x09, 0xf1, 0x0c, 0xd0, 0x00, 0x00, 0x00, 0x3f, 0xc0, 0x00, 0x00,
    0x00, 0x00, 0x06, 0xc3, 0x00, 0x00, 0x00, 0x00, 0x00, 0xe2, 0x00, 0x00, 0x00, 0x00, 0x00, 0x0e,
    0x86, 0x10, 0x00, 0x00, 0x00, 0x00, 0x38, 0x71,

    /* U+0105 LATIN SMALL LETTER A WITH OGONEK */
    0x00, 0x37, 0x86, 0x20, 0x00, 0xaf, 0xec, 0xef, 0x50, 0x05, 0x30, 0x01, 0xce, 0x00, 0x00, 0x00,
    0x06, 0xf2, 0x02, 0x9d, 0xdd, 0xff, 0x30, 0xdc, 0x54, 0x49, 0xf3, 0x3f, 0x50, 0x00, 0x8f, 0x31,
    0xec, 0x32, 0x6f, 0xf3, 0x04, 0xdf, 0xfc, 0xaf, 0x30, 0x00, 0x11, 0x6c, 0x30, 0x00, 0x00, 0x0e,
    0x20, 0x00, 0x00, 0x00, 0xe8, 0x61, 0x00, 0x00, 0x03, 0x87, 0x10,

    /* U+0106 LATIN CAPITAL LETTER C WITH ACUTE */
    0x00, 0x00, 0x00, 0x08, 0xb3, 0x00, 0x00, 0x00, 0x09, 0xd3, 0x00, 0x00, 0x00, 0x04, 0x95, 0x10,
    0x00, 0x00, 0x7e, 0xff, 0xff, 0xa2, 0x00, 0xaf, 0xa4, 0x23, 0x7e, 0xa0, 0x7f, 0x70, 0x00, 0x00,
    0x21, 0x0e, 0xc0, 0x00, 0x00, 0x00, 0x02, 0xf7, 0x00, 0x00, 0x00, 0x00, 0x3f, 0x60, 0x00, 0x00,
    0x00, 0x02, 0xf8, 0x00, 0x00, 0x00, 0x00, 0x0d, 0xd0, 0x00, 0x00, 0x00, 0x00, 0x5f, 0xa1, 0x00,
    0x00, 0x42, 0x00, 0x8f, 0xd7, 0x56, 0xaf, 0xa0, 0x00, 0x4b, 0xff, 0xfd, 0x70, 0x00, 0x00, 0x00,
    0x11, 0x00, 0x00,

    /* U+0107 LATIN SMALL LETTER C WITH ACUTE */
    0x00, 0x00, 0x08, 0xb3, 0x00, 0x00, 0x09, 0xd3, 0x00, 0x00, 0x01, 0x41, 0x00, 0x00, 0x00, 0x47,
    0x85, 0x00, 0x01, 0xbf, 0xdc, 0xfd, 0x20, 0xae, 0x40, 0x02, 0xc4, 0x2f, 0x70, 0x00, 0x00, 0x04,
    0xf4, 0x00, 0x00, 0x00, 0x4f, 0x50, 0x00, 0x00, 0x00, 0xeb, 0x00, 0x00, 0x40, 0x05, 0xfb, 0x54,
    0x9f, 0x50, 0x04, 0xcf, 0xfd, 0x60, 0x00, 0x00, 0x01, 0x00, 0x00,

    /* U+0108 LATIN CAPITAL LETTER C WITH CIRCUMFLEX */
    0x00, 0x00, 0x04, 0xfc, 0x10, 0x00, 0x00, 0x04, 0xe5, 0x9c, 0x10, 0x00, 0x00, 0x45, 0x54, 0x52,
    0x00, 0x00, 0x7e, 0xff, 0xff, 0xa2, 0x00, 0xaf, 0xa4, 0x23, 0x7e, 0xa0, 0x7f, 0x70, 0x00, 0x00,
    0x21, 0x0e, 0xc0, 0x00, 0x00, 0x00, 0x02, 0xf7, 0x00, 0x00, 0x00, 0x00, 0x3f, 0x60, 0x00, 0x00,
    0x00, 0x02, 0xf8, 0x00, 0x00, 0x00, 0x00, 0x0d, 0xd0, 0x00, 0x00, 0x00, 0x00, 0x5f, 0xa1, 0x00,
    0x00, 0x42, 0x00, 0x8f, 0xd7, 0x56, 0xaf, 0xa0, 0x00, 0x4b, 0xff, 0xfd, 0x70, 0x00, 0x00, 0x00,
    0x11, 0x00, 0x00,

    /* U+0109 LATIN SMALL LETTER C WITH CIRCUMFLEX */
    0x00, 0x04, 0xfc, 0x10, 0x00, 0x04, 0xe5, 0x9c, 0x10, 0x00, 0x42, 0x00, 0x42, 0x00, 0x00, 0x47,
    0x85, 0x00, 0x01, 0xbf, 0xdc, 0xfd, 0x20, 0xae, 0x40, 0x02, 0xc4, 0x2f, 0x70, 0x00, 0x00, 0x04,
    0xf4, 0x00, 0x00, 0x00, 0x4f, 0x50, 0x00, 0x00, 0x00, 0xeb, 0x00, 0x00, 0x40, 0x05, 0xfb, 0x54,
    0x9f, 0x50, 0x04, 0xcf, 0xfd, 0x60, 0x00, 0x00, 0x01, 0x00, 0x00,

    /* U+010A LATIN CAPITAL LETTER C WITH DOT ABOVE */
    0x00, 0x00, 0x01, 0xc7, 0x00, 0x00, 0x00, 0x00, 0x1d, 0x80, 0x00, 0x00, 0x00, 0x03, 0x54, 0x10,
    0x00, 0x00, 0x7e, 0xff, 0xff, 0xa2, 0x00, 0xaf, 0xa4, 0x23, 0x7e, 0xa0, 0x7f, 0x70, 0x00, 0x00,
    0x21, 0x0e, 0xc0, 0x00, 0x00, 0x00, 0x02, 0xf7, 0x00, 0x00, 0x00, 0x00, 0x3f, 0x60, 0x00, 0x00,
    0x00, 0x02, 0xf8, 0x00, 0x00, 0x00, 0x00, 0x0d, 0xd0, 0x00, 0x00, 0x00, 0x00, 0x5f, 0xa1, 0x00,
    0x00, 0x42, 0x00, 0x8f, 0xd7, 0x56, 0xaf, 0xa0, 0x00, 0x4b, 0xff, 0xfd, 0x70, 0x00, 0x00, 0x00,
    0x11, 0x00, 0x00,

    /* U+010B LATIN SMALL LETTER C WITH DOT ABOVE */
    0x00, 0x01, 0xc7, 0x00, 0x00, 0x00, 0x1d, 0x80, 0x00, 0x00, 0x00, 0x00, 0x00, 0x00, 0x00, 0x47,
    0x85, 0x00, 0x01, 0xbf, 0xdc, 0xfd, 0x20, 0xae, 0x40, 0x02, 0xc4, 0x2f, 0x70, 0x00, 0x00, 0x04,
    0xf4, 0x00, 0x00, 0x00, 0x4f, 0x50, 0x00, 0x00, 0x00, 0xeb, 0x00, 0x00, 0x40, 0x05, 0xfb, 0x54,
    0x9f, 0x50, 0x04, 0xcf, 0xfd, 0x60, 0x00, 0x00, 0x01, 0x00, 0x00,

    /* U+010C LATIN CAPITAL LETTER C WITH CARON */
    0x00, 0x00, 0x89, 0x03, 0xb3, 0x00, 0x00, 0x00, 0xbf, 0xf5, 0x00, 0x00, 0x00, 0x03, 0x97, 0x10,
    0x00, 0x00, 0x7e, 0xff, 0xff, 0xa2, 0x00, 0xaf, 0xa4, 0x23, 0x7e, 0xa0, 0x7f, 0x70, 0x00, 0x00,
    0x21, 0x0e, 0xc0, 0x00, 0x00, 0x00, 0x02, 0xf7, 0x00, 0x00, 0x00, 0x00, 0x3f, 0x60, 0x00, 0x00,
    0x00, 0x02, 0xf8, 0x00, 0x00, 0x00, 0x00, 0x0d, 0xd0, 0x00, 0x00, 0x00, 0x00, 0x5f, 0xa1, 0x00,
    0x00, 0x42, 0x00, 0x8f, 0xd7, 0x56, 0xaf, 0xa0, 0x00, 0x4b, 0xff, 0xfd, 0x70, 0x00, 0x00, 0x00,
    0x11, 0x00, 0x00,

    /* U+010D LATIN SMALL LETTER C WITH CARON */
    0x00, 0x89, 0x03, 0xb3, 0x00, 0x00, 0xbf, 0xf5, 0x00, 0x00, 0x00, 0x43, 0x00, 0x00, 0x00, 0x47,
    0x85, 0x00, 0x01, 0xbf, 0xdc, 0xfd, 0x20, 0xae, 0x40, 0x02, 0xc4, 0x2f, 0x70, 0x00, 0x00, 0x04,
    0xf4, 0x00, 0x00, 0x00, 0x4f, 0x50, 0x00, 0x00, 0x00, 0xeb, 0x00, 0x00, 0x40, 0x05, 0xfb, 0x54,
    0x9f, 0x50, 0x04, 0xcf, 0xfd, 0x60, 0x00, 0x00, 0x01, 0x00, 0x00,

    /* U+010E LATIN CAPITAL LETTER D WITH CARON */
    0x00, 0x89, 0x03, 0xb3, 0x00, 0x00, 0x00, 0x0b, 0xff, 0x50, 0x00, 0x00, 0x13, 0x33, 0x76, 0x10,
    0x00, 0x00, 0x5f, 0xff, 0xff, 0xfd, 0x70, 0x00, 0x5f, 0x63, 0x33, 0x5a, 0xfc, 0x10, 0x5f, 0x40,
    0x00, 0x00, 0x5f, 0xa0, 0x5f, 0x40, 0x00, 0x00, 0x09, 0xf2, 0x5f, 0x40, 0x00, 0x00, 0x04, 0xf5,
    0x5f, 0x40, 0x00, 0x00, 0x03, 0xf6, 0x5f, 0x40, 0x00, 0x00, 0x05, 0xf5, 0x5f, 0x40, 0x00, 0x00,
    0x0b, 0xe1, 0x5f, 0x40, 0x00, 0x00, 0x8f, 0x80, 0x5f, 0x86, 0x66, 0x8d, 0xf9, 0x00, 0x5f, 0xff,
    0xff, 0xda, 0x40, 0x00,

    /* U+010F LATIN SMALL LETTER D WITH CARON */
    0x00, 0x00, 0x00, 0x00, 0x00, 0x2b, 0x00, 0x00, 0x00, 0x01, 0xd6, 0x3f, 0x00, 0x00, 0x00, 0x01,
    0xf7, 0x3e, 0x00, 0x00, 0x00, 0x01, 0xf7, 0x15, 0x00, 0x05, 0x87, 0x31, 0xf7, 0x00, 0x01, 0xcf,
    0xdd, 0xfa, 0xf7, 0x00, 0x0b, 0xe4, 0x00, 0x3e, 0xf7, 0x00, 0x2f, 0x70, 0x00, 0x05, 0xf7, 0x00,
    0x4f, 0x40, 0x00, 0x01, 0xf7, 0x00, 0x4f, 0x50, 0x00, 0x02, 0xf7, 0x00, 0x1e, 0xb0, 0x00, 0x09,
    0xf7, 0x00, 0x06, 0xfb, 0x55, 0xae, 0xf7, 0x00, 0x00, 0x5d, 0xff, 0xc3, 0xf7, 0x00, 0x00, 0x00,
    0x11, 0x00, 0x00, 0x00,

    /* U+0110 LATIN CAPITAL LETTER D WITH STROKE */
    0x01, 0x33, 0x33, 0x31, 0x00, 0x00, 0x00, 0x5f, 0xff, 0xff, 0xfd, 0x70, 0x00, 0x05, 0xf6, 0x33,
    0x35, 0xaf, 0xc1, 0x00, 0x5f, 0x40, 0x00, 0x00, 0x5f, 0xa0, 0x05, 0xf4, 0x00, 0x00, 0x00, 0x9f,
    0x22, 0xaf, 0x95, 0x55, 0x00, 0x04, 0xf5, 0x6f, 0xff, 0xee, 0xe0, 0x00, 0x3f, 0x60, 0x5f, 0x40,
    0x00, 0x00, 0x05, 0xf5, 0x05, 0xf4, 0x00, 0x00, 0x00, 0xbe, 0x10, 0x5f, 0x40, 0x00, 0x00, 0x8f,
    0x80, 0x05, 0xf8, 0x66, 0x68, 0xdf, 0x90, 0x00, 0x5f, 0xff, 0xff, 0xda, 0x40, 0x00,

    /* U+0111 LATIN SMALL LETTER D WITH STROKE */
    0x00, 0x00, 0x00, 0x01, 0xd6, 0x00, 0x00, 0x03, 0x88, 0x9f, 0xf8, 0x00, 0x00, 0x38, 0x89, 0xff,
    0x80, 0x00, 0x58, 0x73, 0x1f, 0x70, 0x01, 0xcf, 0xdd, 0xfa, 0xf7, 0x00, 0xbe, 0x40, 0x03, 0xef,
    0x70, 0x2f, 0x70, 0x00, 0x05, 0xf7, 0x04, 0xf4, 0x00, 0x00, 0x1f, 0x70, 0x4f, 0x50, 0x00, 0x02,
    0xf7, 0x01, 0xeb, 0x00, 0x00, 0x9f, 0x70, 0x06, 0xfb, 0x55, 0xae, 0xf7, 0x00, 0x05, 0xdf, 0xfc,
    0x3f, 0x70, 0x00, 0x00, 0x11, 0x00, 0x00, 0x00,

    /* U+0112 LATIN CAPITAL LETTER E WITH MACRON */
    0x00, 0x34, 0x44, 0x41, 0x00, 0x09, 0xbb, 0xbb, 0x40, 0x13, 0x33, 0x33, 0x33, 0x25, 0xff, 0xff,
    0xff, 0xf9, 0x5f, 0x63, 0x33, 0x33, 0x25, 0xf4, 0x00, 0x00, 0x00, 0x5f, 0x40, 0x00, 0x00, 0x05,
    0xf9, 0x55, 0x55, 0x50, 0x5f, 0xff, 0xff, 0xfd, 0x05, 0xf4, 0x00, 0x00, 0x00, 0x5f, 0x40, 0x00,
    0x00, 0x05, 0xf4, 0x00, 0x00, 0x00, 0x5f, 0x86, 0x66, 0x66, 0x55, 0xff, 0xff, 0xff, 0xfc,

    /* U+0113 LATIN SMALL LETTER E WITH MACRON */
    0x00, 0x34, 0x44, 0x41, 0x00, 0x00, 0x9b, 0xbb, 0xb4, 0x00, 0x00, 0x00, 0x00, 0x00, 0x00, 0x00,
    0x05, 0x87, 0x40, 0x00, 0x01, 0xcf, 0xcc, 0xfa, 0x00, 0x0b, 0xd2, 0x00, 0x4e, 0x80, 0x2f, 0x60,
    0x00, 0x08, 0xe0, 0x4f, 0xfd, 0xdd, 0xdf, 0xf1, 0x4f, 0x84, 0x44, 0x44, 0x40, 0x0e, 0xa0, 0x00,
    0x01, 0x00, 0x06, 0xfb, 0x54, 0x8e, 0x50, 0x00, 0x4c, 0xff, 0xe8, 0x00, 0x00, 0x00, 0x01, 0x00,
    0x00,

    /* U+0114 LATIN CAPITAL LETTER E WITH BREVE */
    0x00, 0x84, 0x00, 0x94, 0x00, 0x04, 0xd9, 0xac, 0x10, 0x00, 0x01, 0x54, 0x00, 0x01, 0x33, 0x33,
    0x33, 0x32, 0x5f, 0xff, 0xff, 0xff, 0x95, 0xf6, 0x33, 0x33, 0x32, 0x5f, 0x40, 0x00, 0x00, 0x05,
    0xf4, 0x00, 0x00, 0x00, 0x5f, 0x95, 0x55, 0x55, 0x05, 0xff, 0xff, 0xff, 0xd0, 0x5f, 0x40, 0x00,
    0x00, 0x05, 0xf4, 0x00, 0x00, 0x00, 0x5f, 0x40, 0x00, 0x00, 0x05, 0xf8, 0x66, 0x66, 0x65, 0x5f,
    0xff, 0xff, 0xff, 0xc0,

    /* U+0115 LATIN SMALL LETTER E WITH BREVE */
    0x00, 0x84, 0x00, 0x94, 0x00, 0x00, 0x4d, 0x9a, 0xc1, 0x00, 0x00, 0x01, 0x54, 0x00, 0x00, 0x00,
    0x05, 0x87, 0x40, 0x00, 0x01, 0xcf, 0xcc, 0xfa, 0x00, 0x0b, 0xd2, 0x00, 0x4e, 0x80, 0x2f, 0x60,
    0x00, 0x08, 0xe0, 0x4f, 0xfd, 0xdd, 0xdf, 0xf1, 0x4f, 0x84, 0x44, 0x44, 0x40, 0x0e, 0xa0, 0x00,
    0x01, 0x00, 0x06, 0xfb, 0x54, 0x8e, 0x50, 0x00, 0x4c, 0xff, 0xe8, 0x00, 0x00, 0x00, 0x01, 0x00,
    0x00,

    /* U+0116 LATIN CAPITAL LETTER E WITH DOT ABOVE */
    0x00, 0x01, 0xc7, 0x00, 0x00, 0x00, 0x1d, 0x80, 0x00, 0x13, 0x33, 0x33, 0x33, 0x25, 0xff, 0xff,
    0xff, 0xf9, 0x5f, 0x63, 0x33, 0x33, 0x25, 0xf4, 0x00, 0x00, 0x00, 0x5f, 0x40, 0x00, 0x00, 0x05,
    0xf9, 0x55, 0x55, 0x50, 0x5f, 0xff, 0xff, 0xfd, 0x05, 0xf4, 0x00, 0x00, 0x00, 0x5f, 0x40, 0x00,
    0x00, 0x05, 0xf4, 0x00, 0x00, 0x00, 0x5f, 0x86, 0x66, 0x66, 0x55, 0xff, 0xff, 0xff, 0xfc,

    /* U+0117 LATIN SMALL LETTER E WITH DOT ABOVE */
    0x00, 0x01, 0xc7, 0x00, 0x00, 0x00, 0x01, 0xd8, 0x00, 0x00, 0x00, 0x00, 0x00, 0x00, 0x00, 0x00,
    0x05, 0x87, 0x40, 0x00, 0x01, 0xcf, 0xcc, 0xfa, 0x00, 0x0b, 0xd2, 0x00, 0x4e, 0x80, 0x2f, 0x60,
    0x00, 0x08, 0xe0, 0x4f, 0xfd, 0xdd, 0xdf, 0xf1, 0x4f, 0x84, 0x44, 0x44, 0x40, 0x0e, 0xa0, 0x00,
    0x01, 0x00, 0x06, 0xfb, 0x54, 0x8e, 0x50, 0x00, 0x4c, 0xff, 0xe8, 0x00, 0x00, 0x00, 0x01, 0x00,
    0x00,

    /* U+0118 LATIN CAPITAL LETTER E WITH OGONEK */
    0x13, 0x33, 0x33, 0x33, 0x20, 0x5f, 0xff, 0xff, 0xff, 0x90, 0x5f, 0x63, 0x33, 0x33, 0x20, 0x5f,
    0x40, 0x00, 0x00, 0x00, 0x5f, 0x40, 0x00, 0x00, 0x00, 0x5f, 0x95, 0x55, 0x55, 0x00, 0x5f, 0xff,
    0xff, 0xfd, 0x00, 0x5f, 0x40, 0x00, 0x00, 0x00, 0x5f, 0x40, 0x00, 0x00, 0x00, 0x5f, 0x40, 0x00,
    0x00, 0x00, 0x5f, 0x86, 0x66, 0x66, 0x50, 0x5f, 0xff, 0xff, 0xff, 0xf0, 0x00, 0x00, 0x00, 0x6c,
    0x30, 0x00, 0x00, 0x00, 0xe2, 0x00, 0x00, 0x00, 0x00, 0xe8, 0x61, 0x00, 0x00, 0x00, 0x38, 0x71,

    /* U+0119 LATIN SMALL LETTER E WITH OGONEK */
    0x00, 0x05, 0x87, 0x40, 0x00, 0x01, 0xcf, 0xcc, 0xfa, 0x00, 0x0b, 0xd2, 0x00, 0x4e, 0x80, 0x2f,
    0x60, 0x00, 0x08, 0xe0, 0x4f, 0xfd, 0xdd, 0xdf, 0xf1, 0x4f, 0x84, 0x44, 0x44, 0x40, 0x0e, 0xa0,
    0x00, 0x01, 0x00, 0x06, 0xfb, 0x54, 0x8e, 0x50, 0x00, 0x4c, 0xff, 0xfa, 0x10, 0x00, 0x00, 0x08,
    0xb0, 0x00, 0x00, 0x00, 0x0d, 0x30, 0x00, 0x00, 0x00, 0x0c, 0x96, 0x20, 0x00, 0x00, 0x02, 0x88,
    0x20,

    /* U+011A LATIN CAPITAL LETTER E WITH CARON */
    0x00, 0x89, 0x03, 0xb3, 0x00, 0x00, 0xbf, 0xf5, 0x00, 0x13, 0x33, 0x76, 0x33, 0x25, 0xff, 0xff,
    0xff, 0xf9, 0x5f, 0x63, 0x33, 0x33, 0x25, 0xf4, 0x00, 0x00, 0x00, 0x5f, 0x40, 0x00, 0x00, 0x05,
    0xf9, 0x55, 0x55, 0x50, 0x5f, 0xff, 0xff, 0xfd, 0x05, 0xf4, 0x00, 0x00, 0x00, 0x5f, 0x40, 0x00,
    0x00, 0x05, 0xf4, 0x00, 0x00, 0x00, 0x5f, 0x86, 0x66, 0x66, 0x55, 0xff, 0xff, 0xff, 0xfc,

    /* U+011B LATIN SMALL LETTER E WITH CARON */
    0x00, 0x89, 0x03, 0xb3, 0x00, 0x00, 0x0b, 0xff, 0x50, 0x00, 0x00, 0x00, 0x43, 0x00, 0x00, 0x00,
    0x05, 0x87, 0x40, 0x00, 0x01, 0xcf, 0xcc, 0xfa, 0x00, 0x0b, 0xd2, 0x00, 0x4e, 0x80, 0x2f, 0x60,
    0x00, 0x08, 0xe0, 0x4f, 0xfd, 0xdd, 0xdf, 0xf1, 0x4f, 0x84, 0x44, 0x44, 0x40, 0x0e, 0xa0, 0x00,
    0x01, 0x00, 0x06, 0xfb, 0x54, 0x8e, 0x50, 0x00, 0x4c, 0xff, 0xe8, 0x00, 0x00, 0x00, 0x01, 0x00,
    0x00,

    /* U+011C LATIN CAPITAL LETTER G WITH CIRCUMFLEX */
    0x00, 0x00, 0x04, 0xfc, 0x10, 0x00, 0x00, 0x04, 0xe5, 0x9c, 0x10, 0x00, 0x00, 0x45, 0x44, 0x52,
    0x00, 0x00, 0x7e, 0xff, 0xff, 0xb2, 0x00, 0xaf, 0xb4, 0x22, 0x6d, 0xc0, 0x7f, 0x70, 0x00, 0x00,
    0x12, 0x0e, 0xc0, 0x00, 0x00, 0x00, 0x02, 0xf7, 0x00, 0x00, 0x00, 0x00, 0x3f, 0x60, 0x00, 0x00,
    0x06, 0xa2, 0xf8, 0x00, 0x00, 0x00, 0x8f, 0x0d, 0xd0, 0x00, 0x00, 0x08, 0xf0, 0x5f, 0xa1, 0x00,
    0x00, 0xbf, 0x00, 0x8f, 0xd7, 0x55, 0x9f, 0xf0, 0x00, 0x4b, 0xff, 0xfd, 0x81, 0x00, 0x00, 0x00,
    0x11, 0x00, 0x00,

    /* U+011D LATIN SMALL LETTER G WITH CIRCUMFLEX */
    0x00, 0x04, 0xfc, 0x10, 0x00, 0x00, 0x4e, 0x59, 0xc1, 0x00, 0x00, 0x42, 0x00, 0x42, 0x00, 0x00,
    0x05, 0x88, 0x40, 0x64, 0x02, 0xcf, 0xdc, 0xfb, 0xe9, 0x0c, 0xe4, 0x00, 0x2c, 0xf9, 0x3f, 0x60,
    0x00, 0x02, 0xf9, 0x4f, 0x40, 0x00, 0x00, 0xf9, 0x3f, 0x60, 0x00, 0x02, 0xf9, 0x0c, 0xe3, 0x00,
    0x1b, 0xf9, 0x02, 0xdf, 0xcb, 0xec, 0xf9, 0x00, 0x16, 0x99, 0x51, 0xf8, 0x01, 0x00, 0x00, 0x04,
    0xf5, 0x09, 0xc6, 0x33, 0x6e, 0xd1, 0x03, 0xbf, 0xff, 0xfb, 0x20, 0x00, 0x00, 0x22, 0x10, 0x00,

    /* U+011E LATIN CAPITAL LETTER G WITH BREVE */
    0x00, 0x00, 0x84, 0x00, 0x94, 0x00, 0x00, 0x04, 0xd9, 0xac, 0x10, 0x00, 0x00, 0x01, 0x54, 0x00,
    0x00, 0x00, 0x00, 0x34, 0x41, 0x00, 0x00, 0x07, 0xef, 0xff, 0xfb, 0x20, 0x0a, 0xfb, 0x42, 0x26,
    0xdc, 0x07, 0xf7, 0x00, 0x00, 0x01, 0x20, 0xec, 0x00, 0x00, 0x00, 0x00, 0x2f, 0x70, 0x00, 0x00,
    0x00, 0x03, 0xf6, 0x00, 0x00, 0x00, 0x6a, 0x2f, 0x80, 0x00, 0x00, 0x08, 0xf0, 0xdd, 0x00, 0x00,
    0x00, 0x8f, 0x05, 0xfa, 0x10, 0x00, 0x0b, 0xf0, 0x08, 0xfd, 0x75, 0x59, 0xff, 0x00, 0x04, 0xbf,
    0xff, 0xd8, 0x10, 0x00, 0x00, 0x01, 0x10, 0x00,

    /* U+011F LATIN SMALL LETTER G WITH BREVE */
    0x00, 0x84, 0x00, 0x94, 0x00, 0x00, 0x4d, 0x9a, 0xc1, 0x00, 0x00, 0x01, 0x54, 0x00, 0x00, 0x00,
    0x05, 0x88, 0x40, 0x64, 0x02, 0xcf, 0xdc, 0xfb, 0xe9, 0x0c, 0xe4, 0x00, 0x2c, 0xf9, 0x3f, 0x60,
    0x00, 0x02, 0xf9, 0x4f, 0x40, 0x00, 0x00, 0xf9, 0x3f, 0x60, 0x00, 0x02, 0xf9, 0x0c, 0xe3, 0x00,
    0x1b, 0xf9, 0x02, 0xdf, 0xcb, 0xec, 0xf9, 0x00, 0x16, 0x99, 0x51, 0xf8, 0x01, 0x00, 0x00, 0x04,
    0xf5, 0x09, 0xc6, 0x33, 0x6e, 0xd1, 0x03, 0xbf, 0xff, 0xfb, 0x20, 0x00, 0x00, 0x22, 0x10, 0x00,

    /* U+0120 LATIN CAPITAL LETTER G WITH DOT ABOVE */
    0x00, 0x00, 0x01, 0xc7, 0x00, 0x00, 0x00, 0x00, 0x1d, 0x80, 0x00, 0x00, 0x00, 0x03, 0x44, 0x10,
    0x00, 0x00, 0x7e, 0xff, 0xff, 0xb2, 0x00, 0xaf, 0xb4, 0x22, 0x6d, 0xc0, 0x7f, 0x70, 0x00, 0x00,
    0x12, 0x0e, 0xc0, 0x00, 0x00, 0x00, 0x02, 0xf7, 0x00, 0x00, 0x00, 0x00, 0x3f, 0x60, 0x00, 0x00,
    0x06, 0xa2, 0xf8, 0x00, 0x00, 0x00, 0x8f, 0x0d, 0xd0, 0x00, 0x00, 0x08, 0xf0, 0x5f, 0xa1, 0x00,
    0x00, 0xbf, 0x00, 0x8f, 0xd7, 0x55, 0x9f, 0xf0, 0x00, 0x4b, 0xff, 0xfd, 0x81, 0x00, 0x00, 0x00,
    0x11, 0x00, 0x00,

    /* U+0121 LATIN SMALL LETTER G WITH DOT ABOVE */
    0x00, 0x01, 0xc7, 0x00, 0x00, 0x00, 0x01, 0xd8, 0x00, 0x00, 0x00, 0x00, 0x00, 0x00, 0x00, 0x00,
    0x05, 0x88, 0x40, 0x64, 0x02, 0xcf, 0xdc, 0xfb, 0xe9, 0x0c, 0xe4, 0x00, 0x2c, 0xf9, 0x3f, 0x60,
    0x00, 0x02, 0xf9, 0x4f, 0x40, 0x00, 0x00, 0xf9, 0x3f, 0x60, 0x00, 0x02, 0xf9, 0x0c, 0xe3, 0x00,
    0x1b, 0xf9, 0x02, 0xdf, 0xcb, 0xec, 0xf9, 0x00, 0x16, 0x99, 0x51, 0xf8, 0x01, 0x00, 0x00, 0x04,
    0xf5, 0x09, 0xc6, 0x33, 0x6e, 0xd1, 0x03, 0xbf, 0xff, 0xfb, 0x20, 0x00, 0x00, 0x22, 0x10, 0x00,

    /* U+0122 LATIN CAPITAL LETTER G WITH CEDILLA */
    0x00, 0x00, 0x03, 0x44, 0x10, 0x00, 0x00, 0x7e, 0xff, 0xff, 0xb2, 0x00, 0xaf, 0xb4, 0x22, 0x6d,
    0xc0, 0x7f, 0x70, 0x00, 0x00, 0x12, 0x0e, 0xc0, 0x00, 0x00, 0x00, 0x02, 0xf7, 0x00, 0x00, 0x00,
    0x00, 0x3f, 0x60, 0x00, 0x00, 0x06, 0xa2, 0xf8, 0x00, 0x00, 0x00, 0x8f, 0x0d, 0xd0, 0x00, 0x00,
    0x08, 0xf0, 0x5f, 0xa1, 0x00, 0x00, 0xbf, 0x00, 0x8f, 0xd7, 0x55, 0x9f, 0xf0, 0x00, 0x4b, 0xff,
    0xfd, 0x81, 0x00, 0x00, 0x00, 0x11, 0x00, 0x00, 0x00, 0x00, 0x07, 0x40, 0x00, 0x00, 0x00, 0x00,
    0xd8, 0x00, 0x00, 0x00, 0x00, 0x0b, 0x20, 0x00, 0x00, 0x00, 0x00, 0x10, 0x00, 0x00,

    /* U+0123 LATIN SMALL LETTER G WITH CEDILLA */
    0x00, 0x00, 0x45, 0x00, 0x00, 0x00, 0x00, 0xb4, 0x00, 0x00, 0x00, 0x00, 0xf9, 0x00, 0x00, 0x00,
    0x00, 0x42, 0x00, 0x00, 0x00, 0x05, 0x88, 0x40, 0x64, 0x02, 0xcf, 0xdc, 0xfb, 0xe9, 0x0c, 0xe4,
    0x00, 0x2c, 0xf9, 0x3f, 0x60, 0x00, 0x02, 0xf9, 0x4f, 0x40, 0x00, 0x00, 0xf9, 0x3f, 0x60, 0x00,
    0x02, 0xf9, 0x0c, 0xe3, 0x00, 0x1b, 0xf9, 0x02, 0xdf, 0xcb, 0xec, 0xf9, 0x00, 0x16, 0x99, 0x51,
    0xf8, 0x01, 0x00, 0x00, 0x04, 0xf5, 0x09, 0xc6, 0x33, 0x6e, 0xd1, 0x03, 0xbf, 0xff, 0xfb, 0x20,
    0x00, 0x00, 0x22, 0x10, 0x00,

    /* U+0124 LATIN CAPITAL LETTER H WITH CIRCUMFLEX */
    0x00, 0x00, 0x4f, 0xc1, 0x00, 0x00, 0x00, 0x4e, 0x59, 0xc1, 0x00, 0x13, 0x14, 0x20, 0x04, 0x33,
    0x15, 0xf4, 0x00, 0x00, 0x04, 0xf5, 0x5f, 0x40, 0x00, 0x00, 0x4f, 0x55, 0xf4, 0x00, 0x00, 0x04,
    0xf5, 0x5f, 0x40, 0x00, 0x00, 0x4f, 0x55, 0xf9, 0x66, 0x66, 0x69, 0xf5, 0x5f, 0xff, 0xff, 0xff,
    0xff, 0x55, 0xf4, 0x00, 0x00, 0x04, 0xf5, 0x5f, 0x40, 0x00, 0x00, 0x4f, 0x55, 0xf4, 0x00, 0x00,
    0x04, 0xf5, 0x5f, 0x40, 0x00, 0x00, 0x4f, 0x55, 0xf4, 0x00, 0x00, 0x04, 0xf5,

    /* U+0125 LATIN SMALL LETTER H WITH CIRCUMFLEX */
    0x04, 0xfc, 0x10, 0x00, 0x00, 0x04, 0xe5, 0x9c, 0x10, 0x00, 0x00, 0x42, 0x00, 0x42, 0x00, 0x00,
    0x00, 0x07, 0xd0, 0x00, 0x00, 0x00, 0x00, 0x8f, 0x00, 0x00, 0x00, 0x00, 0x08, 0xf0, 0x00, 0x00,
    0x00, 0x00, 0x8f, 0x04, 0x88, 0x40, 0x00, 0x08, 0xfb, 0xfd, 0xef, 0x90, 0x00, 0x8f, 0xb1, 0x00,
    0xaf, 0x30, 0x08, 0xf3, 0x00, 0x02, 0xf7, 0x00, 0x8f, 0x00, 0x00, 0x1f, 0x80, 0x08, 0xf0, 0x00,
    0x00, 0xf8, 0x00, 0x8f, 0x00, 0x00, 0x0f, 0x80, 0x08, 0xf0, 0x00, 0x00, 0xf8, 0x00, 0x8f, 0x00,
    0x00, 0x0f, 0x80,

    /* U+0126 LATIN CAPITAL LETTER H WITH STROKE */
    0x01, 0x31, 0x00, 0x00, 0x00, 0x31, 0x00, 0x03, 0xf6, 0x00, 0x00, 0x02, 0xf6, 0x00, 0x48, 0xfb,
    0x55, 0x55, 0x58, 0xfc, 0x50, 0xcf, 0xff, 0xee, 0xee, 0xef, 0xff, 0xe1, 0x03, 0xf6, 0x00, 0x00,
    0x02, 0xf6, 0x00, 0x03, 0xfa, 0x66, 0x66, 0x68, 0xf6, 0x00, 0x03, 0xff, 0xff, 0xff, 0xff, 0xf6,
    0x00, 0x03, 0xf6, 0x00, 0x00, 0x02, 0xf6, 0x00, 0x03, 0xf6, 0x00, 0x00, 0x02, 0xf6, 0x00, 0x03,
    0xf6, 0x00, 0x00, 0x02, 0xf6, 0x00, 0x03, 0xf6, 0x00, 0x00, 0x02, 0xf6, 0x00, 0x03, 0xf6, 0x00,
    0x00, 0x02, 0xf6, 0x00,

    /* U+0127 LATIN SMALL LETTER H WITH STROKE */
    0x05, 0xd2, 0x00, 0x00, 0x00, 0x9f, 0xfd, 0xba, 0x00, 0x00, 0x5b, 0xf9, 0x66, 0x00, 0x00, 0x05,
    0xf3, 0x37, 0x85, 0x00, 0x05, 0xfb, 0xfd, 0xef, 0xb0, 0x05, 0xff, 0x20, 0x08, 0xf6, 0x05, 0xf6,
    0x00, 0x00, 0xea, 0x05, 0xf3, 0x00, 0x00, 0xdb, 0x05, 0xf3, 0x00, 0x00, 0xdb, 0x05, 0xf3, 0x00,
    0x00, 0xdb, 0x05, 0xf3, 0x00, 0x00, 0xdb, 0x05, 0xf3, 0x00, 0x00, 0xdb,

    /* U+0128 LATIN CAPITAL LETTER I WITH TILDE */
    0x02, 0x10, 0x20, 0x4d, 0xd4, 0xd2, 0x75, 0x4c, 0x90, 0x01, 0x31, 0x00, 0x05, 0xf4, 0x00, 0x05,
    0xf4, 0x00, 0x05, 0xf4, 0x00, 0x05, 0xf4, 0x00, 0x05, 0xf4, 0x00, 0x05, 0xf4, 0x00, 0x05, 0xf4,
    0x00, 0x05, 0xf4, 0x00, 0x05, 0xf4, 0x00, 0x05, 0xf4, 0x00, 0x05, 0xf4, 0x00,

    /* U+0129 LATIN SMALL LETTER I WITH TILDE */
    0x1a, 0x80, 0x81, 0x69, 0x8d, 0xc0, 0x11, 0x02, 0x10, 0x00, 0x47, 0x00, 0x00, 0x8f, 0x00, 0x00,
    0x8f, 0x00, 0x00, 0x8f, 0x00, 0x00, 0x8f, 0x00, 0x00, 0x8f, 0x00, 0x00, 0x8f, 0x00, 0x00, 0x8f,
    0x00, 0x00, 0x8f, 0x00,

    /* U+012A LATIN CAPITAL LETTER I WITH MACRON */
    0x14, 0x44, 0x34, 0xbb, 0xba, 0x01, 0x31, 0x00, 0x5f, 0x40, 0x05, 0xf4, 0x00, 0x5f, 0x40, 0x05,
    0xf4, 0x00, 0x5f, 0x40, 0x05, 0xf4, 0x00, 0x5f, 0x40, 0x05, 0xf4, 0x00, 0x5f, 0x40, 0x05, 0xf4,
    0x00, 0x5f, 0x40,

    /* U+012B LATIN SMALL LETTER I WITH MACRON */
    0x14, 0x44, 0x34, 0xbb, 0xba, 0x00, 0x00, 0x00, 0x04, 0x70, 0x00, 0x8f, 0x00, 0x08, 0xf0, 0x00,
    0x8f, 0x00, 0x08, 0xf0, 0x00, 0x8f, 0x00, 0x08, 0xf0, 0x00, 0x8f, 0x00, 0x08, 0xf0,

    /* U+012C LATIN CAPITAL LETTER I WITH BREVE */
    0x84, 0x00, 0x94, 0x4d, 0x9a, 0xc1, 0x01, 0x54, 0x00, 0x01, 0x31, 0x00, 0x05, 0xf4, 0x00, 0x05,
    0xf4, 0x00, 0x05, 0xf4, 0x00, 0x05, 0xf4, 0x00, 0x05, 0xf4, 0x00, 0x05, 0xf4, 0x00, 0x05, 0xf4,
    0x00, 0x05, 0xf4, 0x00, 0x05, 0xf4, 0x00, 0x05, 0xf4, 0x00, 0x05, 0xf4, 0x00,

    /* U+012D LATIN SMALL LETTER I WITH BREVE */
    0x48, 0x01, 0xb1, 0xd9, 0xc8, 0x01, 0x53, 0x00, 0x04, 0x70, 0x00, 0x8f, 0x00, 0x08, 0xf0, 0x00,
    0x8f, 0x00, 0x08, 0xf0, 0x00, 0x8f, 0x00, 0x08, 0xf0, 0x00, 0x8f, 0x00, 0x08, 0xf0,

    /* U+012E LATIN CAPITAL LETTER I WITH OGONEK */
    0x13, 0x15, 0xf4, 0x5f, 0x45, 0xf4, 0x5f, 0x45, 0xf4, 0x5f, 0x45, 0xf4, 0x5f, 0x45, 0xf4, 0x5f,
    0x45, 0xf4, 0x6a, 0x0d, 0x30, 0xd8, 0x33, 0x84,

    /* U+012F LATIN SMALL LETTER I WITH OGONEK */
    0x01, 0x00, 0x2e, 0xa0, 0x1c, 0x80, 0x00, 0x00, 0x04, 0x70, 0x08, 0xf0, 0x08, 0xf0, 0x08, 0xf0,
    0x08, 0xf0, 0x08, 0xf0, 0x08, 0xf0, 0x08, 0xf0, 0x08, 0xf0, 0x06, 0xa0, 0x0d, 0x30, 0x0d, 0x83,
    0x03, 0x84,

    /* U+0130 LATIN CAPITAL LETTER I WITH DOT ABOVE */
    0x1c, 0x71, 0xd8, 0x13, 0x15, 0xf4, 0x5f, 0x45, 0xf4, 0x5f, 0x45, 0xf4, 0x5f, 0x45, 0xf4, 0x5f,
    0x45, 0xf4, 0x5f, 0x45, 0xf4,

    /* U+0131 LATIN SMALL LETTER DOTLESS I */
    0x47, 0x8f, 0x8f, 0x8f, 0x8f, 0x8f, 0x8f, 0x8f, 0x8f,

    /* U+0132 LATIN CAPITAL LIGATURE IJ */
    0x13, 0x00, 0x00, 0x02, 0x36, 0xf3, 0x00, 0x00, 0xae, 0x6f, 0x30, 0x00, 0x0a, 0xe6, 0xf3, 0x00,
    0x00, 0xae, 0x6f, 0x30, 0x00, 0x0a, 0xe6, 0xf3, 0x00, 0x00, 0xae, 0x6f, 0x30, 0x00, 0x0a, 0xe0,
    0x10, 0x00, 0x00, 0xbd, 0x00, 0x00, 0x00, 0x0d, 0xc0, 0x10, 0x00, 0x04, 0xf7, 0x6e, 0x96, 0x58,
    0xfd, 0x11, 0x8e, 0xff, 0xe9, 0x10, 0x00, 0x01, 0x10, 0x00, 0x00,

    /* U+0133 LATIN SMALL LIGATURE IJ */
    0x01, 0x00, 0x00, 0x10, 0x2e, 0xa0, 0x02, 0xea, 0x1c, 0x80, 0x01, 0xc8, 0x00, 0x00, 0x00, 0x00,
    0x04, 0x70, 0x03, 0x71, 0x08, 0xf0, 0x07, 0xf1, 0x08, 0xf0, 0x07, 0xf1, 0x08, 0xf0, 0x07, 0xf1,
    0x08, 0xf0, 0x07, 0xf1, 0x08, 0xf0, 0x07, 0xf1, 0x08, 0xf0, 0x07, 0xf1, 0x08, 0xf0, 0x07, 0xf1,
    0x08, 0xf0, 0x07, 0xf1, 0x00, 0x00, 0x07, 0xf1, 0x00, 0x14, 0x2c, 0xd0, 0x00, 0x4f, 0xfe, 0x40,
    0x00, 0x01, 0x20, 0x00,

    /* U+0134 LATIN CAPITAL LETTER J WITH CIRCUMFLEX */
    0x00, 0x4f, 0xc1, 0x00, 0x4e, 0x59, 0xc1, 0x07, 0x53, 0x37, 0x40, 0xff, 0xff, 0xf9, 0x03, 0x33,
    0x3f, 0x90, 0x00, 0x00, 0xf9, 0x00, 0x00, 0x0f, 0x90, 0x00, 0x00, 0xf9, 0x00, 0x00, 0x0f, 0x90,
    0x00, 0x00, 0xf9, 0x00, 0x00, 0x0f, 0x94, 0x10, 0x02, 0xf7, 0xec, 0x55, 0xcf, 0x23, 0xcf, 0xfd,
    0x50, 0x00, 0x11, 0x00, 0x00,

    /* U+0135 LATIN SMALL LETTER J WITH CIRCUMFLEX */
    0x00, 0x03, 0xfb, 0x00, 0x00, 0x2d, 0x7b, 0x90, 0x00, 0x23, 0x01, 0x41, 0x00, 0x03, 0x71, 0x00,
    0x00, 0x07, 0xf1, 0x00, 0x00, 0x07, 0xf1, 0x00, 0x00, 0x07, 0xf1, 0x00, 0x00, 0x07, 0xf1, 0x00,
    0x00, 0x07, 0xf1, 0x00, 0x00, 0x07, 0xf1, 0x00, 0x00, 0x07, 0xf1, 0x00, 0x00, 0x07, 0xf1, 0x00,
    0x00, 0x07, 0xf1, 0x00, 0x14, 0x2c, 0xd0, 0x00, 0x4f, 0xfe, 0x40, 0x00, 0x01, 0x20, 0x00, 0x00,

    /* U+0136 LATIN CAPITAL LETTER K WITH CEDILLA */
    0x13, 0x10, 0x00, 0x00, 0x23, 0x05, 0xf4, 0x00, 0x00, 0x5f, 0x80, 0x5f, 0x40, 0x00, 0x5f, 0x90,
    0x05, 0xf4, 0x00, 0x4f, 0x90, 0x00, 0x5f, 0x40, 0x4f, 0xa0, 0x00, 0x05, 0xf4, 0x4f, 0xd0, 0x00,
    0x00, 0x5f, 0x7e, 0xfe, 0x10, 0x00, 0x05, 0xff, 0xc5, 0xfb, 0x00, 0x00, 0x5f, 0xf1, 0x06, 0xf9,
    0x00, 0x05, 0xf5, 0x00, 0x08, 0xf6, 0x00, 0x5f, 0x40, 0x00, 0x0a, 0xf4, 0x05, 0xf4, 0x00, 0x00,
    0x1c, 0xe2, 0x00, 0x00, 0x00, 0x00, 0x00, 0x00, 0x00, 0x07, 0x40, 0x00, 0x00, 0x00, 0x00, 0xd8,
    0x00, 0x00, 0x00, 0x00, 0x0b, 0x20, 0x00, 0x00, 0x00, 0x00, 0x10, 0x00, 0x00, 0x00,

    /* U+0137 LATIN SMALL LETTER K WITH CEDILLA */
    0x7d, 0x00, 0x00, 0x00, 0x08, 0xf0, 0x00, 0x00, 0x00, 0x8f, 0x00, 0x00, 0x00, 0x08, 0xf0, 0x00,
    0x05, 0x72, 0x8f, 0x00, 0x07, 0xf7, 0x08, 0xf0, 0x08, 0xf7, 0x00, 0x8f, 0x09, 0xf7, 0x00, 0x08,
    0xfb, 0xff, 0x40, 0x00, 0x8f, 0xe5, 0xde, 0x20, 0x08, 0xf4, 0x02, 0xec, 0x10, 0x8f, 0x00, 0x04,
    0xf9, 0x08, 0xf0, 0x00, 0x07, 0xf6, 0x00, 0x00, 0x00, 0x00, 0x00, 0x00, 0x74, 0x00, 0x00, 0x00,
    0x0d, 0x80, 0x00, 0x00, 0x00, 0xb2, 0x00, 0x00, 0x00, 0x01, 0x00, 0x00, 0x00,

    /* U+0138 LATIN SMALL LETTER KRA */
    0x47, 0x00, 0x00, 0x57, 0x28, 0xf0, 0x00, 0x7f, 0x70, 0x8f, 0x00, 0x8f, 0x70, 0x08, 0xf0, 0x9f,
    0x70, 0x00, 0x8f, 0xbf, 0xf4, 0x00, 0x08, 0xfe, 0x5d, 0xe2, 0x00, 0x8f, 0x40, 0x2e, 0xc1, 0x08,
    0xf0, 0x00, 0x4f, 0x90, 0x8f, 0x00, 0x00, 0x7f, 0x60,

    /* U+0139 LATIN CAPITAL LETTER L WITH ACUTE */
    0x00, 0x8b, 0x30, 0x00, 0x00, 0x9d, 0x30, 0x00, 0x00, 0x27, 0x20, 0x00, 0x00, 0x05, 0xf4, 0x00,
    0x00, 0x00, 0x5f, 0x40, 0x00, 0x00, 0x05, 0xf4, 0x00, 0x00, 0x00, 0x5f, 0x40, 0x00, 0x00, 0x05,
    0xf4, 0x00, 0x00, 0x00, 0x5f, 0x40, 0x00, 0x00, 0x05, 0xf4, 0x00, 0x00, 0x00, 0x5f, 0x40, 0x00,
    0x00, 0x05, 0xf4, 0x00, 0x00, 0x00, 0x5f, 0x86, 0x66, 0x66, 0x25, 0xff, 0xff, 0xff, 0xf5,

    /* U+013A LATIN SMALL LETTER L WITH ACUTE */
    0x00, 0x8b, 0x30, 0x9d, 0x30, 0x14, 0x10, 0x00, 0x7d, 0x00, 0x08, 0xf0, 0x00, 0x8f, 0x00, 0x08,
    0xf0, 0x00, 0x8f, 0x00, 0x08, 0xf0, 0x00, 0x8f, 0x00, 0x08, 0xf0, 0x00, 0x8f, 0x00, 0x08, 0xf0,
    0x00, 0x8f, 0x00, 0x08, 0xf0, 0x00,

    /* U+013B LATIN CAPITAL LETTER L WITH CEDILLA */
    0x13, 0x10, 0x00, 0x00, 0x05, 0xf4, 0x00, 0x00, 0x00, 0x5f, 0x40, 0x00, 0x00, 0x05, 0xf4, 0x00,
    0x00, 0x00, 0x5f, 0x40, 0x00, 0x00, 0x05, 0xf4, 0x00, 0x00, 0x00, 0x5f, 0x40, 0x00, 0x00, 0x05,
    0xf4, 0x00, 0x00, 0x00, 0x5f, 0x40, 0x00, 0x00, 0x05, 0xf4, 0x00, 0x00, 0x00, 0x5f, 0x86, 0x66,
    0x66, 0x25, 0xff, 0xff, 0xff, 0xf5, 0x00, 0x00, 0x00, 0x00, 0x00, 0x00, 0x07, 0x40, 0x00, 0x00,
    0x00, 0xd8, 0x00, 0x00, 0x00, 0x0b, 0x20, 0x00, 0x00, 0x00, 0x10, 0x00, 0x00,

    /* U+013C LATIN SMALL LETTER L WITH CEDILLA */
    0x7d, 0x8f, 0x8f, 0x8f, 0x8f, 0x8f, 0x8f, 0x8f, 0x8f, 0x8f, 0x8f, 0x8f, 0x00, 0x74, 0xd8, 0xb2,
    0x10,

    /* U+013D LATIN CAPITAL LETTER L WITH CARON */
    0x13, 0x10, 0x02, 0xb0, 0x05, 0xf4, 0x00, 0x3f, 0x00, 0x5f, 0x40, 0x03, 0xe0, 0x05, 0xf4, 0x00,
    0x15, 0x00, 0x5f, 0x40, 0x00, 0x00, 0x05, 0xf4, 0x00, 0x00, 0x00, 0x5f, 0x40, 0x00, 0x00, 0x05,
    0xf4, 0x00, 0x00, 0x00, 0x5f, 0x40, 0x00, 0x00, 0x05, 0xf4, 0x00, 0x00, 0x00, 0x5f, 0x86, 0x66,
    0x66, 0x25, 0xff, 0xff, 0xff, 0xf5,

    /* U+013E LATIN SMALL LETTER L WITH CARON */
    0x00, 0x02, 0xb7, 0xd0, 0x3f, 0x8f, 0x03, 0xe8, 0xf0, 0x15, 0x8f, 0x00, 0x08, 0xf0, 0x00, 0x8f,
    0x00, 0x08, 0xf0, 0x00, 0x8f, 0x00, 0x08, 0xf0, 0x00, 0x8f, 0x00, 0x08, 0xf0, 0x00, 0x8f, 0x00,
    0x00,

    /* U+013F LATIN CAPITAL LETTER L WITH MIDDLE DOT */
    0x13, 0x10, 0x00, 0x00, 0x05, 0xf4, 0x00, 0x00, 0x00, 0x5f, 0x40, 0x00, 0x00, 0x05, 0xf4, 0x00,
    0x00, 0x00, 0x5f, 0x40, 0x04, 0x40, 0x05, 0xf4, 0x00, 0xed, 0x00, 0x5f, 0x40, 0x05, 0x40, 0x05,
    0xf4, 0x00, 0x00, 0x00, 0x5f, 0x40, 0x00, 0x00, 0x05, 0xf4, 0x00, 0x00, 0x00, 0x5f, 0x86, 0x66,
    0x66, 0x25, 0xff, 0xff, 0xff, 0xf5,

    /* U+0140 LATIN SMALL LETTER L WITH MIDDLE DOT */
    0x7d, 0x00, 0x08, 0xf0, 0x00, 0x8f, 0x00, 0x08, 0xf0, 0x00, 0x8f, 0x00, 0x08, 0xf0, 0x75, 0x8f,
    0x0e, 0xb8, 0xf0, 0x11, 0x8f, 0x00, 0x08, 0xf0, 0x00, 0x8f, 0x00, 0x08, 0xf0, 0x00,

    /* U+0141 LATIN CAPITAL LETTER L WITH STROKE */
    0x01, 0x31, 0x00, 0x00, 0x00, 0x05, 0xf4, 0x00, 0x00, 0x00, 0x05, 0xf4, 0x00, 0x00, 0x00, 0x05,
    0xf4, 0x83, 0x00, 0x00, 0x05, 0xff, 0xd3, 0x00, 0x00, 0x09, 0xfe, 0x10, 0x00, 0x00, 0x8f, 0xf4,
    0x00, 0x00, 0x00, 0x98, 0xf4, 0x00, 0x00, 0x00, 0x05, 0xf4, 0x00, 0x00, 0x00, 0x05, 0xf4, 0x00,
    0x00, 0x00, 0x05, 0xf8, 0x66, 0x66, 0x62, 0x05, 0xff, 0xff, 0xff, 0xf5,

    /* U+0142 LATIN SMALL LETTER L WITH STROKE */
    0x07, 0xd0, 0x00, 0x8f, 0x00, 0x08, 0xf0, 0x00, 0x8f, 0x00, 0x08, 0xf0, 0x10, 0x8f, 0xc8, 0x0c,
    0xfa, 0x18, 0xff, 0x00, 0x9b, 0xf0, 0x00, 0x8f, 0x00, 0x08, 0xf0, 0x00, 0x8f, 0x00,

    /* U+0143 LATIN CAPITAL LETTER N WITH ACUTE */
    0x00, 0x00, 0x00, 0x8b, 0x30, 0x00, 0x00, 0x00, 0x9d, 0x30, 0x00, 0x13, 0x00, 0x14, 0x10, 0x13,
    0x15, 0xf8, 0x00, 0x00, 0x04, 0xf5, 0x5f, 0xf5, 0x00, 0x00, 0x4f, 0x55, 0xff, 0xf3, 0x00, 0x04,
    0xf5, 0x5f, 0x6e, 0xd1, 0x00, 0x4f, 0x55, 0xf4, 0x4f, 0xb0, 0x04, 0xf5, 0x5f, 0x40, 0x6f, 0x90,
    0x4f, 0x55, 0xf4, 0x00, 0x9f, 0x64, 0xf5, 0x5f, 0x40, 0x00, 0xcf, 0x7f, 0x55, 0xf4, 0x00, 0x02,
    0xef, 0xf5, 0x5f, 0x40, 0x00, 0x03, 0xff, 0x55, 0xf4, 0x00, 0x00, 0x06, 0xf5,

    /* U+0144 LATIN SMALL LETTER N WITH ACUTE */
    0x00, 0x00, 0x08, 0xb3, 0x00, 0x00, 0x09, 0xd3, 0x00, 0x00, 0x01, 0x41, 0x00, 0x04, 0x70, 0x48,
    0x84, 0x00, 0x8e, 0xbf, 0xde, 0xf9, 0x08, 0xfb, 0x10, 0x0a, 0xf3, 0x8f, 0x30, 0x00, 0x2f, 0x78,
    0xf0, 0x00, 0x01, 0xf8, 0x8f, 0x00, 0x00, 0x0f, 0x88, 0xf0, 0x00, 0x00, 0xf8, 0x8f, 0x00, 0x00,
    0x0f, 0x88, 0xf0, 0x00, 0x00, 0xf8,

    /* U+0145 LATIN CAPITAL LETTER N WITH CEDILLA */
    0x13, 0x00, 0x00, 0x00, 0x13, 0x15, 0xf8, 0x00, 0x00, 0x04, 0xf5, 0x5f, 0xf5, 0x00, 0x00, 0x4f,
    0x55, 0xff, 0xf3, 0x00, 0x04, 0xf5, 0x5f, 0x6e, 0xd1, 0x00, 0x4f, 0x55, 0xf4, 0x4f, 0xb0, 0x04,
    0xf5, 0x5f, 0x40, 0x6f, 0x90, 0x4f, 0x55, 0xf4, 0x00, 0x9f, 0x64, 0xf5, 0x5f, 0x40, 0x00, 0xcf,
    0x7f, 0x55, 0xf4, 0x00, 0x02, 0xef, 0xf5, 0x5f, 0x40, 0x00, 0x03, 0xff, 0x55, 0xf4, 0x00, 0x00,
    0x06, 0xf5, 0x00, 0x00, 0x00, 0x00, 0x00, 0x00, 0x00, 0x00, 0x74, 0x00, 0x00, 0x00, 0x00, 0x0d,
    0x80, 0x00, 0x00, 0x00, 0x00, 0xb2, 0x00, 0x00, 0x00, 0x00, 0x01, 0x00, 0x00, 0x00,

    /* U+0146 LATIN SMALL LETTER N WITH CEDILLA */
    0x47, 0x04, 0x88, 0x40, 0x08, 0xeb, 0xfd, 0xef, 0x90, 0x8f, 0xb1, 0x00, 0xaf, 0x38, 0xf3, 0x00,
    0x02, 0xf7, 0x8f, 0x00, 0x00, 0x1f, 0x88, 0xf0, 0x00, 0x00, 0xf8, 0x8f, 0x00, 0x00, 0x0f, 0x88,
    0xf0, 0x00, 0x00, 0xf8, 0x8f, 0x00, 0x00, 0x0f, 0x80, 0x00, 0x00, 0x00, 0x00, 0x00, 0x00, 0x74,
    0x00, 0x00, 0x00, 0x0d, 0x80, 0x00, 0x00, 0x00, 0xb2, 0x00, 0x00, 0x00, 0x01, 0x00, 0x00,

    /* U+0147 LATIN CAPITAL LETTER N WITH CARON */
    0x00, 0x08, 0x90, 0x3b, 0x30, 0x00, 0x00, 0x0b, 0xff, 0x50, 0x00, 0x13, 0x00, 0x04, 0x30, 0x13,
    0x15, 0xf8, 0x00, 0x00, 0x04, 0xf5, 0x5f, 0xf5, 0x00, 0x00, 0x4f, 0x55, 0xff, 0xf3, 0x00, 0x04,
    0xf5, 0x5f, 0x6e, 0xd1, 0x00, 0x4f, 0x55, 0xf4, 0x4f, 0xb0, 0x04, 0xf5, 0x5f, 0x40, 0x6f, 0x90,
    0x4f, 0x55, 0xf4, 0x00, 0x9f, 0x64, 0xf5, 0x5f, 0x40, 0x00, 0xcf, 0x7f, 0x55, 0xf4, 0x00, 0x02,
    0xef, 0xf5, 0x5f, 0x40, 0x00, 0x03, 0xff, 0x55, 0xf4, 0x00, 0x00, 0x06, 0xf5,

    /* U+0148 LATIN SMALL LETTER N WITH CARON */
    0x00, 0x89, 0x03, 0xb3, 0x00, 0x00, 0xbf, 0xf5, 0x00, 0x00, 0x00, 0x43, 0x00, 0x04, 0x70, 0x48,
    0x84, 0x00, 0x8e, 0xbf, 0xde, 0xf9, 0x08, 0xfb, 0x10, 0x0a, 0xf3, 0x8f, 0x30, 0x00, 0x2f, 0x78,
    0xf0, 0x00, 0x01, 0xf8, 0x8f, 0x00, 0x00, 0x0f, 0x88, 0xf0, 0x00, 0x00, 0xf8, 0x8f, 0x00, 0x00,
    0x0f, 0x88, 0xf0, 0x00, 0x00, 0xf8,

    /* U+0149 LATIN SMALL LETTER N PRECEDED BY APOSTROPHE */
    0x1d, 0x90, 0x00, 0x00, 0x00, 0x00, 0x2f, 0xc0, 0x00, 0x00, 0x00, 0x00, 0x0b, 0x80, 0x00, 0x00,
    0x00, 0x00, 0x0e, 0x34, 0x70, 0x48, 0x84, 0x00, 0x17, 0x08, 0xeb, 0xfd, 0xef, 0x90, 0x00, 0x08,
    0xfb, 0x10, 0x0a, 0xf3, 0x00, 0x08, 0xf3, 0x00, 0x02, 0xf7, 0x00, 0x08, 0xf0, 0x00, 0x01, 0xf8,
    0x00, 0x08, 0xf0, 0x00, 0x00, 0xf8, 0x00, 0x08, 0xf0, 0x00, 0x00, 0xf8, 0x00, 0x08, 0xf0, 0x00,
    0x00, 0xf8, 0x00, 0x08, 0xf0, 0x00, 0x00, 0xf8,

    /* U+014A LATIN CAPITAL LETTER ENG */
    0x13, 0x00, 0x00, 0x00, 0x13, 0x15, 0xf8, 0x00, 0x00, 0x04, 0xf5, 0x5f, 0xf5, 0x00, 0x00, 0x4f,
    0x55, 0xff, 0xf3, 0x00, 0x04, 0xf5, 0x5f, 0x6e, 0xd1, 0x00, 0x4f, 0x55, 0xf4, 0x4f, 0xb0, 0x04,
    0xf5, 0x5f, 0x40, 0x6f, 0x90, 0x4f, 0x55, 0xf4, 0x00, 0x9f, 0x64, 0xf5, 0x5f, 0x40, 0x00, 0xcf,
    0x7f, 0x55, 0xf4, 0x00, 0x02, 0xef, 0xf5, 0x5f, 0x40, 0x00, 0x03, 0xff, 0x55, 0xf4, 0x00, 0x00,
    0x0a, 0xf4, 0x00, 0x00, 0x10, 0x00, 0x6f, 0x20, 0x00, 0x0b, 0x93, 0x5d, 0xc0, 0x00, 0x00, 0x6e,
    0xff, 0xc3, 0x00, 0x00, 0x00, 0x02, 0x10, 0x00,

    /* U+014B LATIN SMALL LETTER ENG */
    0x47, 0x04, 0x88, 0x40, 0x08, 0xeb, 0xfd, 0xef, 0x90, 0x8f, 0xb1, 0x00, 0xaf, 0x38, 0xf3, 0x00,
    0x02, 0xf7, 0x8f, 0x00, 0x00, 0x1f, 0x88, 0xf0, 0x00, 0x00, 0xf8, 0x8f, 0x00, 0x00, 0x0f, 0x88,
    0xf0, 0x00, 0x00, 0xf8, 0x8f, 0x00, 0x00, 0x0f, 0x80, 0x00, 0x00, 0x01, 0xf7, 0x00, 0x00, 0x42,
    0x7f, 0x50, 0x00, 0x0c, 0xff, 0x90, 0x00, 0x00, 0x02, 0x10, 0x00,

    /* U+014C LATIN CAPITAL LETTER O WITH MACRON */
    0x00, 0x00, 0x34, 0x44, 0x41, 0x00, 0x00, 0x00, 0x09, 0xbb, 0xbb, 0x40, 0x00, 0x00, 0x00, 0x03,
    0x44, 0x10, 0x00, 0x00, 0x00, 0x7e, 0xff, 0xff, 0xa2, 0x00, 0x00, 0xaf, 0xa4, 0x23, 0x7e, 0xe3,
    0x00, 0x7f, 0x80, 0x00, 0x00, 0x2e, 0xd0, 0x0e, 0xc0, 0x00, 0x00, 0x00, 0x5f, 0x52, 0xf7, 0x00,
    0x00, 0x00, 0x01, 0xf9, 0x3f, 0x60, 0x00, 0x00, 0x00, 0x0e, 0xa2, 0xf8, 0x00, 0x00, 0x00, 0x01,
    0xf8, 0x0d, 0xd1, 0x00, 0x00, 0x00, 0x7f, 0x40, 0x5f, 0xa1, 0x00, 0x00, 0x5f, 0xb0, 0x00, 0x7f,
    0xd7, 0x56, 0xaf, 0xd2, 0x00, 0x00, 0x4b, 0xff, 0xfd, 0x81, 0x00, 0x00, 0x00, 0x00, 0x11, 0x00,
    0x00, 0x00,

    /* U+014D LATIN SMALL LETTER O WITH MACRON */
    0x00, 0x34, 0x44, 0x41, 0x00, 0x00, 0x9b, 0xbb, 0xb4, 0x00, 0x00, 0x00, 0x00, 0x00, 0x00, 0x00,
    0x04, 0x78, 0x50, 0x00, 0x01, 0xbf, 0xdd, 0xfd, 0x20, 0x0a, 0xe4, 0x00, 0x3d, 0xd0, 0x2f, 0x70,
    0x00, 0x05, 0xf4, 0x4f, 0x40, 0x00, 0x01, 0xf7, 0x4f, 0x50, 0x00, 0x02, 0xf6, 0x0e, 0xb0, 0x00,
    0x09, 0xf2, 0x05, 0xfb, 0x55, 0x9f, 0x80, 0x00, 0x4c, 0xff, 0xd6, 0x00, 0x00, 0x00, 0x01, 0x00,
    0x00,

    /* U+014E LATIN CAPITAL LETTER O WITH BREVE */
    0x00, 0x00, 0x84, 0x00, 0x94, 0x00, 0x00, 0x00, 0x04, 0xd9, 0xac, 0x10, 0x00, 0x00, 0x00, 0x01,
    0x54, 0x00, 0x00, 0x00, 0x00, 0x00, 0x34, 0x41, 0x00, 0x00, 0x00, 0x07, 0xef, 0xff, 0xfa, 0x20,
    0x00, 0x0a, 0xfa, 0x42, 0x37, 0xee, 0x30, 0x07, 0xf8, 0x00, 0x00, 0x02, 0xed, 0x00, 0xec, 0x00,
    0x00, 0x00, 0x05, 0xf5, 0x2f, 0x70, 0x00, 0x00, 0x00, 0x1f, 0x93, 0xf6, 0x00, 0x00, 0x00, 0x00,
    0xea, 0x2f, 0x80, 0x00, 0x00, 0x00, 0x1f, 0x80, 0xdd, 0x10, 0x00, 0x00, 0x07, 0xf4, 0x05, 0xfa,
    0x10, 0x00, 0x05, 0xfb, 0x00, 0x07, 0xfd, 0x75, 0x6a, 0xfd, 0x20, 0x00, 0x04, 0xbf, 0xff, 0xd8,
    0x10, 0x00, 0x00, 0x00, 0x01, 0x10, 0x00, 0x00,

    /* U+014F LATIN SMALL LETTER O WITH BREVE */
    0x00, 0x84, 0x00, 0x94, 0x00, 0x00, 0x4d, 0x9a, 0xc1, 0x00, 0x00, 0x01, 0x54, 0x00, 0x00, 0x00,
    0x04, 0x78, 0x50, 0x00, 0x01, 0xbf, 0xdd, 0xfd, 0x20, 0x0a, 0xe4, 0x00, 0x3d, 0xd0, 0x2f, 0x70,
    0x00, 0x05, 0xf4, 0x4f, 0x40, 0x00, 0x01, 0xf7, 0x4f, 0x50, 0x00, 0x02, 0xf6, 0x0e, 0xb0, 0x00,
    0x09, 0xf2, 0x05, 0xfb, 0x55, 0x9f, 0x80, 0x00, 0x4c, 0xff, 0xd6, 0x00, 0x00, 0x00, 0x01, 0x00,
    0x00,

    /* U+0150 LATIN CAPITAL LETTER O WITH DOUBLE ACUTE */
    0x00, 0x00, 0x01, 0xc6, 0x4c, 0x30, 0x00, 0x00, 0x00, 0xbb, 0x1d, 0x80, 0x00, 0x00, 0x00, 0x17,
    0x55, 0x50, 0x00, 0x00, 0x00, 0x7e, 0xff, 0xff, 0xa2, 0x00, 0x00, 0xaf, 0xa4, 0x23, 0x7e, 0xe3,
    0x00, 0x7f, 0x80, 0x00, 0x00, 0x2e, 0xd0, 0x0e, 0xc0, 0x00, 0x00, 0x00, 0x5f, 0x52, 0xf7, 0x00,
    0x00, 0x00, 0x01, 0xf9, 0x3f, 0x60, 0x00, 0x00, 0x00, 0x0e, 0xa2, 0xf8, 0x00, 0x00, 0x00, 0x01,
    0xf8, 0x0d, 0xd1, 0x00, 0x00, 0x00, 0x7f, 0x40, 0x5f, 0xa1, 0x00, 0x00, 0x5f, 0xb0, 0x00, 0x7f,
    0xd7, 0x56, 0xaf, 0xd2, 0x00, 0x00, 0x4b, 0xff, 0xfd, 0x81, 0x00, 0x00, 0x00, 0x00, 0x11, 0x00,
    0x00, 0x00,

    /* U+0151 LATIN SMALL LETTER O WITH DOUBLE ACUTE */
    0x00, 0x01, 0xc6, 0x4c, 0x30, 0x00, 0x0b, 0xb1, 0xd8, 0x00, 0x00, 0x14, 0x11, 0x40, 0x00, 0x00,
    0x04, 0x78, 0x50, 0x00, 0x01, 0xbf, 0xdd, 0xfd, 0x20, 0x0a, 0xe4, 0x00, 0x3d, 0xd0, 0x2f, 0x70,
    0x00, 0x05, 0xf4, 0x4f, 0x40, 0x00, 0x01, 0xf7, 0x4f, 0x50, 0x00, 0x02, 0xf6, 0x0e, 0xb0, 0x00,
    0x09, 0xf2, 0x05, 0xfb, 0x55, 0x9f, 0x80, 0x00, 0x4c, 0xff, 0xd6, 0x00, 0x00, 0x00, 0x01, 0x00,
    0x00,

    /* U+0152 LATIN CAPITAL LIGATURE OE */
    0x00, 0x00, 0x01, 0x23, 0x34, 0x33, 0x33, 0x33, 0x30, 0x00, 0x05, 0xcf, 0xff, 0xff, 0xff, 0xff,
    0xff, 0xd0, 0x00, 0x9f, 0xb6, 0x33, 0x3f, 0xa3, 0x33, 0x33, 0x20, 0x06, 0xf8, 0x00, 0x00, 0x0f,
    0x80, 0x00, 0x00, 0x00, 0x0d, 0xc0, 0x00, 0x00, 0x0f, 0x80, 0x00, 0x00, 0x00, 0x2f, 0x70, 0x00,
    0x00, 0x0f, 0xb5, 0x55, 0x55, 0x10, 0x3f, 0x60, 0x00, 0x00, 0x0f, 0xff, 0xff, 0xff, 0x30, 0x2f,
    0x80, 0x00, 0x00, 0x0f, 0x80, 0x00, 0x00, 0x00, 0x0c, 0xd1, 0x00, 0x00, 0x0f, 0x80, 0x00, 0x00,
    0x00, 0x05, 0xfa, 0x10, 0x00, 0x0f, 0x80, 0x00, 0x00, 0x00, 0x00, 0x7f, 0xe9, 0x66, 0x6f, 0xb6,
    0x66, 0x66, 0x61, 0x00, 0x03, 0x9d, 0xff, 0xff, 0xff, 0xff, 0xff, 0xf2,

    /* U+0153 LATIN SMALL LIGATURE OE */
    0x00, 0x04, 0x78, 0x50, 0x00, 0x37, 0x85, 0x00, 0x00, 0x1b, 0xfd, 0xdf, 0xc2, 0x9f, 0xdc, 0xfd,
    0x20, 0x0a, 0xe4, 0x00, 0x3d, 0xff, 0x50, 0x02, 0xdc, 0x02, 0xf7, 0x00, 0x00, 0x5f, 0xc0, 0x00,
    0x04, 0xf3, 0x4f, 0x40, 0x00, 0x01, 0xff, 0xdd, 0xdd, 0xdf, 0x54, 0xf5, 0x00, 0x00, 0x2f, 0xf4,
    0x44, 0x44, 0x42, 0x0e, 0xb0, 0x00, 0x09, 0xfe, 0x10, 0x00, 0x10, 0x00, 0x5f, 0xb5, 0x59, 0xf8,
    0xed, 0x64, 0x6d, 0x90, 0x00, 0x4c, 0xff, 0xd5, 0x02, 0xaf, 0xff, 0xa2, 0x00, 0x00, 0x00, 0x10,
    0x00, 0x00, 0x01, 0x00, 0x00,

    /* U+0154 LATIN CAPITAL LETTER R WITH ACUTE */
    0x00, 0x00, 0x08, 0xb3, 0x00, 0x00, 0x00, 0x9d, 0x30, 0x00, 0x13, 0x34, 0x74, 0x10, 0x00, 0x5f,
    0xff, 0xff, 0xfb, 0x20, 0x5f, 0x73, 0x34, 0x7e, 0xe2, 0x5f, 0x40, 0x00, 0x03, 0xf8, 0x5f, 0x40,
    0x00, 0x00, 0xea, 0x5f, 0x40, 0x00, 0x01, 0xf9, 0x5f, 0x40, 0x00, 0x1a, 0xf4, 0x5f, 0xfc, 0xcd,
    0xff, 0x70, 0x5f, 0xd9, 0x9d, 0xf8, 0x00, 0x5f, 0x40, 0x00, 0x9f, 0x30, 0x5f, 0x40, 0x00, 0x1d,
    0xc0, 0x5f, 0x40, 0x00, 0x03, 0xf8,

    /* U+0155 LATIN SMALL LETTER R WITH ACUTE */
    0x00, 0x08, 0xb3, 0x00, 0x9d, 0x30, 0x01, 0x41, 0x00, 0x47, 0x04, 0x80, 0x8e, 0xaf, 0xe0, 0x8f,
    0xd3, 0x00, 0x8f, 0x40, 0x00, 0x8f, 0x10, 0x00, 0x8f, 0x00, 0x00, 0x8f, 0x00, 0x00, 0x8f, 0x00,
    0x00, 0x8f, 0x00, 0x00,

    /* U+0156 LATIN CAPITAL LETTER R WITH CEDILLA */
    0x13, 0x33, 0x33, 0x10, 0x00, 0x5f, 0xff, 0xff, 0xfb, 0x20, 0x5f, 0x73, 0x34, 0x7e, 0xe2, 0x5f,
    0x40, 0x00, 0x03, 0xf8, 0x5f, 0x40, 0x00, 0x00, 0xea, 0x5f, 0x40, 0x00, 0x01, 0xf9, 0x5f, 0x40,
    0x00, 0x1a, 0xf4, 0x5f, 0xfc, 0xcd, 0xff, 0x70, 0x5f, 0xd9, 0x9d, 0xf8, 0x00, 0x5f, 0x40, 0x00,
    0x9f, 0x30, 0x5f, 0x40, 0x00, 0x1d, 0xc0, 0x5f, 0x40, 0x00, 0x03, 0xf8, 0x00, 0x00, 0x00, 0x00,
    0x00, 0x00, 0x00, 0x74, 0x00, 0x00, 0x00, 0x00, 0xd8, 0x00, 0x00, 0x00, 0x00, 0xb2, 0x00, 0x00,
    0x00, 0x00, 0x10, 0x00, 0x00,

    /* U+0157 LATIN SMALL LETTER R WITH CEDILLA */
    0x47, 0x04, 0x88, 0xea, 0xfe, 0x8f, 0xd3, 0x08, 0xf4, 0x00, 0x8f, 0x10, 0x08, 0xf0, 0x00, 0x8f,
    0x00, 0x08, 0xf0, 0x00, 0x8f, 0x00, 0x00, 0x00, 0x00, 0x07, 0x40, 0x00, 0xd8, 0x00, 0x0b, 0x20,
    0x00, 0x10, 0x00,

    /* U+0158 LATIN CAPITAL LETTER R WITH CARON */
    0x00, 0x89, 0x03, 0xb3, 0x00, 0x00, 0x0b, 0xff, 0x50, 0x00, 0x13, 0x33, 0x75, 0x10, 0x00, 0x5f,
    0xff, 0xff, 0xfb, 0x20, 0x5f, 0x73, 0x34, 0x7e, 0xe2, 0x5f, 0x40, 0x00, 0x03, 0xf8, 0x5f, 0x40,
    0x00, 0x00, 0xea, 0x5f, 0x40, 0x00, 0x01, 0xf9, 0x5f, 0x40, 0x00, 0x1a, 0xf4, 0x5f, 0xfc, 0xcd,
    0xff, 0x70, 0x5f, 0xd9, 0x9d, 0xf8, 0x00, 0x5f, 0x40, 0x00, 0x9f, 0x30, 0x5f, 0x40, 0x00, 0x1d,
    0xc0, 0x5f, 0x40, 0x00, 0x03, 0xf8,

    /* U+0159 LATIN SMALL LETTER R WITH CARON */
    0x89, 0x03, 0xb3, 0x0b, 0xff, 0x50, 0x00, 0x43, 0x00, 0x47, 0x04, 0x80, 0x8e, 0xaf, 0xe0, 0x8f,
    0xd3, 0x00, 0x8f, 0x40, 0x00, 0x8f, 0x10, 0x00, 0x8f, 0x00, 0x00, 0x8f, 0x00, 0x00, 0x8f, 0x00,
    0x00, 0x8f, 0x00, 0x00,

    /* U+015A LATIN CAPITAL LETTER S WITH ACUTE */
    0x00, 0x00, 0x08, 0xb3, 0x00, 0x00, 0x00, 0x9d, 0x30, 0x00, 0x00, 0x03, 0x86, 0x30, 0x00, 0x01,
    0xbf, 0xff, 0xfe, 0x70, 0x0b, 0xe6, 0x11, 0x39, 0x70, 0x0f, 0x90, 0x00, 0x00, 0x00, 0x0f, 0xb0,
    0x00, 0x00, 0x00, 0x07, 0xfd, 0x73, 0x00, 0x00, 0x00, 0x5b, 0xff, 0xe9, 0x10, 0x00, 0x00, 0x15,
    0xaf, 0xc0, 0x00, 0x00, 0x00, 0x07, 0xf3, 0x04, 0x00, 0x00, 0x06, 0xf3, 0x2f, 0xc6, 0x44, 0x7e,
    0xc0, 0x04, 0xbe, 0xff, 0xe9, 0x10, 0x00, 0x00, 0x11, 0x00, 0x00,

    /* U+015B LATIN SMALL LETTER S WITH ACUTE */
    0x00, 0x00, 0x8b, 0x30, 0x00, 0x09, 0xd3, 0x00, 0x00, 0x14, 0x10, 0x00, 0x00, 0x48, 0x86, 0x20,
    0x0b, 0xfc, 0xce, 0xf1, 0x4f, 0x60, 0x00, 0x30, 0x4f, 0x80, 0x00, 0x00, 0x0a, 0xff, 0xc9, 0x30,
    0x00, 0x26, 0x9d, 0xf4, 0x00, 0x00, 0x01, 0xf8, 0x5d, 0x75, 0x49, 0xf5, 0x3a, 0xef, 0xfd, 0x60,
    0x00, 0x01, 0x10, 0x00,

    /* U+015C LATIN CAPITAL LETTER S WITH CIRCUMFLEX */
    0x00, 0x04, 0xfc, 0x10, 0x00, 0x00, 0x4e, 0x59, 0xc1, 0x00, 0x00, 0x44, 0x45, 0x72, 0x00, 0x01,
    0xbf, 0xff, 0xfe, 0x70, 0x0b, 0xe6, 0x11, 0x39, 0x70, 0x0f, 0x90, 0x00, 0x00, 0x00, 0x0f, 0xb0,
    0x00, 0x00, 0x00, 0x07, 0xfd, 0x73, 0x00, 0x00, 0x00, 0x5b, 0xff, 0xe9, 0x10, 0x00, 0x00, 0x15,
    0xaf, 0xc0, 0x00, 0x00, 0x00, 0x07, 0xf3, 0x04, 0x00, 0x00, 0x06, 0xf3, 0x2f, 0xc6, 0x44, 0x7e,
    0xc0, 0x04, 0xbe, 0xff, 0xe9, 0x10, 0x00, 0x00, 0x11, 0x00, 0x00,

    /* U+015D LATIN SMALL LETTER S WITH CIRCUMFLEX */
    0x00, 0x4f, 0xc1, 0x00, 0x04, 0xe5, 0x9c, 0x10, 0x04, 0x20, 0x04, 0x20, 0x00, 0x48, 0x86, 0x20,
    0x0b, 0xfc, 0xce, 0xf1, 0x4f, 0x60, 0x00, 0x30, 0x4f, 0x80, 0x00, 0x00, 0x0a, 0xff, 0xc9, 0x30,
    0x00, 0x26, 0x9d, 0xf4, 0x00, 0x00, 0x01, 0xf8, 0x5d, 0x75, 0x49, 0xf5, 0x3a, 0xef, 0xfd, 0x60,
    0x00, 0x01, 0x10, 0x00,

    /* U+015E LATIN CAPITAL LETTER S WITH CEDILLA */
    0x00, 0x02, 0x45, 0x30, 0x00, 0x01, 0xbf, 0xff, 0xfe, 0x70, 0x0b, 0xe6, 0x11, 0x39, 0x70, 0x0f,
    0x90, 0x00, 0x00, 0x00, 0x0f, 0xb0, 0x00, 0x00, 0x00, 0x07, 0xfd, 0x73, 0x00, 0x00, 0x00, 0x5b,
    0xff, 0xe9, 0x10, 0x00, 0x00, 0x15, 0xaf, 0xc0, 0x00, 0x00, 0x00, 0x07, 0xf3, 0x04, 0x00, 0x00,
    0x06, 0xf3, 0x2f, 0xc6, 0x44, 0x7e, 0xc0, 0x04, 0xbe, 0xff, 0xe9, 0x10, 0x00, 0x00, 0xd4, 0x00,
    0x00, 0x00, 0x00, 0x7e, 0x30, 0x00, 0x00, 0x05, 0x5d, 0x40, 0x00, 0x00, 0x06, 0x85, 0x00, 0x00,

    /* U+015F LATIN SMALL LETTER S WITH CEDILLA */
    0x00, 0x48, 0x86, 0x20, 0x0b, 0xfc, 0xce, 0xf1, 0x4f, 0x60, 0x00, 0x30, 0x4f, 0x80, 0x00, 0x00,
    0x0a, 0xff, 0xc9, 0x30, 0x00, 0x26, 0x9d, 0xf4, 0x00, 0x00, 0x01, 0xf8, 0x5d, 0x75, 0x49, 0xf5,
    0x3a, 0xef, 0xfd, 0x60, 0x00, 0x0d, 0x30, 0x00, 0x00, 0x07, 0xe3, 0x00, 0x00, 0x55, 0xd4, 0x00,
    0x00, 0x68, 0x50, 0x00,

    /* U+0160 LATIN CAPITAL LETTER S WITH CARON */
    0x00, 0x89, 0x03, 0xb3, 0x00, 0x00, 0x0b, 0xff, 0x50, 0x00, 0x00, 0x02, 0x87, 0x30, 0x00, 0x01,
    0xbf, 0xff, 0xfe, 0x70, 0x0b, 0xe6, 0x11, 0x39, 0x70, 0x0f, 0x90, 0x00, 0x00, 0x00, 0x0f, 0xb0,
    0x00, 0x00, 0x00, 0x07, 0xfd, 0x73, 0x00, 0x00, 0x00, 0x5b, 0xff, 0xe9, 0x10, 0x00, 0x00, 0x15,
    0xaf, 0xc0, 0x00, 0x00, 0x00, 0x07, 0xf3, 0x04, 0x00, 0x00, 0x06, 0xf3, 0x2f, 0xc6, 0x44, 0x7e,
    0xc0, 0x04, 0xbe, 0xff, 0xe9, 0x10, 0x00, 0x00, 0x11, 0x00, 0x00,

    /* U+0161 LATIN SMALL LETTER S WITH CARON */
    0x08, 0x90, 0x3b, 0x30, 0x00, 0xbf, 0xf5, 0x00, 0x00, 0x04, 0x30, 0x00, 0x00, 0x48, 0x86, 0x20,
    0x0b, 0xfc, 0xce, 0xf1, 0x4f, 0x60, 0x00, 0x30, 0x4f, 0x80, 0x00, 0x00, 0x0a, 0xff, 0xc9, 0x30,
    0x00, 0x26, 0x9d, 0xf4, 0x00, 0x00, 0x01, 0xf8, 0x5d, 0x75, 0x49, 0xf5, 0x3a, 0xef, 0xfd, 0x60,
    0x00, 0x01, 0x10, 0x00,

    /* U+0162 LATIN CAPITAL LETTER T WITH CEDILLA */
    0x33, 0x33, 0x33, 0x33, 0x31, 0xef, 0xff, 0xff, 0xff, 0xf5, 0x33, 0x34, 0xf9, 0x33, 0x31, 0x00,
    0x01, 0xf7, 0x00, 0x00, 0x00, 0x01, 0xf7, 0x00, 0x00, 0x00, 0x01, 0xf7, 0x00, 0x00, 0x00, 0x01,
    0xf7, 0x00, 0x00, 0x00, 0x01, 0xf7, 0x00, 0x00, 0x00, 0x01, 0xf7, 0x00, 0x00, 0x00, 0x01, 0xf7,
    0x00, 0x00, 0x00, 0x01, 0xf7, 0x00, 0x00, 0x00, 0x01, 0xf8, 0x00, 0x00, 0x00, 0x00, 0xc2, 0x00,
    0x00, 0x00, 0x00, 0x7e, 0x30, 0x00, 0x00, 0x05, 0x5d, 0x40, 0x00, 0x00, 0x06, 0x85, 0x00, 0x00,

    /* U+0163 LATIN SMALL LETTER T WITH CEDILLA */
    0x02, 0x51, 0x00, 0x00, 0x5f, 0x30, 0x00, 0x5c, 0xfa, 0x75, 0x09, 0xff, 0xfc, 0x80, 0x05, 0xf3,
    0x00, 0x00, 0x5f, 0x30, 0x00, 0x05, 0xf3, 0x00, 0x00, 0x5f, 0x30, 0x00, 0x04, 0xf4, 0x00, 0x00,
    0x2f, 0xa4, 0x60, 0x00, 0x6f, 0xfd, 0x10, 0x00, 0xc3, 0x00, 0x00, 0x07, 0xe3, 0x00, 0x05, 0x5d,
    0x40, 0x00, 0x68, 0x50, 0x00,

    /* U+0164 LATIN CAPITAL LETTER T WITH CARON */
    0x00, 0x89, 0x03, 0xb3, 0x00, 0x00, 0x0b, 0xff, 0x50, 0x00, 0x33, 0x33, 0x76, 0x33, 0x31, 0xef,
    0xff, 0xff, 0xff, 0xf5, 0x33, 0x34, 0xf9, 0x33, 0x31, 0x00, 0x01, 0xf7, 0x00, 0x00, 0x00, 0x01,
    0xf7, 0x00, 0x00, 0x00, 0x01, 0xf7, 0x00, 0x00, 0x00, 0x01, 0xf7, 0x00, 0x00, 0x00, 0x01, 0xf7,
    0x00, 0x00, 0x00, 0x01, 0xf7, 0x00, 0x00, 0x00, 0x01, 0xf7, 0x00, 0x00, 0x00, 0x01, 0xf7, 0x00,
    0x00, 0x00, 0x01, 0xf7, 0x00, 0x00,

    /* U+0165 LATIN SMALL LETTER T WITH CARON */
    0x00, 0x00, 0x14, 0x00, 0x00, 0x03, 0xf0, 0x02, 0x51, 0x3e, 0x00, 0x5f, 0x31, 0x60, 0x5c, 0xfa,
    0x75, 0x09, 0xff, 0xfc, 0x80, 0x05, 0xf3, 0x00, 0x00, 0x5f, 0x30, 0x00, 0x05, 0xf3, 0x00, 0x00,
    0x5f, 0x30, 0x00, 0x04, 0xf4, 0x00, 0x00, 0x2f, 0xa4, 0x60, 0x00, 0x6e, 0xfd, 0x10, 0x00, 0x01,
    0x00,

    /* U+0166 LATIN CAPITAL LETTER T WITH STROKE */
    0x33, 0x33, 0x33, 0x33, 0x31, 0xef, 0xff, 0xff, 0xff, 0xf5, 0x33, 0x34, 0xf9, 0x33, 0x31, 0x00,
    0x01, 0xf7, 0x00, 0x00, 0x00, 0x01, 0xf7, 0x00, 0x00, 0x03, 0x57, 0xfd, 0x55, 0x00, 0x07, 0xef,
    0xff, 0xed, 0x00, 0x00, 0x01, 0xf7, 0x00, 0x00, 0x00, 0x01, 0xf7, 0x00, 0x00, 0x00, 0x01, 0xf7,
    0x00, 0x00, 0x00, 0x01, 0xf7, 0x00, 0x00, 0x00, 0x01, 0xf7, 0x00, 0x00,

    /* U+0167 LATIN SMALL LETTER T WITH STROKE */
    0x01, 0x51, 0x00, 0x00, 0x4f, 0x40, 0x00, 0x5b, 0xfb, 0x75, 0x09, 0xff, 0xfc, 0x80, 0x04, 0xf4,
    0x00, 0x00, 0x4f, 0x40, 0x00, 0xaf, 0xff, 0xd0, 0x02, 0x7f, 0x73, 0x00, 0x04, 0xf4, 0x00, 0x00,
    0x1f, 0xb4, 0x60, 0x00, 0x6e, 0xfd, 0x10, 0x00, 0x01, 0x00,

    /* U+0168 LATIN CAPITAL LETTER U WITH TILDE */
    0x00, 0x00, 0x31, 0x01, 0x10, 0x00, 0x00, 0xad, 0xd4, 0x89, 0x00, 0x00, 0x1c, 0x03, 0xcc, 0x20,
    0x01, 0x30, 0x00, 0x00, 0x02, 0x30, 0x6f, 0x30, 0x00, 0x00, 0x8f, 0x16, 0xf3, 0x00, 0x00, 0x08,
    0xf1, 0x6f, 0x30, 0x00, 0x00, 0x8f, 0x16, 0xf3, 0x00, 0x00, 0x08, 0xf1, 0x6f, 0x30, 0x00, 0x00,
    0x8f, 0x16, 0xf3, 0x00, 0x00, 0x08, 0xf1, 0x6f, 0x30, 0x00, 0x00, 0x8f, 0x14, 0xf5, 0x00, 0x00,
    0x0a, 0xe0, 0x1e, 0xc0, 0x00, 0x02, 0xfa, 0x00, 0x6f, 0xc6, 0x58, 0xee, 0x20, 0x00, 0x5d, 0xff,
    0xfb, 0x20, 0x00, 0x00, 0x01, 0x20, 0x00, 0x00,

    /* U+0169 LATIN SMALL LETTER U WITH TILDE */
    0x00, 0x3b, 0x70, 0x54, 0x00, 0x0b, 0x58, 0xde, 0x20, 0x00, 0x20, 0x02, 0x20, 0x04, 0x60, 0x00,
    0x01, 0x73, 0x9e, 0x00, 0x00, 0x3f, 0x59, 0xe0, 0x00, 0x03, 0xf5, 0x9e, 0x00, 0x00, 0x3f, 0x59,
    0xe0, 0x00, 0x03, 0xf5, 0x9e, 0x00, 0x00, 0x4f, 0x57, 0xf3, 0x00, 0x09, 0xf5, 0x2e, 0xd6, 0x59,
    0xff, 0x50, 0x4c, 0xff, 0xc4, 0xf5, 0x00, 0x01, 0x10, 0x00, 0x00,

    /* U+016A LATIN CAPITAL LETTER U WITH MACRON */
    0x00, 0x03, 0x44, 0x44, 0x10, 0x00, 0x00, 0x9b, 0xbb, 0xb4, 0x00, 0x13, 0x00, 0x00, 0x00, 0x23,
    0x06, 0xf3, 0x00, 0x00, 0x08, 0xf1, 0x6f, 0x30, 0x00, 0x00, 0x8f, 0x16, 0xf3, 0x00, 0x00, 0x08,
    0xf1, 0x6f, 0x30, 0x00, 0x00, 0x8f, 0x16, 0xf3, 0x00, 0x00, 0x08, 0xf1, 0x6f, 0x30, 0x00, 0x00,
    0x8f, 0x16, 0xf3, 0x00, 0x00, 0x08, 0xf1, 0x4f, 0x50, 0x00, 0x00, 0xae, 0x01, 0xec, 0x00, 0x00,
    0x2f, 0xa0, 0x06, 0xfc, 0x65, 0x8e, 0xe2, 0x00, 0x05, 0xdf, 0xff, 0xb2, 0x00, 0x00, 0x00, 0x12,
    0x00, 0x00, 0x00,

    /* U+016B LATIN SMALL LETTER U WITH MACRON */
    0x00, 0x34, 0x44, 0x41, 0x00, 0x09, 0xbb, 0xbb, 0x40, 0x00, 0x00, 0x00, 0x00, 0x04, 0x60, 0x00,
    0x01, 0x73, 0x9e, 0x00, 0x00, 0x3f, 0x59, 0xe0, 0x00, 0x03, 0xf5, 0x9e, 0x00, 0x00, 0x3f, 0x59,
    0xe0, 0x00, 0x03, 0xf5, 0x9e, 0x00, 0x00, 0x4f, 0x57, 0xf3, 0x00, 0x09, 0xf5, 0x2e, 0xd6, 0x59,
    0xff, 0x50, 0x4c, 0xff, 0xc4, 0xf5, 0x00, 0x01, 0x10, 0x00, 0x00,

    /* U+016C LATIN CAPITAL LETTER U WITH BREVE */
    0x00, 0x08, 0x40, 0x09, 0x40, 0x00, 0x00, 0x4d, 0x9a, 0xc1, 0x00, 0x00, 0x00, 0x15, 0x40, 0x00,
    0x01, 0x30, 0x00, 0x00, 0x02, 0x30, 0x6f, 0x30, 0x00, 0x00, 0x8f, 0x16, 0xf3, 0x00, 0x00, 0x08,
    0xf1, 0x6f, 0x30, 0x00, 0x00, 0x8f, 0x16, 0xf3, 0x00, 0x00, 0x08, 0xf1, 0x6f, 0x30, 0x00, 0x00,
    0x8f, 0x16, 0xf3, 0x00, 0x00, 0x08, 0xf1, 0x6f, 0x30, 0x00, 0x00, 0x8f, 0x14, 0xf5, 0x00, 0x00,
    0x0a, 0xe0, 0x1e, 0xc0, 0x00, 0x02, 0xfa, 0x00, 0x6f, 0xc6, 0x58, 0xee, 0x20, 0x00, 0x5d, 0xff,
    0xfb, 0x20, 0x00, 0x00, 0x01, 0x20, 0x00, 0x00,

    /* U+016D LATIN SMALL LETTER U WITH BREVE */
    0x00, 0x84, 0x00, 0x94, 0x00, 0x04, 0xd9, 0xac, 0x10, 0x00, 0x01, 0x54, 0x00, 0x04, 0x60, 0x00,
    0x01, 0x73, 0x9e, 0x00, 0x00, 0x3f, 0x59, 0xe0, 0x00, 0x03, 0xf5, 0x9e, 0x00, 0x00, 0x3f, 0x59,
    0xe0, 0x00, 0x03, 0xf5, 0x9e, 0x00, 0x00, 0x4f, 0x57, 0xf3, 0x00, 0x09, 0xf5, 0x2e, 0xd6, 0x59,
    0xff, 0x50, 0x4c, 0xff, 0xc4, 0xf5, 0x00, 0x01, 0x10, 0x00, 0x00,

    /* U+016E LATIN CAPITAL LETTER U WITH RING ABOVE */
    0x00, 0x00, 0x5a, 0xa1, 0x00, 0x00, 0x00, 0x0b, 0x04, 0x70, 0x00, 0x00, 0x00, 0xa4, 0x85, 0x00,
    0x01, 0x30, 0x01, 0x64, 0x02, 0x30, 0x6f, 0x30, 0x00, 0x00, 0x8f, 0x16, 0xf3, 0x00, 0x00, 0x08,
    0xf1, 0x6f, 0x30, 0x00, 0x00, 0x8f, 0x16, 0xf3, 0x00, 0x00, 0x08, 0xf1, 0x6f, 0x30, 0x00, 0x00,
    0x8f, 0x16, 0xf3, 0x00, 0x00, 0x08, 0xf1, 0x6f, 0x30, 0x00, 0x00, 0x8f, 0x14, 0xf5, 0x00, 0x00,
    0x0a, 0xe0, 0x1e, 0xc0, 0x00, 0x02, 0xfa, 0x00, 0x6f, 0xc6, 0x58, 0xee, 0x20, 0x00, 0x5d, 0xff,
    0xfb, 0x20, 0x00, 0x00, 0x01, 0x20, 0x00, 0x00,

    /* U+016F LATIN SMALL LETTER U WITH RING ABOVE */
    0x00, 0x05, 0xaa, 0x10, 0x00, 0x00, 0xb0, 0x47, 0x00, 0x00, 0x0a, 0x48, 0x50, 0x00, 0x00, 0x16,
    0x40, 0x00, 0x46, 0x00, 0x00, 0x17, 0x39, 0xe0, 0x00, 0x03, 0xf5, 0x9e, 0x00, 0x00, 0x3f, 0x59,
    0xe0, 0x00, 0x03, 0xf5, 0x9e, 0x00, 0x00, 0x3f, 0x59, 0xe0, 0x00, 0x04, 0xf5, 0x7f, 0x30, 0x00,
    0x9f, 0x52, 0xed, 0x65, 0x9f, 0xf5, 0x04, 0xcf, 0xfc, 0x4f, 0x50, 0x00, 0x11, 0x00, 0x00,

    /* U+0170 LATIN CAPITAL LETTER U WITH DOUBLE ACUTE */
    0x00, 0x00, 0x1c, 0x64, 0xc3, 0x00, 0x00, 0x0b, 0xb1, 0xd8, 0x00, 0x13, 0x01, 0x41, 0x14, 0x23,
    0x06, 0xf3, 0x00, 0x00, 0x08, 0xf1, 0x6f, 0x30, 0x00, 0x00, 0x8f, 0x16, 0xf3, 0x00, 0x00, 0x08,
    0xf1, 0x6f, 0x30, 0x00, 0x00, 0x8f, 0x16, 0xf3, 0x00, 0x00, 0x08, 0xf1, 0x6f, 0x30, 0x00, 0x00,
    0x8f, 0x16, 0xf3, 0x00, 0x00, 0x08, 0xf1, 0x4f, 0x50, 0x00, 0x00, 0xae, 0x01, 0xec, 0x00, 0x00,
    0x2f, 0xa0, 0x06, 0xfc, 0x65, 0x8e, 0xe2, 0x00, 0x05, 0xdf, 0xff, 0xb2, 0x00, 0x00, 0x00, 0x12,
    0x00, 0x00, 0x00,

    /* U+0171 LATIN SMALL LETTER U WITH DOUBLE ACUTE */
    0x00, 0x01, 0xc6, 0x4c, 0x30, 0x00, 0xbb, 0x1d, 0x80, 0x00, 0x14, 0x11, 0x40, 0x04, 0x60, 0x00,
    0x01, 0x73, 0x9e, 0x00, 0x00, 0x3f, 0x59, 0xe0, 0x00, 0x03, 0xf5, 0x9e, 0x00, 0x00, 0x3f, 0x59,
    0xe0, 0x00, 0x03, 0xf5, 0x9e, 0x00, 0x00, 0x4f, 0x57, 0xf3, 0x00, 0x09, 0xf5, 0x2e, 0xd6, 0x59,
    0xff, 0x50, 0x4c, 0xff, 0xc4, 0xf5, 0x00, 0x01, 0x10, 0x00, 0x00,

    /* U+0172 LATIN CAPITAL LETTER U WITH OGONEK */
    0x13, 0x00, 0x00, 0x00, 0x23, 0x06, 0xf3, 0x00, 0x00, 0x08, 0xf1, 0x6f, 0x30, 0x00, 0x00, 0x8f,
    0x16, 0xf3, 0x00, 0x00, 0x08, 0xf1, 0x6f, 0x30, 0x00, 0x00, 0x8f, 0x16, 0xf3, 0x00, 0x00, 0x08,
    0xf1, 0x6f, 0x30, 0x00, 0x00, 0x8f, 0x16, 0xf3, 0x00, 0x00, 0x08, 0xf0, 0x4f, 0x50, 0x00, 0x00,
    0xae, 0x01, 0xec, 0x00, 0x00, 0x2f, 0x90, 0x06, 0xfc, 0x65, 0x8e, 0xe2, 0x00, 0x05, 0xdf, 0xff,
    0xa2, 0x00, 0x00, 0x00, 0x9d, 0x20, 0x00, 0x00, 0x00, 0x2e, 0x00, 0x00, 0x00, 0x00, 0x02, 0xe7,
    0x60, 0x00, 0x00, 0x00, 0x04, 0x87, 0x00, 0x00,

    /* U+0173 LATIN SMALL LETTER U WITH OGONEK */
    0x46, 0x00, 0x00, 0x17, 0x39, 0xe0, 0x00, 0x03, 0xf5, 0x9e, 0x00, 0x00, 0x3f, 0x59, 0xe0, 0x00,
    0x03, 0xf5, 0x9e, 0x00, 0x00, 0x3f, 0x59, 0xe0, 0x00, 0x04, 0xf5, 0x7f, 0x30, 0x00, 0x9f, 0x52,
    0xed, 0x65, 0x9f, 0xf5, 0x04, 0xcf, 0xfc, 0x7f, 0x50, 0x00, 0x11, 0x6c, 0x30, 0x00, 0x00, 0x0e,
    0x20, 0x00, 0x00, 0x00, 0xe8, 0x61, 0x00, 0x00, 0x03, 0x87, 0x10,

    /* U+0174 LATIN CAPITAL LETTER W WITH CIRCUMFLEX */
    0x00, 0x00, 0x00, 0x04, 0xfc, 0x10, 0x00, 0x00, 0x00, 0x00, 0x00, 0x00, 0x4e, 0x59, 0xc1, 0x00,
    0x00, 0x00, 0x13, 0x10, 0x00, 0x42, 0x23, 0x42, 0x00, 0x00, 0x31, 0x4f, 0x60, 0x00, 0x00, 0xef,
    0x10, 0x00, 0x04, 0xf4, 0x0e, 0xb0, 0x00, 0x04, 0xff, 0x60, 0x00, 0x09, 0xe0, 0x09, 0xf1, 0x00,
    0x09, 0xdc, 0xb0, 0x00, 0x0e, 0x90, 0x04, 0xf6, 0x00, 0x0e, 0x87, 0xf1, 0x00, 0x4f, 0x40, 0x00,
    0xeb, 0x00, 0x4f, 0x32, 0xf6, 0x00, 0x9e, 0x00, 0x00, 0x9f, 0x10, 0x9d, 0x00, 0xcb, 0x00, 0xe9,
    0x00, 0x00, 0x4f, 0x60, 0xe8, 0x00, 0x7f, 0x14, 0xf4, 0x00, 0x00, 0x0e, 0xb5, 0xf2, 0x00, 0x2f,
    0x69, 0xe0, 0x00, 0x00, 0x09, 0xfb, 0xc0, 0x00, 0x0c, 0xbe, 0x90, 0x00, 0x00, 0x04, 0xff, 0x70,
    0x00, 0x07, 0xff, 0x40, 0x00, 0x00, 0x00, 0xef, 0x20, 0x00, 0x02, 0xfe, 0x00, 0x00,

    /* U+0175 LATIN SMALL LETTER W WITH CIRCUMFLEX */
    0x00, 0x00, 0x04, 0xfc, 0x10, 0x00, 0x00, 0x00, 0x00, 0x04, 0xe5, 0x9c, 0x10, 0x00, 0x00, 0x00,
    0x00, 0x42, 0x00, 0x42, 0x00, 0x00, 0x06, 0x40, 0x00, 0x04, 0x70, 0x00, 0x01, 0x71, 0x8d, 0x00,
    0x00, 0xcf, 0x30, 0x00, 0x7e, 0x03, 0xf4, 0x00, 0x3f, 0xf9, 0x00, 0x0c, 0x80, 0x0c, 0xa0, 0x08,
    0xd7, 0xe0, 0x03, 0xf3, 0x00, 0x6e, 0x10, 0xe7, 0x1f, 0x50, 0x9c, 0x00, 0x01, 0xf6, 0x5f, 0x10,
    0xab, 0x0e, 0x60, 0x00, 0x0a, 0xba, 0xa0, 0x04, 0xf6, 0xf1, 0x00, 0x00, 0x5f, 0xf4, 0x00, 0x0e,
    0xfa, 0x00, 0x00, 0x00, 0xfe, 0x00, 0x00, 0x8f, 0x40, 0x00,

    /* U+0176 LATIN CAPITAL LETTER Y WITH CIRCUMFLEX */
    0x00, 0x04, 0xfc, 0x10, 0x00, 0x00, 0x04, 0xe5, 0x9c, 0x10, 0x00, 0x32, 0x42, 0x00, 0x42, 0x13,
    0x1a, 0xe2, 0x00, 0x00, 0x09, 0xe1, 0x1e, 0xa0, 0x00, 0x03, 0xf6, 0x00, 0x6f, 0x40, 0x00, 0xcb,
    0x00, 0x00, 0xcd, 0x00, 0x6f, 0x30, 0x00, 0x03, 0xf8, 0x1e, 0x80, 0x00, 0x00, 0x09, 0xfc, 0xd1,
    0x00, 0x00, 0x00, 0x1f, 0xf5, 0x00, 0x00, 0x00, 0x00, 0xaf, 0x00, 0x00, 0x00, 0x00, 0x09, 0xf0,
    0x00, 0x00, 0x00, 0x00, 0x9f, 0x00, 0x00, 0x00, 0x00, 0x09, 0xf0, 0x00, 0x00,

    /* U+0177 LATIN SMALL LETTER Y WITH CIRCUMFLEX */
    0x00, 0x04, 0xfc, 0x10, 0x00, 0x00, 0x4e, 0x59, 0xc1, 0x00, 0x00, 0x42, 0x00, 0x42, 0x00, 0x07,
    0x50, 0x00, 0x00, 0x46, 0x09, 0xe1, 0x00, 0x00, 0xe8, 0x02, 0xf6, 0x00, 0x06, 0xf2, 0x00, 0xbd,
    0x00, 0x0c, 0xa0, 0x00, 0x4f, 0x50, 0x4f, 0x30, 0x00, 0x0d, 0xb0, 0xbc, 0x00, 0x00, 0x06, 0xf5,
    0xf5, 0x00, 0x00, 0x00, 0xef, 0xd0, 0x00, 0x00, 0x00, 0x9f, 0x70, 0x00, 0x00, 0x00, 0x9e, 0x10,
    0x00, 0x07, 0x35, 0xe8, 0x00, 0x00, 0x2d, 0xff, 0xa0, 0x00, 0x00, 0x00, 0x21, 0x00, 0x00, 0x00,

    /* U+0178 LATIN CAPITAL LETTER Y WITH DIAERESIS */
    0x00, 0x27, 0x02, 0x70, 0x00, 0x00, 0x05, 0xd1, 0x5d, 0x00, 0x00, 0x32, 0x00, 0x00, 0x00, 0x13,
    0x1a, 0xe2, 0x00, 0x00, 0x09, 0xe1, 0x1e, 0xa0, 0x00, 0x03, 0xf6, 0x00, 0x6f, 0x40, 0x00, 0xcb,
    0x00, 0x00, 0xcd, 0x00, 0x6f, 0x30, 0x00, 0x03, 0xf8, 0x1e, 0x80, 0x00, 0x00, 0x09, 0xfc, 0xd1,
    0x00, 0x00, 0x00, 0x1f, 0xf5, 0x00, 0x00, 0x00, 0x00, 0xaf, 0x00, 0x00, 0x00, 0x00, 0x09, 0xf0,
    0x00, 0x00, 0x00, 0x00, 0x9f, 0x00, 0x00, 0x00, 0x00, 0x09, 0xf0, 0x00, 0x00,

    /* U+0179 LATIN CAPITAL LETTER Z WITH ACUTE */
    0x00, 0x00, 0x00, 0x8b, 0x30, 0x00, 0x00, 0x00, 0x9d, 0x30, 0x00, 0x13, 0x33, 0x47, 0x43, 0x33,
    0x03, 0xff, 0xff, 0xff, 0xff, 0xd0, 0x13, 0x33, 0x33, 0x3b, 0xf5, 0x00, 0x00, 0x00, 0x05, 0xf8,
    0x00, 0x00, 0x00, 0x03, 0xeb, 0x00, 0x00, 0x00, 0x01, 0xdd, 0x10, 0x00, 0x00, 0x00, 0xbe, 0x30,
    0x00, 0x00, 0x00, 0x8f, 0x50, 0x00, 0x00, 0x00, 0x6f, 0x80, 0x00, 0x00, 0x00, 0x3f, 0xb0, 0x00,
    0x00, 0x00, 0x1d, 0xf7, 0x66, 0x66, 0x66, 0x05, 0xff, 0xff, 0xff, 0xff, 0xf1,

    /* U+017A LATIN SMALL LETTER Z WITH ACUTE */
    0x00, 0x00, 0x8b, 0x30, 0x00, 0x09, 0xd3, 0x00, 0x00, 0x14, 0x10, 0x00, 0x27, 0x77, 0x77, 0x74,
    0x3c, 0xcc, 0xce, 0xf8, 0x00, 0x00, 0x1d, 0xc0, 0x00, 0x00, 0xbe, 0x20, 0x00, 0x08, 0xf3, 0x00,
    0x00, 0x5f, 0x60, 0x00, 0x03, 0xe9, 0x00, 0x00, 0x1d, 0xf4, 0x44, 0x43, 0x5f, 0xff, 0xff, 0xfb,

    /* U+017B LATIN CAPITAL LETTER Z WITH DOT ABOVE */
    0x00, 0x00, 0x1c, 0x70, 0x00, 0x00, 0x00, 0x01, 0xd8, 0x00, 0x00, 0x13, 0x33, 0x33, 0x33, 0x33,
    0x03, 0xff, 0xff, 0xff, 0xff, 0xd0, 0x13, 0x33, 0x33, 0x3b, 0xf5, 0x00, 0x00, 0x00, 0x05, 0xf8,
    0x00, 0x00, 0x00, 0x03, 0xeb, 0x00, 0x00, 0x00, 0x01, 0xdd, 0x10, 0x00, 0x00, 0x00, 0xbe, 0x30,
    0x00, 0x00, 0x00, 0x8f, 0x50, 0x00, 0x00, 0x00, 0x6f, 0x80, 0x00, 0x00, 0x00, 0x3f, 0xb0, 0x00,
    0x00, 0x00, 0x1d, 0xf7, 0x66, 0x66, 0x66, 0x05, 0xff, 0xff, 0xff, 0xff, 0xf1,

    /* U+017C LATIN SMALL LETTER Z WITH DOT ABOVE */
    0x00, 0x1c, 0x70, 0x00, 0x00, 0x1d, 0x80, 0x00, 0x00, 0x00, 0x00, 0x00, 0x27, 0x77, 0x77, 0x74,
    0x3c, 0xcc, 0xce, 0xf8, 0x00, 0x00, 0x1d, 0xc0, 0x00, 0x00, 0xbe, 0x20, 0x00, 0x08, 0xf3, 0x00,
    0x00, 0x5f, 0x60, 0x00, 0x03, 0xe9, 0x00, 0x00, 0x1d, 0xf4, 0x44, 0x43, 0x5f, 0xff, 0xff, 0xfb,

    /* U+017D LATIN CAPITAL LETTER Z WITH CARON */
    0x00, 0x08, 0x90, 0x3b, 0x30, 0x00, 0x00, 0x0b, 0xff, 0x50, 0x00, 0x13, 0x33, 0x37, 0x63, 0x33,
    0x03, 0xff, 0xff, 0xff, 0xff, 0xd0, 0x13, 0x33, 0x33, 0x3b, 0xf5, 0x00, 0x00, 0x00, 0x05, 0xf8,
    0x00, 0x00, 0x00, 0x03, 0xeb, 0x00, 0x00, 0x00, 0x01, 0xdd, 0x10, 0x00, 0x00, 0x00, 0xbe, 0x30,
    0x00, 0x00, 0x00, 0x8f, 0x50, 0x00, 0x00, 0x00, 0x6f, 0x80, 0x00, 0x00, 0x00, 0x3f, 0xb0, 0x00,
    0x00, 0x00, 0x1d, 0xf7, 0x66, 0x66, 0x66, 0x05, 0xff, 0xff, 0xff, 0xff, 0xf1,

    /* U+017E LATIN SMALL LETTER Z WITH CARON */
    0x08, 0x90, 0x3b, 0x30, 0x00, 0xbf, 0xf5, 0x00, 0x00, 0x04, 0x30, 0x00, 0x27, 0x77, 0x77, 0x74,
    0x3c, 0xcc, 0xce, 0xf8, 0x00, 0x00, 0x1d, 0xc0, 0x00, 0x00, 0xbe, 0x20, 0x00, 0x08, 0xf3, 0x00,
    0x00, 0x5f, 0x60, 0x00, 0x03, 0xe9, 0x00, 0x00, 0x1d, 0xf4, 0x44, 0x43, 0x5f, 0xff, 0xff, 0xfb,

    /* U+017F LATIN SMALL LETTER LONG S */
    0x00, 0x2b, 0xec, 0x20, 0x0d, 0xd5, 0x71, 0x02, 0xf7, 0x00, 0x04, 0x9f, 0x60, 0x00, 0x7e, 0xf6,
    0x00, 0x00, 0x2f, 0x60, 0x00, 0x02, 0xf6, 0x00, 0x00, 0x2f, 0x60, 0x00, 0x02, 0xf6, 0x00, 0x00,
    0x2f, 0x60, 0x00, 0x02, 0xf6, 0x00, 0x00, 0x2f, 0x60, 0x00,

    /* U+2013 EN DASH */
    0xee, 0xee, 0xee, 0xee, 0x22, 0x22, 0x22, 0x22,

    /* U+2014 EM DASH */
    0xee, 0xee, 0xee, 0xee, 0xee, 0xee, 0xee, 0xee, 0x22, 0x22, 0x22, 0x22, 0x22, 0x22, 0x22, 0x22,

    /* U+2018 LEFT SINGLE QUOTATION MARK */
    0x05, 0x90, 0xa7, 0x1f, 0x73, 0xfc, 0x07, 0x40,

    /* U+2019 RIGHT SINGLE QUOTATION MARK */
    0x1d, 0x92, 0xfc, 0x0b, 0x80, 0xe3, 0x17, 0x00,

    /* U+201C LEFT DOUBLE QUOTATION MARK */
    0x05, 0x90, 0x59, 0x0a, 0x70, 0xa7, 0x1f, 0x71, 0xf7, 0x3f, 0xc3, 0xfc, 0x07, 0x40, 0x74,

    /* U+201D RIGHT DOUBLE QUOTATION MARK */
    0x1d, 0x91, 0xd9, 0x2f, 0xc2, 0xfc, 0x0b, 0x80, 0xb8, 0x0e, 0x30, 0xe3, 0x17, 0x01, 0x70,

    /* U+2022 BULLET */
    0x6c, 0x6d, 0xfd, 0x8f, 0x80,

    /* U+2026 HORIZONTAL ELLIPSIS */
    0x01, 0x00, 0x01, 0x00, 0x10, 0x2e, 0xa0, 0x2e, 0xa2, 0xea, 0x2e, 0xa0, 0x2e, 0xa2, 0xea, 0x01,
    0x00, 0x01, 0x00, 0x10,
};

/*---------------------
 *  GLYPH DESCRIPTION
 *--------------------*/

static const lv_font_fmt_txt_glyph_dsc_t glyph_dsc[] = {
    {.bitmap_index = 0, .adv_w = 0, .box_w = 0, .box_h = 0, .ofs_x = 0, .ofs_y = 0} /* id = 0 reserved */,
    {.bitmap_index = 0, .adv_w = 69, .box_w = 0, .box_h = 0, .ofs_x = 0, .ofs_y = 0}, /* id = 1 U+00A0 */
    {.bitmap_index = 0, .adv_w = 69, .box_w = 3, .box_h = 12, .ofs_x = 1, .ofs_y = -3}, /* id = 2 U+00A1 */
    {.bitmap_index = 18, .adv_w = 146, .box_w = 9, .box_h = 13, .ofs_x = 0, .ofs_y = -2}, /* id = 3 U+00A2 */
    {.bitmap_index = 77, .adv_w = 165, .box_w = 10, .box_h = 12, .ofs_x = 0, .ofs_y = 0}, /* id = 4 U+00A3 */
    {.bitmap_index = 137, .adv_w = 179, .box_w = 11, .box_h = 11, .ofs_x = 0, .ofs_y = 0}, /* id = 5 U+00A4 */
    {.bitmap_index = 198, .adv_w = 181, .box_w = 12, .box_h = 12, .ofs_x = 0, .ofs_y = 0}, /* id = 6 U+00A5 */
    {.bitmap_index = 270, .adv_w = 77, .box_w = 3, .box_h = 16, .ofs_x = 1, .ofs_y = -4}, /* id = 7 U+00A6 */
    {.bitmap_index = 294, .adv_w = 128, .box_w = 8, .box_h = 14, .ofs_x = 0, .ofs_y = -2}, /* id = 8 U+00A7 */
    {.bitmap_index = 350, .adv_w = 154, .box_w = 5, .box_h = 2, .ofs_x = 2, .ofs_y = 10}, /* id = 9 U+00A8 */
    {.bitmap_index = 355, .adv_w = 205, .box_w = 13, .box_h = 12, .ofs_x = 0, .ofs_y = 0}, /* id = 10 U+00A9 */
    {.bitmap_index = 433, .adv_w = 103, .box_w = 6, .box_h = 6, .ofs_x = 0, .ofs_y = 6}, /* id = 11 U+00AA */
    {.bitmap_index = 451, .adv_w = 129, .box_w = 8, .box_h = 7, .ofs_x = 0, .ofs_y = 1}, /* id = 12 U+00AB */
    {.bitmap_index = 479, .adv_w = 149, .box_w = 8, .box_h = 5, .ofs_x = 1, .ofs_y = 2}, /* id = 13 U+00AC */
    {.bitmap_index = 499, .adv_w = 0, .box_w = 0, .box_h = 0, .ofs_x = 0, .ofs_y = 0}, /* id = 14 U+00AD */
    {.bitmap_index = 499, .adv_w = 205, .box_w = 13, .box_h = 12, .ofs_x = 0, .ofs_y = 0}, /* id = 15 U+00AE */
    {.bitmap_index = 577, .adv_w = 154, .box_w = 6, .box_h = 2, .ofs_x = 2, .ofs_y = 10}, /* id = 16 U+00AF */
    {.bitmap_index = 583, .adv_w = 107, .box_w = 6, .box_h = 6, .ofs_x = 0, .ofs_y = 6}, /* id = 17 U+00B0 */
    {.bitmap_index = 601, .adv_w = 149, .box_w = 8, .box_h = 10, .ofs_x = 1, .ofs_y = 0}, /* id = 18 U+00B1 */
    {.bitmap_index = 641, .adv_w = 110, .box_w = 7, .box_h = 7, .ofs_x = 0, .ofs_y = 5}, /* id = 19 U+00B2 */
    {.bitmap_index = 666, .adv_w = 110, .box_w = 6, .box_h = 8, .ofs_x = 0, .ofs_y = 4}, /* id = 20 U+00B3 */
    {.bitmap_index = 690, .adv_w = 154, .box_w = 5, .box_h = 3, .ofs_x = 3, .ofs_y = 9}, /* id = 21 U+00B4 */
    {.bitmap_index = 698, .adv_w = 175, .box_w = 9, .box_h = 13, .ofs_x = 1, .ofs_y = -4}, /* id = 22 U+00B5 */
    {.bitmap_index = 757, .adv_w = 166, .box_w = 9, .box_h = 14, .ofs_x = 0, .ofs_y = -2}, /* id = 23 U+00B6 */
    {.bitmap_index = 820, .adv_w = 68, .box_w = 3, .box_h = 3, .ofs_x = 1, .ofs_y = 3}, /* id = 24 U+00B7 */
    {.bitmap_index = 825, .adv_w = 154, .box_w = 4, .box_h = 5, .ofs_x = 3, .ofs_y = -4}, /* id = 25 U+00B8 */
    {.bitmap_index = 835, .adv_w = 110, .box_w = 5, .box_h = 7, .ofs_x = 1, .ofs_y = 5}, /* id = 26 U+00B9 */
    {.bitmap_index = 853, .adv_w = 107, .box_w = 7, .box_h = 6, .ofs_x = 0, .ofs_y = 6}, /* id = 27 U+00BA */
    {.bitmap_index = 874, .adv_w = 129, .box_w = 8, .box_h = 7, .ofs_x = 0, .ofs_y = 1}, /* id = 28 U+00BB */
    {.bitmap_index = 902, .adv_w = 265, .box_w = 16, .box_h = 12, .ofs_x = 1, .ofs_y = 0}, /* id = 29 U+00BC */
    {.bitmap_index = 998, .adv_w = 265, .box_w = 16, .box_h = 12, .ofs_x = 1, .ofs_y = 0}, /* id = 30 U+00BD */
    {.bitmap_index = 1094, .adv_w = 265, .box_w = 17, .box_h = 12, .ofs_x = 0, .ofs_y = 0}, /* id = 31 U+00BE */
    {.bitmap_index = 1196, .adv_w = 147, .box_w = 8, .box_h = 12, .ofs_x = 1, .ofs_y = -3}, /* id = 32 U+00BF */
    {.bitmap_index = 1244, .adv_w = 187, .box_w = 12, .box_h = 14, .ofs_x = 0, .ofs_y = 0}, /* id = 33 U+00C0 */
    {.bitmap_index = 1328, .adv_w = 187, .box_w = 12, .box_h = 14, .ofs_x = 0, .ofs_y = 0}, /* id = 34 U+00C1 */
    {.bitmap_index = 1412, .adv_w = 187, .box_w = 12, .box_h = 14, .ofs_x = 0, .ofs_y = 0}, /* id = 35 U+00C2 */
    {.bitmap_index = 1496, .adv_w = 187, .box_w = 12, .box_h = 15, .ofs_x = 0, .ofs_y = 0}, /* id = 36 U+00C3 */
    {.bitmap_index = 1586, .adv_w = 187, .box_w = 12, .box_h = 14, .ofs_x = 0, .ofs_y = 0}, /* id = 37 U+00C4 */
    {.bitmap_index = 1670, .adv_w = 187, .box_w = 12, .box_h = 15, .ofs_x = 0, .ofs_y = 0}, /* id = 38 U+00C5 */
    {.bitmap_index = 1760, .adv_w = 268, .box_w = 16, .box_h = 12, .ofs_x = 0, .ofs_y = 0}, /* id = 39 U+00C6 */
    {.bitmap_index = 1856, .adv_w = 183, .box_w = 11, .box_h = 16, .ofs_x = 0, .ofs_y = -4}, /* id = 40 U+00C7 */
    {.bitmap_index = 1944, .adv_w = 172, .box_w = 9, .box_h = 14, .ofs_x = 1, .ofs_y = 0}, /* id = 41 U+00C8 */
    {.bitmap_index = 2007, .adv_w = 172, .box_w = 9, .box_h = 14, .ofs_x = 1, .ofs_y = 0}, /* id = 42 U+00C9 */
    {.bitmap_index = 2070, .adv_w = 172, .box_w = 9, .box_h = 14, .ofs_x = 1, .ofs_y = 0}, /* id = 43 U+00CA */
    {.bitmap_index = 2133, .adv_w = 172, .box_w = 9, .box_h = 14, .ofs_x = 1, .ofs_y = 0}, /* id = 44 U+00CB */
    {.bitmap_index = 2196, .adv_w = 79, .box_w = 4, .box_h = 14, .ofs_x = 0, .ofs_y = 0}, /* id = 45 U+00CC */
    {.bitmap_index = 2224, .adv_w = 79, .box_w = 5, .box_h = 14, .ofs_x = 1, .ofs_y = 0}, /* id = 46 U+00CD */
    {.bitmap_index = 2259, .adv_w = 79, .box_w = 6, .box_h = 14, .ofs_x = 0, .ofs_y = 0}, /* id = 47 U+00CE */
    {.bitmap_index = 2301, .adv_w = 79, .box_w = 5, .box_h = 14, .ofs_x = 0, .ofs_y = 0}, /* id = 48 U+00CF */
    {.bitmap_index = 2336, .adv_w = 211, .box_w = 13, .box_h = 12, .ofs_x = 0, .ofs_y = 0}, /* id = 49 U+00D0 */
    {.bitmap_index = 2414, .adv_w = 208, .box_w = 11, .box_h = 15, .ofs_x = 1, .ofs_y = 0}, /* id = 50 U+00D1 */
    {.bitmap_index = 2497, .adv_w = 215, .box_w = 13, .box_h = 15, .ofs_x = 0, .ofs_y = -1}, /* id = 51 U+00D2 */
    {.bitmap_index = 2595, .adv_w = 215, .box_w = 13, .box_h = 15, .ofs_x = 0, .ofs_y = -1}, /* id = 52 U+00D3 */
    {.bitmap_index = 2693, .adv_w = 215, .box_w = 13, .box_h = 15, .ofs_x = 0, .ofs_y = -1}, /* id = 53 U+00D4 */
    {.bitmap_index = 2791, .adv_w = 215, .box_w = 13, .box_h = 16, .ofs_x = 0, .ofs_y = -1}, /* id = 54 U+00D5 */
    {.bitmap_index = 2895, .adv_w = 215, .box_w = 13, .box_h = 15, .ofs_x = 0, .ofs_y = -1}, /* id = 55 U+00D6 */
    {.bitmap_index = 2993, .adv_w = 149, .box_w = 7, .box_h = 7, .ofs_x = 1, .ofs_y = 2}, /* id = 56 U+00D7 */
    {.bitmap_index = 3018, .adv_w = 215, .box_w = 13, .box_h = 15, .ofs_x = 0, .ofs_y = -2}, /* id = 57 U+00D8 */
    {.bitmap_index = 3116, .adv_w = 202, .box_w = 11, .box_h = 15, .ofs_x = 1, .ofs_y = -1}, /* id = 58 U+00D9 */
    {.bitmap_index = 3199, .adv_w = 202, .box_w = 11, .box_h = 15, .ofs_x = 1, .ofs_y = -1}, /* id = 59 U+00DA */
    {.bitmap_index = 3282, .adv_w = 202, .box_w = 11, .box_h = 15, .ofs_x = 1, .ofs_y = -1}, /* id = 60 U+00DB */
    {.bitmap_index = 3365, .adv_w = 202, .box_w = 11, .box_h = 15, .ofs_x = 1, .ofs_y = -1}, /* id = 61 U+00DC */
    {.bitmap_index = 3448, .adv_w = 166, .box_w = 11, .box_h = 14, .ofs_x = 0, .ofs_y = 0}, /* id = 62 U+00DD */
    {.bitmap_index = 3525, .adv_w = 185, .box_w = 10, .box_h = 12, .ofs_x = 1, .ofs_y = 0}, /* id = 63 U+00DE */
    {.bitmap_index = 3585, .adv_w = 173, .box_w = 10, .box_h = 13, .ofs_x = 1, .ofs_y = -1}, /* id = 64 U+00DF */
    {.bitmap_index = 3650, .adv_w = 153, .box_w = 9, .box_h = 13, .ofs_x = 0, .ofs_y = -1}, /* id = 65 U+00E0 */
    {.bitmap_index = 3709, .adv_w = 153, .box_w = 9, .box_h = 13, .ofs_x = 0, .ofs_y = -1}, /* id = 66 U+00E1 */
    {.bitmap_index = 3768, .adv_w = 153, .box_w = 9, .box_h = 13, .ofs_x = 0, .ofs_y = -1}, /* id = 67 U+00E2 */
    {.bitmap_index = 3827, .adv_w = 153, .box_w = 9, .box_h = 13, .ofs_x = 0, .ofs_y = -1}, /* id = 68 U+00E3 */
    {.bitmap_index = 3886, .adv_w = 153, .box_w = 9, .box_h = 13, .ofs_x = 0, .ofs_y = -1}, /* id = 69 U+00E4 */
    {.bitmap_index = 3945, .adv_w = 153, .box_w = 9, .box_h = 14, .ofs_x = 0, .ofs_y = -1}, /* id = 70 U+00E5 */
    {.bitmap_index = 4008, .adv_w = 253, .box_w = 16, .box_h = 10, .ofs_x = 0, .ofs_y = -1}, /* id = 71 U+00E6 */
    {.bitmap_index = 4088, .adv_w = 146, .box_w = 9, .box_h = 13, .ofs_x = 0, .ofs_y = -4}, /* id = 72 U+00E7 */
    {.bitmap_index = 4147, .adv_w = 157, .box_w = 10, .box_h = 13, .ofs_x = 0, .ofs_y = -1}, /* id = 73 U+00E8 */
    {.bitmap_index = 4212, .adv_w = 157, .box_w = 10, .box_h = 13, .ofs_x = 0, .ofs_y = -1}, /* id = 74 U+00E9 */
    {.bitmap_index = 4277, .adv_w = 157, .box_w = 10, .box_h = 13, .ofs_x = 0, .ofs_y = -1}, /* id = 75 U+00EA */
    {.bitmap_index = 4342, .adv_w = 157, .box_w = 10, .box_h = 13, .ofs_x = 0, .ofs_y = -1}, /* id = 76 U+00EB */
    {.bitmap_index = 4407, .adv_w = 71, .box_w = 4, .box_h = 12, .ofs_x = -1, .ofs_y = 0}, /* id = 77 U+00EC */
    {.bitmap_index = 4431, .adv_w = 71, .box_w = 5, .box_h = 12, .ofs_x = 0, .ofs_y = 0}, /* id = 78 U+00ED */
    {.bitmap_index = 4461, .adv_w = 71, .box_w = 6, .box_h = 12, .ofs_x = -1, .ofs_y = 0}, /* id = 79 U+00EE */
    {.bitmap_index = 4497, .adv_w = 71, .box_w = 5, .box_h = 12, .ofs_x = -1, .ofs_y = 0}, /* id = 80 U+00EF */
    {.bitmap_index = 4527, .adv_w = 153, .box_w = 9, .box_h = 13, .ofs_x = 0, .ofs_y = -1}, /* id = 81 U+00F0 */
    {.bitmap_index = 4586, .adv_w = 174, .box_w = 9, .box_h = 12, .ofs_x = 1, .ofs_y = 0}, /* id = 82 U+00F1 */
    {.bitmap_index = 4640, .adv_w = 163, .box_w = 10, .box_h = 13, .ofs_x = 0, .ofs_y = -1}, /* id = 83 U+00F2 */
    {.bitmap_index = 4705, .adv_w = 163, .box_w = 10, .box_h = 13, .ofs_x = 0, .ofs_y = -1}, /* id = 84 U+00F3 */
    {.bitmap_index = 4770, .adv_w = 163, .box_w = 10, .box_h = 13, .ofs_x = 0, .ofs_y = -1}, /* id = 85 U+00F4 */
    {.bitmap_index = 4835, .adv_w = 163, .box_w = 10, .box_h = 13, .ofs_x = 0, .ofs_y = -1}, /* id = 86 U+00F5 */
    {.bitmap_index = 4900, .adv_w = 163, .box_w = 10, .box_h = 13, .ofs_x = 0, .ofs_y = -1}, /* id = 87 U+00F6 */
    {.bitmap_index = 4965, .adv_w = 149, .box_w = 8, .box_h = 9, .ofs_x = 1, .ofs_y = 1}, /* id = 88 U+00F7 */
    {.bitmap_index = 5001, .adv_w = 163, .box_w = 10, .box_h = 12, .ofs_x = 0, .ofs_y = -2}, /* id = 89 U+00F8 */
    {.bitmap_index = 5061, .adv_w = 173, .box_w = 9, .box_h = 13, .ofs_x = 1, .ofs_y = -1}, /* id = 90 U+00F9 */
    {.bitmap_index = 5120, .adv_w = 173, .box_w = 9, .box_h = 13, .ofs_x = 1, .ofs_y = -1}, /* id = 91 U+00FA */
    {.bitmap_index = 5179, .adv_w = 173, .box_w = 9, .box_h = 13, .ofs_x = 1, .ofs_y = -1}, /* id = 92 U+00FB */
    {.bitmap_index = 5238, .adv_w = 173, .box_w = 9, .box_h = 13, .ofs_x = 1, .ofs_y = -1}, /* id = 93 U+00FC */
    {.bitmap_index = 5297, .adv_w = 143, .box_w = 10, .box_h = 16, .ofs_x = -1, .ofs_y = -4}, /* id = 94 U+00FD */
    {.bitmap_index = 5377, .adv_w = 175, .box_w = 10, .box_h = 16, .ofs_x = 1, .ofs_y = -4}, /* id = 95 U+00FE */
    {.bitmap_index = 5457, .adv_w = 143, .box_w = 10, .box_h = 16, .ofs_x = -1, .ofs_y = -4}, /* id = 96 U+00FF */
    {.bitmap_index = 5537, .adv_w = 187, .box_w = 12, .box_h = 14, .ofs_x = 0, .ofs_y = 0}, /* id = 97 U+0100 */
    {.bitmap_index = 5621, .adv_w = 153, .box_w = 9, .box_h = 13, .ofs_x = 0, .ofs_y = -1}, /* id = 98 U+0101 */
    {.bitmap_index = 5680, .adv_w = 187, .box_w = 12, .box_h = 15, .ofs_x = 0, .ofs_y = 0}, /* id = 99 U+0102 */
    {.bitmap_index = 5770, .adv_w = 153, .box_w = 9, .box_h = 13, .ofs_x = 0, .ofs_y = -1}, /* id = 100 U+0103 */
    {.bitmap_index = 5829, .adv_w = 187, .box_w = 13, .box_h = 16, .ofs_x = 0, .ofs_y = -4}, /* id = 101 U+0104 */
    {.bitmap_index = 5933, .adv_w = 153, .box_w = 9, .box_h = 13, .ofs_x = 0, .ofs_y = -4}, /* id = 102 U+0105 */
    {.bitmap_index = 5992, .adv_w = 183, .box_w = 11, .box_h = 15, .ofs_x = 0, .ofs_y = -1}, /* id = 103 U+0106 */
    {.bitmap_index = 6075, .adv_w = 146, .box_w = 9, .box_h = 13, .ofs_x = 0, .ofs_y = -1}, /* id = 104 U+0107 */
    {.bitmap_index = 6134, .adv_w = 183, .box_w = 11, .box_h = 15, .ofs_x = 0, .ofs_y = -1}, /* id = 105 U+0108 */
    {.bitmap_index = 6217, .adv_w = 146, .box_w = 9, .box_h = 13, .ofs_x = 0, .ofs_y = -1}, /* id = 106 U+0109 */
    {.bitmap_index = 6276, .adv_w = 183, .box_w = 11, .box_h = 15, .ofs_x = 0, .ofs_y = -1}, /* id = 107 U+010A */
    {.bitmap_index = 6359, .adv_w = 146, .box_w = 9, .box_h = 13, .ofs_x = 0, .ofs_y = -1}, /* id = 108 U+010B */
    {.bitmap_index = 6418, .adv_w = 183, .box_w = 11, .box_h = 15, .ofs_x = 0, .ofs_y = -1}, /* id = 109 U+010C */
    {.bitmap_index = 6501, .adv_w = 146, .box_w = 9, .box_h = 13, .ofs_x = 0, .ofs_y = -1}, /* id = 110 U+010D */
    {.bitmap_index = 6560, .adv_w = 211, .box_w = 12, .box_h = 14, .ofs_x = 1, .ofs_y = 0}, /* id = 111 U+010E */
    {.bitmap_index = 6644, .adv_w = 175, .box_w = 12, .box_h = 14, .ofs_x = 0, .ofs_y = -1}, /* id = 112 U+010F */
    {.bitmap_index = 6728, .adv_w = 211, .box_w = 13, .box_h = 12, .ofs_x = 0, .ofs_y = 0}, /* id = 113 U+0110 */
    {.bitmap_index = 6806, .adv_w = 175, .box_w = 11, .box_h = 13, .ofs_x = 0, .ofs_y = -1}, /* id = 114 U+0111 */
    {.bitmap_index = 6878, .adv_w = 172, .box_w = 9, .box_h = 14, .ofs_x = 1, .ofs_y = 0}, /* id = 115 U+0112 */
    {.bitmap_index = 6941, .adv_w = 157, .box_w = 10, .box_h = 13, .ofs_x = 0, .ofs_y = -1}, /* id = 116 U+0113 */
    {.bitmap_index = 7006, .adv_w = 172, .box_w = 9, .box_h = 15, .ofs_x = 1, .ofs_y = 0}, /* id = 117 U+0114 */
    {.bitmap_index = 7074, .adv_w = 157, .box_w = 10, .box_h = 13, .ofs_x = 0, .ofs_y = -1}, /* id = 118 U+0115 */
    {.bitmap_index = 7139, .adv_w = 172, .box_w = 9, .box_h = 14, .ofs_x = 1, .ofs_y = 0}, /* id = 119 U+0116 */
    {.bitmap_index = 7202, .adv_w = 157, .box_w = 10, .box_h = 13, .ofs_x = 0, .ofs_y = -1}, /* id = 120 U+0117 */
    {.bitmap_index = 7267, .adv_w = 172, .box_w = 10, .box_h = 16, .ofs_x = 1, .ofs_y = -4}, /* id = 121 U+0118 */
    {.bitmap_index = 7347, .adv_w = 157, .box_w = 10, .box_h = 13, .ofs_x = 0, .ofs_y = -4}, /* id = 122 U+0119 */
    {.bitmap_index = 7412, .adv_w = 172, .box_w = 9, .box_h = 14, .ofs_x = 1, .ofs_y = 0}, /* id = 123 U+011A */
    {.bitmap_index = 7475, .adv_w = 157, .box_w = 10, .box_h = 13, .ofs_x = 0, .ofs_y = -1}, /* id = 124 U+011B */
    {.bitmap_index = 7540, .adv_w = 198, .box_w = 11, .box_h = 15, .ofs_x = 0, .ofs_y = -1}, /* id = 125 U+011C */
    {.bitmap_index = 7623, .adv_w = 177, .box_w = 10, .box_h = 16, .ofs_x = 0, .ofs_y = -4}, /* id = 126 U+011D */
    {.bitmap_index = 7703, .adv_w = 198, .box_w = 11, .box_h = 16, .ofs_x = 0, .ofs_y = -1}, /* id = 127 U+011E */
    {.bitmap_index = 7791, .adv_w = 177, .box_w = 10, .box_h = 16, .ofs_x = 0, .ofs_y = -4}, /* id = 128 U+011F */
    {.bitmap_index = 7871, .adv_w = 198, .box_w = 11, .box_h = 15, .ofs_x = 0, .ofs_y = -1}, /* id = 129 U+0120 */
    {.bitmap_index = 7954, .adv_w = 177, .box_w = 10, .box_h = 16, .ofs_x = 0, .ofs_y = -4}, /* id = 130 U+0121 */
    {.bitmap_index = 8034, .adv_w = 198, .box_w = 11, .box_h = 17, .ofs_x = 0, .ofs_y = -5}, /* id = 131 U+0122 */
    {.bitmap_index = 8128, .adv_w = 177, .box_w = 10, .box_h = 17, .ofs_x = 0, .ofs_y = -4}, /* id = 132 U+0123 */
    {.bitmap_index = 8213, .adv_w = 208, .box_w = 11, .box_h = 14, .ofs_x = 1, .ofs_y = 0}, /* id = 133 U+0124 */
    {.bitmap_index = 8290, .adv_w = 174, .box_w = 11, .box_h = 15, .ofs_x = -1, .ofs_y = 0}, /* id = 134 U+0125 */
    {.bitmap_index = 8373, .adv_w = 212, .box_w = 14, .box_h = 12, .ofs_x = 0, .ofs_y = 0}, /* id = 135 U+0126 */
    {.bitmap_index = 8457, .adv_w = 177, .box_w = 10, .box_h = 12, .ofs_x = 0, .ofs_y = 0}, /* id = 136 U+0127 */
    {.bitmap_index = 8517, .adv_w = 79, .box_w = 6, .box_h = 15, .ofs_x = 0, .ofs_y = 0}, /* id = 137 U+0128 */
    {.bitmap_index = 8562, .adv_w = 71, .box_w = 6, .box_h = 12, .ofs_x = -1, .ofs_y = 0}, /* id = 138 U+0129 */
    {.bitmap_index = 8598, .adv_w = 79, .box_w = 5, .box_h = 14, .ofs_x = 0, .ofs_y = 0}, /* id = 139 U+012A */
    {.bitmap_index = 8633, .adv_w = 71, .box_w = 5, .box_h = 12, .ofs_x = -1, .ofs_y = 0}, /* id = 140 U+012B */
    {.bitmap_index = 8663, .adv_w = 79, .box_w = 6, .box_h = 15, .ofs_x = 0, .ofs_y = 0}, /* id = 141 U+012C */
    {.bitmap_index = 8708, .adv_w = 71, .box_w = 5, .box_h = 12, .ofs_x = -1, .ofs_y = 0}, /* id = 142 U+012D */
    {.bitmap_index = 8738, .adv_w = 79, .box_w = 3, .box_h = 16, .ofs_x = 1, .ofs_y = -4}, /* id = 143 U+012E */
    {.bitmap_index = 8762, .adv_w = 71, .box_w = 4, .box_h = 17, .ofs_x = 0, .ofs_y = -4}, /* id = 144 U+012F */
    {.bitmap_index = 8796, .adv_w = 79, .box_w = 3, .box_h = 14, .ofs_x = 1, .ofs_y = 0}, /* id = 145 U+0130 */
    {.bitmap_index = 8817, .adv_w = 71, .box_w = 2, .box_h = 9, .ofs_x = 1, .ofs_y = 0}, /* id = 146 U+0131 */
    {.bitmap_index = 8826, .adv_w = 184, .box_w = 9, .box_h = 13, .ofs_x = 1, .ofs_y = -1}, /* id = 147 U+0132 */
    {.bitmap_index = 8885, .adv_w = 144, .box_w = 8, .box_h = 17, .ofs_x = 0, .ofs_y = -4}, /* id = 148 U+0133 */
    {.bitmap_index = 8953, .adv_w = 131, .box_w = 7, .box_h = 15, .ofs_x = 0, .ofs_y = -1}, /* id = 149 U+0134 */
    {.bitmap_index = 9006, .adv_w = 73, .box_w = 8, .box_h = 16, .ofs_x = -2, .ofs_y = -4}, /* id = 150 U+0135 */
    {.bitmap_index = 9070, .adv_w = 184, .box_w = 11, .box_h = 17, .ofs_x = 1, .ofs_y = -5}, /* id = 151 U+0136 */
    {.bitmap_index = 9164, .adv_w = 157, .box_w = 9, .box_h = 17, .ofs_x = 1, .ofs_y = -5}, /* id = 152 U+0137 */
    {.bitmap_index = 9241, .adv_w = 157, .box_w = 9, .box_h = 9, .ofs_x = 1, .ofs_y = 0}, /* id = 153 U+0138 */
    {.bitmap_index = 9282, .adv_w = 152, .box_w = 9, .box_h = 14, .ofs_x = 1, .ofs_y = 0}, /* id = 154 U+0139 */
    {.bitmap_index = 9345, .adv_w = 71, .box_w = 5, .box_h = 15, .ofs_x = 0, .ofs_y = 0}, /* id = 155 U+013A */
    {.bitmap_index = 9383, .adv_w = 152, .box_w = 9, .box_h = 17, .ofs_x = 1, .ofs_y = -5}, /* id = 156 U+013B */
    {.bitmap_index = 9460, .adv_w = 71, .box_w = 2, .box_h = 17, .ofs_x = 1, .ofs_y = -5}, /* id = 157 U+013C */
    {.bitmap_index = 9477, .adv_w = 152, .box_w = 9, .box_h = 12, .ofs_x = 1, .ofs_y = 0}, /* id = 158 U+013D */
    {.bitmap_index = 9531, .adv_w = 71, .box_w = 5, .box_h = 13, .ofs_x = 1, .ofs_y = 0}, /* id = 159 U+013E */
    {.bitmap_index = 9564, .adv_w = 152, .box_w = 9, .box_h = 12, .ofs_x = 1, .ofs_y = 0}, /* id = 160 U+013F */
    {.bitmap_index = 9618, .adv_w = 100, .box_w = 5, .box_h = 12, .ofs_x = 1, .ofs_y = 0}, /* id = 161 U+0140 */
    {.bitmap_index = 9648, .adv_w = 152, .box_w = 10, .box_h = 12, .ofs_x = 0, .ofs_y = 0}, /* id = 162 U+0141 */
    {.bitmap_index = 9708, .adv_w = 71, .box_w = 5, .box_h = 12, .ofs_x = 0, .ofs_y = 0}, /* id = 163 U+0142 */
    {.bitmap_index = 9738, .adv_w = 208, .box_w = 11, .box_h = 14, .ofs_x = 1, .ofs_y = 0}, /* id = 164 U+0143 */
    {.bitmap_index = 9815, .adv_w = 174, .box_w = 9, .box_h = 12, .ofs_x = 1, .ofs_y = 0}, /* id = 165 U+0144 */
    {.bitmap_index = 9869, .adv_w = 208, .box_w = 11, .box_h = 17, .ofs_x = 1, .ofs_y = -5}, /* id = 166 U+0145 */
    {.bitmap_index = 9963, .adv_w = 174, .box_w = 9, .box_h = 14, .ofs_x = 1, .ofs_y = -5}, /* id = 167 U+0146 */
    {.bitmap_index = 10026, .adv_w = 208, .box_w = 11, .box_h = 14, .ofs_x = 1, .ofs_y = 0}, /* id = 168 U+0147 */
    {.bitmap_index = 10103, .adv_w = 174, .box_w = 9, .box_h = 12, .ofs_x = 1, .ofs_y = 0}, /* id = 169 U+0148 */
    {.bitmap_index = 10157, .adv_w = 186, .box_w = 12, .box_h = 12, .ofs_x = -1, .ofs_y = 0}, /* id = 170 U+0149 */
    {.bitmap_index = 10229, .adv_w = 208, .box_w = 11, .box_h = 16, .ofs_x = 1, .ofs_y = -4}, /* id = 171 U+014A */
    {.bitmap_index = 10317, .adv_w = 174, .box_w = 9, .box_h = 13, .ofs_x = 1, .ofs_y = -4}, /* id = 172 U+014B */
    {.bitmap_index = 10376, .adv_w = 215, .box_w = 13, .box_h = 15, .ofs_x = 0, .ofs_y = -1}, /* id = 173 U+014C */
    {.bitmap_index = 10474, .adv_w = 163, .box_w = 10, .box_h = 13, .ofs_x = 0, .ofs_y = -1}, /* id = 174 U+014D */
    {.bitmap_index = 10539, .adv_w = 215, .box_w = 13, .box_h = 16, .ofs_x = 0, .ofs_y = -1}, /* id = 175 U+014E */
    {.bitmap_index = 10643, .adv_w = 163, .box_w = 10, .box_h = 13, .ofs_x = 0, .ofs_y = -1}, /* id = 176 U+014F */
    {.bitmap_index = 10708, .adv_w = 215, .box_w = 13, .box_h = 15, .ofs_x = 0, .ofs_y = -1}, /* id = 177 U+0150 */
    {.bitmap_index = 10806, .adv_w = 163, .box_w = 10, .box_h = 13, .ofs_x = 0, .ofs_y = -1}, /* id = 178 U+0151 */
    {.bitmap_index = 10871, .adv_w = 288, .box_w = 18, .box_h = 12, .ofs_x = 0, .ofs_y = 0}, /* id = 179 U+0152 */
    {.bitmap_index = 10979, .adv_w = 273, .box_w = 17, .box_h = 10, .ofs_x = 0, .ofs_y = -1}, /* id = 180 U+0153 */
    {.bitmap_index = 11064, .adv_w = 186, .box_w = 10, .box_h = 14, .ofs_x = 1, .ofs_y = 0}, /* id = 181 U+0154 */
    {.bitmap_index = 11134, .adv_w = 105, .box_w = 6, .box_h = 12, .ofs_x = 1, .ofs_y = 0}, /* id = 182 U+0155 */
    {.bitmap_index = 11170, .adv_w = 186, .box_w = 10, .box_h = 17, .ofs_x = 1, .ofs_y = -5}, /* id = 183 U+0156 */
    {.bitmap_index = 11255, .adv_w = 105, .box_w = 5, .box_h = 14, .ofs_x = 1, .ofs_y = -5}, /* id = 184 U+0157 */
    {.bitmap_index = 11290, .adv_w = 186, .box_w = 10, .box_h = 14, .ofs_x = 1, .ofs_y = 0}, /* id = 185 U+0158 */
    {.bitmap_index = 11360, .adv_w = 105, .box_w = 6, .box_h = 12, .ofs_x = 1, .ofs_y = 0}, /* id = 186 U+0159 */
    {.bitmap_index = 11396, .adv_w = 159, .box_w = 10, .box_h = 15, .ofs_x = 0, .ofs_y = -1}, /* id = 187 U+015A */
    {.bitmap_index = 11471, .adv_w = 128, .box_w = 8, .box_h = 13, .ofs_x = 0, .ofs_y = -1}, /* id = 188 U+015B */
    {.bitmap_index = 11523, .adv_w = 159, .box_w = 10, .box_h = 15, .ofs_x = 0, .ofs_y = -1}, /* id = 189 U+015C */
    {.bitmap_index = 11598, .adv_w = 128, .box_w = 8, .box_h = 13, .ofs_x = 0, .ofs_y = -1}, /* id = 190 U+015D */
    {.bitmap_index = 11650, .adv_w = 159, .box_w = 10, .box_h = 16, .ofs_x = 0, .ofs_y = -4}, /* id = 191 U+015E */
    {.bitmap_index = 11730, .adv_w = 128, .box_w = 8, .box_h = 13, .ofs_x = 0, .ofs_y = -4}, /* id = 192 U+015F */
    {.bitmap_index = 11782, .adv_w = 159, .box_w = 10, .box_h = 15, .ofs_x = 0, .ofs_y = -1}, /* id = 193 U+0160 */
    {.bitmap_index = 11857, .adv_w = 128, .box_w = 8, .box_h = 13, .ofs_x = 0, .ofs_y = -1}, /* id = 194 U+0161 */
    {.bitmap_index = 11909, .adv_w = 150, .box_w = 10, .box_h = 16, .ofs_x = 0, .ofs_y = -4}, /* id = 195 U+0162 */
    {.bitmap_index = 11989, .adv_w = 106, .box_w = 7, .box_h = 15, .ofs_x = 0, .ofs_y = -4}, /* id = 196 U+0163 */
    {.bitmap_index = 12042, .adv_w = 150, .box_w = 10, .box_h = 14, .ofs_x = 0, .ofs_y = 0}, /* id = 197 U+0164 */
    {.bitmap_index = 12112, .adv_w = 106, .box_w = 7, .box_h = 14, .ofs_x = 0, .ofs_y = -1}, /* id = 198 U+0165 */
    {.bitmap_index = 12161, .adv_w = 150, .box_w = 10, .box_h = 12, .ofs_x = 0, .ofs_y = 0}, /* id = 199 U+0166 */
    {.bitmap_index = 12221, .adv_w = 106, .box_w = 7, .box_h = 12, .ofs_x = 0, .ofs_y = -1}, /* id = 200 U+0167 */
    {.bitmap_index = 12263, .adv_w = 202, .box_w = 11, .box_h = 16, .ofs_x = 1, .ofs_y = -1}, /* id = 201 U+0168 */
    {.bitmap_index = 12351, .adv_w = 173, .box_w = 9, .box_h = 13, .ofs_x = 1, .ofs_y = -1}, /* id = 202 U+0169 */
    {.bitmap_index = 12410, .adv_w = 202, .box_w = 11, .box_h = 15, .ofs_x = 1, .ofs_y = -1}, /* id = 203 U+016A */
    {.bitmap_index = 12493, .adv_w = 173, .box_w = 9, .box_h = 13, .ofs_x = 1, .ofs_y = -1}, /* id = 204 U+016B */
    {.bitmap_index = 12552, .adv_w = 202, .box_w = 11, .box_h = 16, .ofs_x = 1, .ofs_y = -1}, /* id = 205 U+016C */
    {.bitmap_index = 12640, .adv_w = 173, .box_w = 9, .box_h = 13, .ofs_x = 1, .ofs_y = -1}, /* id = 206 U+016D */
    {.bitmap_index = 12699, .adv_w = 202, .box_w = 11, .box_h = 16, .ofs_x = 1, .ofs_y = -1}, /* id = 207 U+016E */
    {.bitmap_index = 12787, .adv_w = 173, .box_w = 9, .box_h = 14, .ofs_x = 1, .ofs_y = -1}, /* id = 208 U+016F */
    {.bitmap_index = 12850, .adv_w = 202, .box_w = 11, .box_h = 15, .ofs_x = 1, .ofs_y = -1}, /* id = 209 U+0170 */
    {.bitmap_index = 12933, .adv_w = 173, .box_w = 9, .box_h = 13, .ofs_x = 1, .ofs_y = -1}, /* id = 210 U+0171 */
    {.bitmap_index = 12992, .adv_w = 202, .box_w = 11, .box_h = 16, .ofs_x = 1, .ofs_y = -4}, /* id = 211 U+0172 */
    {.bitmap_index = 13080, .adv_w = 173, .box_w = 9, .box_h = 13, .ofs_x = 1, .ofs_y = -4}, /* id = 212 U+0173 */
    {.bitmap_index = 13139, .adv_w = 288, .box_w = 18, .box_h = 14, .ofs_x = 0, .ofs_y = 0}, /* id = 213 U+0174 */
    {.bitmap_index = 13265, .adv_w = 230, .box_w = 15, .box_h = 12, .ofs_x = 0, .ofs_y = 0}, /* id = 214 U+0175 */
    {.bitmap_index = 13355, .adv_w = 166, .box_w = 11, .box_h = 14, .ofs_x = 0, .ofs_y = 0}, /* id = 215 U+0176 */
    {.bitmap_index = 13432, .adv_w = 143, .box_w = 10, .box_h = 16, .ofs_x = -1, .ofs_y = -4}, /* id = 216 U+0177 */
    {.bitmap_index = 13512, .adv_w = 166, .box_w = 11, .box_h = 14, .ofs_x = 0, .ofs_y = 0}, /* id = 217 U+0178 */
    {.bitmap_index = 13589, .adv_w = 168, .box_w = 11, .box_h = 14, .ofs_x = 0, .ofs_y = 0}, /* id = 218 U+0179 */
    {.bitmap_index = 13666, .adv_w = 133, .box_w = 8, .box_h = 12, .ofs_x = 0, .ofs_y = 0}, /* id = 219 U+017A */
    {.bitmap_index = 13714, .adv_w = 168, .box_w = 11, .box_h = 14, .ofs_x = 0, .ofs_y = 0}, /* id = 220 U+017B */
    {.bitmap_index = 13791, .adv_w = 133, .box_w = 8, .box_h = 12, .ofs_x = 0, .ofs_y = 0}, /* id = 221 U+017C */
    {.bitmap_index = 13839, .adv_w = 168, .box_w = 11, .box_h = 14, .ofs_x = 0, .ofs_y = 0}, /* id = 222 U+017D */
    {.bitmap_index = 13916, .adv_w = 133, .box_w = 8, .box_h = 12, .ofs_x = 0, .ofs_y = 0}, /* id = 223 U+017E */
    {.bitmap_index = 13964, .adv_w = 80, .box_w = 7, .box_h = 12, .ofs_x = 0, .ofs_y = 0}, /* id = 224 U+017F */
    {.bitmap_index = 14006, .adv_w = 128, .box_w = 8, .box_h = 2, .ofs_x = 0, .ofs_y = 3}, /* id = 225 U+2013 */
    {.bitmap_index = 14014, .adv_w = 256, .box_w = 16, .box_h = 2, .ofs_x = 0, .ofs_y = 3}, /* id = 226 U+2014 */
    {.bitmap_index = 14030, .adv_w = 58, .box_w = 3, .box_h = 5, .ofs_x = 0, .ofs_y = 7}, /* id = 227 U+2018 */
    {.bitmap_index = 14038, .adv_w = 58, .box_w = 3, .box_h = 5, .ofs_x = 0, .ofs_y = 7}, /* id = 228 U+2019 */
    {.bitmap_index = 14046, .adv_w = 106, .box_w = 6, .box_h = 5, .ofs_x = 0, .ofs_y = 7}, /* id = 229 U+201C */
    {.bitmap_index = 14061, .adv_w = 106, .box_w = 6, .box_h = 5, .ofs_x = 0, .ofs_y = 7}, /* id = 230 U+201D */
    {.bitmap_index = 14076, .adv_w = 80, .box_w = 3, .box_h = 3, .ofs_x = 1, .ofs_y = 3}, /* id = 231 U+2022 */
    {.bitmap_index = 14081, .adv_w = 177, .box_w = 10, .box_h = 4, .ofs_x = 0, .ofs_y = -1} /* id = 232 U+2026 */
};

/*---------------------
 *  CHARACTER MAPPING
 *--------------------*/

static const uint16_t unicode_list_1[] = {
    0x0, 0x1, 0x5, 0x6, 0x9, 0xa, 0xf, 0x13,
};

/*Collect the unicode lists and glyph_id offsets*/
static const lv_font_fmt_txt_cmap_t cmaps[] = {
    {
        .range_start = 160, .range_length = 224, .glyph_id_start = 1,
        .unicode_list = NULL, .glyph_id_ofs_list = NULL, .list_length = 0, .type = LV_FONT_FMT_TXT_CMAP_FORMAT0_TINY
    },
    {
        .range_start = 8211, .range_length = 20, .glyph_id_start = 225,
        .unicode_list = unicode_list_1, .glyph_id_ofs_list = NULL, .list_length = 8, .type = LV_FONT_FMT_TXT_CMAP_SPARSE_TINY
    }
};

/*--------------------
 *  ALL CUSTOM DATA
 *--------------------*/

/*Store all the custom data of the font*/
static const lv_font_fmt_txt_dsc_t font_dsc = {
    .glyph_bitmap = glyph_bitmap,
    .glyph_dsc = glyph_dsc,
    .cmaps = cmaps,
    .kern_dsc = NULL,
    .kern_scale = 0,
    .cmap_num = 2,
    .bpp = 4,
    .kern_classes = 0,
    .bitmap_format = 0, /*LV_FONT_FMT_TXT_PLAIN*/
};

/*-----------------
 *  PUBLIC FONT
 *----------------*/

/*Initialize a public general font descriptor*/
const lv_font_t cc_font_16 = {
    .get_glyph_dsc = lv_font_get_glyph_dsc_fmt_txt,    /*Function pointer to get glyph's data*/
    .get_glyph_bitmap = lv_font_get_bitmap_fmt_txt,    /*Function pointer to get glyph's bitmap*/
    .line_height = 18,          /*Same as lv_font_montserrat_16*/
    .base_line = 3,             /*Baseline measured from the bottom of the line*/
    .subpx = LV_FONT_SUBPX_NONE,
    .underline_position = -1,
    .underline_thickness = 1,
    .dsc = &font_dsc,          /*The custom font data. Will be accessed by `get_glyph_bitmap/dsc` */
    .fallback = &lv_font_montserrat_16,   /*Required: ASCII lives in the built-in*/
    .user_data = NULL,
};
