/*******************************************************************************
 * Size: 14 px
 * Bpp: 4
 * Glyphs: 232 (+ reserved id 0): U+00A0-017F, U+2013-2014, U+2018-2019, U+201C-201D, U+2022, U+2026
 * Source: Montserrat.ttf (variable; wght 500 = named instance "Medium")
 *         sha256 0f7b311b2f3279e4..., units_per_em 1000
 * Renderer: Pillow 12.3.0 / FreeType 2.14.3, BASIC layout, anchor "ls", Pillow's own load flags
 * Generated by harness/gen_lvgl_font.py -- DO NOT EDIT; re-run the generator.
 * Format: LVGL 9.0 lv_font_fmt_txt, plain (uncompressed) bitmaps, no kerning.
 *   4 bpp, byte-aligned glyph starts, continuous rows, first pixel in the high nibble.
 *   adv_w in 1/16 px (unhinted advance); ofs_y = box bottom relative to the baseline.
 * Metrics: line_height 16, base_line 3 (from the bottom) -- copied from
 *   lv_font_montserrat_14; own ink spans -4..+14 px around the baseline.
 * Synthesized: U+00AD -- SOFT HYPHEN is default-ignorable and not mapped by this Montserrat build; emitted empty with zero advance (invisible, as at any non-break position).
 * Hybrid: no ASCII here. U+0020-007E miss in this font and are drawn by the
 *   REQUIRED fallback lv_font_montserrat_14 (hinted, kerned; same line metrics).
 ******************************************************************************/

#include "lvgl.h"

#if LVGL_VERSION_MAJOR != 9
#error "cc_font_*.c are generated for the LVGL 9 lv_font_fmt_txt layout"
#endif

#if !LV_FONT_MONTSERRAT_14
#error "cc_font_14 draws ASCII through lv_font_montserrat_14: set LV_FONT_MONTSERRAT_14 1 in lv_conf.h"
#endif

/*-----------------
 *    BITMAPS
 *----------------*/

/*Store the image of the glyphs*/
static LV_ATTRIBUTE_LARGE_CONST const uint8_t glyph_bitmap[] = {
    /* U+00A0 NO-BREAK SPACE */

    /* U+00A1 INVERTED EXCLAMATION MARK */
    0x53, 0xeb, 0x21, 0x32, 0xa7, 0xb7, 0xc8, 0xc8, 0xd9, 0xda, 0x22,

    /* U+00A2 CENT SIGN */
    0x00, 0x00, 0x10, 0x00, 0x00, 0x01, 0xd0, 0x00, 0x00, 0x16, 0xf5, 0x10, 0x04, 0xee, 0xfe, 0xd2,
    0x1e, 0x91, 0xd0, 0x82, 0x5f, 0x11, 0xd0, 0x00, 0x6f, 0x01, 0xd0, 0x00, 0x3f, 0x41, 0xd0, 0x00,
    0x0b, 0xe5, 0xf5, 0xe4, 0x01, 0x8f, 0xfe, 0x80, 0x00, 0x01, 0xd0, 0x00, 0x00, 0x00, 0x90, 0x00,

    /* U+00A3 POUND SIGN */
    0x00, 0x04, 0xad, 0xdb, 0x50, 0x05, 0xfa, 0x66, 0x98, 0x00, 0xda, 0x00, 0x00, 0x00, 0x0f, 0x60,
    0x00, 0x00, 0x36, 0xfb, 0x55, 0x50, 0x05, 0x9f, 0xe8, 0x88, 0x10, 0x01, 0xf5, 0x00, 0x00, 0x00,
    0x1f, 0x50, 0x00, 0x00, 0x24, 0xf8, 0x33, 0x33, 0x29, 0xff, 0xff, 0xff, 0xf9,

    /* U+00A4 CURRENCY SIGN */
    0x39, 0x00, 0x21, 0x01, 0xa1, 0x2d, 0xcd, 0xff, 0xce, 0xb0, 0x05, 0xf6, 0x01, 0x8f, 0x20, 0x0b,
    0x70, 0x00, 0x0a, 0x80, 0x0d, 0x40, 0x00, 0x06, 0xa0, 0x0b, 0x60, 0x00, 0x09, 0x80, 0x05, 0xf5,
    0x00, 0x7f, 0x20, 0x1c, 0xee, 0xee, 0xcf, 0xa0, 0x4a, 0x00, 0x32, 0x02, 0xc2,

    /* U+00A5 YEN SIGN */
    0x99, 0x00, 0x00, 0x00, 0x98, 0x2e, 0x50, 0x00, 0x06, 0xe2, 0x06, 0xe2, 0x00, 0x2e, 0x50, 0x00,
    0xac, 0x00, 0xc9, 0x00, 0x00, 0x1e, 0x78, 0xd1, 0x00, 0x04, 0x6a, 0xff, 0x96, 0x30, 0x04, 0x66,
    0xff, 0x66, 0x40, 0x05, 0x77, 0xff, 0x77, 0x40, 0x04, 0x55, 0xff, 0x55, 0x30, 0x00, 0x00, 0xba,
    0x00, 0x00,

    /* U+00A6 BROKEN BAR */
    0x34, 0x8b, 0x8b, 0x8b, 0x8b, 0x45, 0x00, 0x00, 0x12, 0x8b, 0x8b, 0x8b, 0x8b, 0x68,

    /* U+00A7 SECTION SIGN */
    0x02, 0xad, 0xda, 0x30, 0xe9, 0x34, 0x84, 0x2f, 0x20, 0x00, 0x00, 0xde, 0x73, 0x00, 0x2e, 0xc9,
    0xeb, 0x17, 0xb0, 0x01, 0xd6, 0x4e, 0x51, 0x1d, 0x60, 0x5c, 0xff, 0xd0, 0x00, 0x01, 0x8f, 0x12,
    0x10, 0x01, 0xf2, 0x6e, 0xb9, 0xdb, 0x00, 0x26, 0x74, 0x00,

    /* U+00A8 DIAERESIS */
    0x10, 0x01, 0x0b, 0x82, 0xf2, 0x21, 0x02, 0x00,

    /* U+00A9 COPYRIGHT SIGN */
    0x00, 0x05, 0xaa, 0xa7, 0x10, 0x00, 0x0a, 0x50, 0x00, 0x3a, 0x20, 0x09, 0x41, 0x8b, 0xa3, 0x1a,
    0x01, 0x90, 0xbb, 0x46, 0xa0, 0x64, 0x46, 0x2f, 0x10, 0x00, 0x02, 0x84, 0x52, 0xe0, 0x00, 0x00,
    0x28, 0x28, 0x0c, 0x81, 0x37, 0x05, 0x50, 0xa2, 0x2b, 0xed, 0x50, 0xb0, 0x01, 0xb3, 0x00, 0x02,
    0xa3, 0x00, 0x01, 0x8a, 0x9a, 0x92, 0x00,

    /* U+00AA FEMININE ORDINAL INDICATOR */
    0x04, 0x65, 0x02, 0x85, 0xa8, 0x06, 0x8b, 0xb6, 0x91, 0x5b, 0x3c, 0xab, 0xb0,

    /* U+00AB LEFT-POINTING DOUBLE ANGLE QUOTATION MARK */
    0x00, 0x34, 0x03, 0x40, 0x1e, 0x41, 0xe4, 0x0b, 0x80, 0xb8, 0x02, 0xf2, 0x2f, 0x20, 0x07, 0xc0,
    0x7c, 0x00, 0x0a, 0x80, 0xa8,

    /* U+00AC NOT SIGN */
    0x07, 0x77, 0x77, 0x71, 0x1a, 0xaa, 0xaa, 0xf3, 0x00, 0x00, 0x00, 0xf3, 0x00, 0x00, 0x00, 0xf3,
    0x00, 0x00, 0x00, 0x20,

    /* U+00AD SOFT HYPHEN */

    /* U+00AE REGISTERED SIGN */
    0x00, 0x05, 0xaa, 0xa7, 0x10, 0x00, 0x0a, 0x50, 0x00, 0x3a, 0x20, 0x09, 0x44, 0xaa, 0x93, 0x1a,
    0x01, 0x90, 0x69, 0x14, 0xd0, 0x64, 0x46, 0x06, 0x80, 0x0d, 0x12, 0x84, 0x50, 0x6d, 0xaf, 0x80,
    0x28, 0x28, 0x06, 0x92, 0xa5, 0x05, 0x50, 0xa2, 0x58, 0x01, 0xb1, 0xb0, 0x01, 0xb3, 0x00, 0x02,
    0xa3, 0x00, 0x01, 0x8a, 0x9a, 0x92, 0x00,

    /* U+00AF MACRON */
    0x1c, 0xcc, 0xc6,

    /* U+00B0 DEGREE SIGN */
    0x05, 0xcb, 0x30, 0x3b, 0x01, 0xc1, 0x57, 0x00, 0x93, 0x2c, 0x34, 0xc0, 0x03, 0x99, 0x20,

    /* U+00B1 PLUS-MINUS SIGN */
    0x00, 0x04, 0x60, 0x00, 0x00, 0x08, 0xa0, 0x00, 0x02, 0x2a, 0xc2, 0x20, 0x1f, 0xff, 0xff, 0xf3,
    0x00, 0x08, 0xa0, 0x00, 0x00, 0x08, 0xa0, 0x00, 0x00, 0x03, 0x40, 0x00, 0x02, 0x22, 0x22, 0x20,
    0x1f, 0xff, 0xff, 0xf3,

    /* U+00B2 SUPERSCRIPT TWO */
    0x2a, 0xcc, 0x50, 0x35, 0x02, 0xe0, 0x00, 0x04, 0xc0, 0x00, 0x4c, 0x20, 0x06, 0xc1, 0x00, 0x4f,
    0xdc, 0xc4,

    /* U+00B3 SUPERSCRIPT THREE */
    0x5c, 0xcd, 0xd0, 0x00, 0x0a, 0x60, 0x00, 0x9c, 0x10, 0x00, 0x46, 0xd2, 0x21, 0x00, 0xb4, 0x5d,
    0xcd, 0xa0,

    /* U+00B4 ACUTE ACCENT */
    0x01, 0x53, 0x1b, 0xa1, 0x46, 0x00,

    /* U+00B5 MICRO SIGN */
    0x54, 0x00, 0x00, 0x62, 0xb9, 0x00, 0x01, 0xf4, 0xb9, 0x00, 0x01, 0xf4, 0xb9, 0x00, 0x01, 0xf4,
    0xb9, 0x00, 0x01, 0xf4, 0xbb, 0x00, 0x04, 0xf4, 0xbf, 0x72, 0x4d, 0xf4, 0xbc, 0xcf, 0xe6, 0xf4,
    0xb9, 0x01, 0x00, 0x00, 0xb9, 0x00, 0x00, 0x00, 0x87, 0x00, 0x00, 0x00,

    /* U+00B6 PILCROW SIGN */
    0x01, 0x46, 0x66, 0x64, 0x2d, 0xff, 0xba, 0xd9, 0x9f, 0xff, 0x40, 0x89, 0xaf, 0xff, 0x40, 0x89,
    0x4f, 0xff, 0x40, 0x89, 0x03, 0x8e, 0x40, 0x89, 0x00, 0x0c, 0x40, 0x89, 0x00, 0x0c, 0x40, 0x89,
    0x00, 0x0c, 0x40, 0x89, 0x00, 0x0c, 0x40, 0x89, 0x00, 0x0c, 0x40, 0x89, 0x00, 0x0c, 0x40, 0x89,
    0x00, 0x05, 0x20, 0x34,

    /* U+00B7 MIDDLE DOT */
    0xa7, 0xea, 0x10,

    /* U+00B8 CEDILLA */
    0x00, 0x10, 0x05, 0x90, 0x02, 0xa7, 0x3a, 0xd5, 0x01, 0x10,

    /* U+00B9 SUPERSCRIPT ONE */
    0x9d, 0x90, 0x00, 0x4b, 0x00, 0x04, 0xb0, 0x00, 0x4b, 0x00, 0x04, 0xb0, 0x0b, 0xff, 0xc2,

    /* U+00BA MASCULINE ORDINAL INDICATOR */
    0x01, 0x66, 0x10, 0x2c, 0x77, 0xc1, 0x87, 0x00, 0x95, 0x69, 0x00, 0xb4, 0x09, 0xcd, 0x70,

    /* U+00BB RIGHT-POINTING DOUBLE ANGLE QUOTATION MARK */
    0x25, 0x02, 0x50, 0x01, 0xd6, 0x1d, 0x60, 0x03, 0xe2, 0x3e, 0x20, 0x0b, 0x70, 0xb7, 0x07, 0xc0,
    0x7c, 0x03, 0xd2, 0x3d, 0x20,

    /* U+00BC VULGAR FRACTION ONE QUARTER */
    0x9d, 0x90, 0x00, 0x00, 0x3a, 0x00, 0x00, 0x4b, 0x00, 0x00, 0x0c, 0x30, 0x00, 0x04, 0xb0, 0x00,
    0x08, 0x80, 0x00, 0x00, 0x4b, 0x00, 0x03, 0xc0, 0x00, 0x00, 0x04, 0xb0, 0x01, 0xd3, 0x02, 0xb0,
    0x0b, 0xff, 0xc2, 0x97, 0x00, 0xc4, 0x00, 0x00, 0x00, 0x4c, 0x00, 0x97, 0x23, 0x00, 0x00, 0x1d,
    0x20, 0x5d, 0x38, 0xa2, 0x00, 0x0a, 0x60, 0x06, 0x99, 0xff, 0x60, 0x05, 0xb0, 0x00, 0x00, 0x07,
    0x80,

    /* U+00BD VULGAR FRACTION ONE HALF */
    0x9d, 0x90, 0x00, 0x00, 0x3a, 0x00, 0x00, 0x4b, 0x00, 0x00, 0x0c, 0x30, 0x00, 0x04, 0xb0, 0x00,
    0x08, 0x80, 0x00, 0x00, 0x4b, 0x00, 0x03, 0xc0, 0x00, 0x00, 0x04, 0xb0, 0x01, 0xd4, 0xac, 0xc5,
    0x0b, 0xff, 0xc2, 0x97, 0x35, 0x02, 0xe0, 0x00, 0x00, 0x4c, 0x00, 0x00, 0x4c, 0x00, 0x00, 0x1d,
    0x20, 0x00, 0x4c, 0x20, 0x00, 0x0a, 0x60, 0x00, 0x6c, 0x10, 0x00, 0x05, 0xb0, 0x00, 0x4f, 0xdc,
    0xc4,

    /* U+00BE VULGAR FRACTION THREE QUARTERS */
    0x5c, 0xcd, 0xd0, 0x00, 0x03, 0xa0, 0x00, 0x00, 0x0a, 0x60, 0x00, 0x0c, 0x30, 0x00, 0x00, 0x9c,
    0x10, 0x00, 0x88, 0x00, 0x00, 0x00, 0x46, 0xd2, 0x03, 0xc0, 0x00, 0x00, 0x21, 0x00, 0xb4, 0x1d,
    0x30, 0x2b, 0x00, 0x5d, 0xcd, 0xa0, 0x97, 0x00, 0xc4, 0x00, 0x00, 0x00, 0x04, 0xc0, 0x09, 0x72,
    0x30, 0x00, 0x00, 0x1d, 0x20, 0x5d, 0x38, 0xa2, 0x00, 0x00, 0xa6, 0x00, 0x69, 0x9f, 0xf6, 0x00,
    0x05, 0xb0, 0x00, 0x00, 0x07, 0x80,

    /* U+00BF INVERTED QUESTION MARK */
    0x00, 0x35, 0x00, 0x00, 0x0a, 0xe0, 0x00, 0x00, 0x12, 0x00, 0x00, 0x03, 0x40, 0x00, 0x00, 0xca,
    0x00, 0x00, 0xad, 0x20, 0x00, 0x9d, 0x10, 0x00, 0x0e, 0x60, 0x00, 0x00, 0xdb, 0x10, 0x2b, 0x84,
    0xef, 0xef, 0xc3, 0x00, 0x34, 0x20, 0x00,

    /* U+00C0 LATIN CAPITAL LETTER A WITH GRAVE */
    0x00, 0x15, 0x30, 0x00, 0x00, 0x00, 0x00, 0x5e, 0x40, 0x00, 0x00, 0x00, 0x00, 0x37, 0x00, 0x00,
    0x00, 0x00, 0x09, 0xb0, 0x00, 0x00, 0x00, 0x03, 0xff, 0x60, 0x00, 0x00, 0x00, 0x9b, 0x8d, 0x00,
    0x00, 0x00, 0x1f, 0x41, 0xf5, 0x00, 0x00, 0x08, 0xd0, 0x09, 0xb0, 0x00, 0x01, 0xe6, 0x00, 0x3f,
    0x30, 0x00, 0x7f, 0x99, 0x99, 0xfa, 0x00, 0x0d, 0xf8, 0x88, 0x8d, 0xf2, 0x05, 0xf2, 0x00, 0x00,
    0x0d, 0x90, 0xca, 0x00, 0x00, 0x00, 0x6e, 0x10,

    /* U+00C1 LATIN CAPITAL LETTER A WITH ACUTE */
    0x00, 0x00, 0x01, 0x53, 0x00, 0x00, 0x00, 0x01, 0xba, 0x10, 0x00, 0x00, 0x00, 0x46, 0x00, 0x00,
    0x00, 0x00, 0x09, 0xb0, 0x00, 0x00, 0x00, 0x03, 0xff, 0x60, 0x00, 0x00, 0x00, 0x9b, 0x8d, 0x00,
    0x00, 0x00, 0x1f, 0x41, 0xf5, 0x00, 0x00, 0x08, 0xd0, 0x09, 0xb0, 0x00, 0x01, 0xe6, 0x00, 0x3f,
    0x30, 0x00, 0x7f, 0x99, 0x99, 0xfa, 0x00, 0x0d, 0xf8, 0x88, 0x8d, 0xf2, 0x05, 0xf2, 0x00, 0x00,
    0x0d, 0x90, 0xca, 0x00, 0x00, 0x00, 0x6e, 0x10,

    /* U+00C2 LATIN CAPITAL LETTER A WITH CIRCUMFLEX */
    0x00, 0x00, 0x35, 0x00, 0x00, 0x00, 0x00, 0x5e, 0xda, 0x00, 0x00, 0x00, 0x17, 0x20, 0x63, 0x00,
    0x00, 0x00, 0x09, 0xb0, 0x00, 0x00, 0x00, 0x03, 0xff, 0x60, 0x00, 0x00, 0x00, 0x9b, 0x8d, 0x00,
    0x00, 0x00, 0x1f, 0x41, 0xf5, 0x00, 0x00, 0x08, 0xd0, 0x09, 0xb0, 0x00, 0x01, 0xe6, 0x00, 0x3f,
    0x30, 0x00, 0x7f, 0x99, 0x99, 0xfa, 0x00, 0x0d, 0xf8, 0x88, 0x8d, 0xf2, 0x05, 0xf2, 0x00, 0x00,
    0x0d, 0x90, 0xca, 0x00, 0x00, 0x00, 0x6e, 0x10,

    /* U+00C3 LATIN CAPITAL LETTER A WITH TILDE */
    0x00, 0x04, 0x50, 0x14, 0x00, 0x00, 0x02, 0xd8, 0xca, 0x80, 0x00, 0x00, 0x23, 0x03, 0x50, 0x00,
    0x00, 0x00, 0x09, 0xb0, 0x00, 0x00, 0x00, 0x03, 0xff, 0x60, 0x00, 0x00, 0x00, 0x9b, 0x8d, 0x00,
    0x00, 0x00, 0x1f, 0x41, 0xf5, 0x00, 0x00, 0x08, 0xd0, 0x09, 0xb0, 0x00, 0x01, 0xe6, 0x00, 0x3f,
    0x30, 0x00, 0x7f, 0x99, 0x99, 0xfa, 0x00, 0x0d, 0xf8, 0x88, 0x8d, 0xf2, 0x05, 0xf2, 0x00, 0x00,
    0x0d, 0x90, 0xca, 0x00, 0x00, 0x00, 0x6e, 0x10,

    /* U+00C4 LATIN CAPITAL LETTER A WITH DIAERESIS */
    0x00, 0x01, 0x00, 0x10, 0x00, 0x00, 0x00, 0xb8, 0x2f, 0x20, 0x00, 0x00, 0x02, 0x10, 0x20, 0x00,
    0x00, 0x00, 0x09, 0xb0, 0x00, 0x00, 0x00, 0x03, 0xff, 0x60, 0x00, 0x00, 0x00, 0x9b, 0x8d, 0x00,
    0x00, 0x00, 0x1f, 0x41, 0xf5, 0x00, 0x00, 0x08, 0xd0, 0x09, 0xb0, 0x00, 0x01, 0xe6, 0x00, 0x3f,
    0x30, 0x00, 0x7f, 0x99, 0x99, 0xfa, 0x00, 0x0d, 0xf8, 0x88, 0x8d, 0xf2, 0x05, 0xf2, 0x00, 0x00,
    0x0d, 0x90, 0xca, 0x00, 0x00, 0x00, 0x6e, 0x10,

    /* U+00C5 LATIN CAPITAL LETTER A WITH RING ABOVE */
    0x00, 0x00, 0x24, 0x00, 0x00, 0x00, 0x00, 0x29, 0x57, 0x00, 0x00, 0x00, 0x04, 0x61, 0x90, 0x00,
    0x00, 0x00, 0x06, 0x82, 0x00, 0x00, 0x00, 0x00, 0x9b, 0x00, 0x00, 0x00, 0x00, 0x3f, 0xf6, 0x00,
    0x00, 0x00, 0x09, 0xb8, 0xd0, 0x00, 0x00, 0x01, 0xf4, 0x1f, 0x50, 0x00, 0x00, 0x8d, 0x00, 0x9b,
    0x00, 0x00, 0x1e, 0x60, 0x03, 0xf3, 0x00, 0x07, 0xf9, 0x99, 0x9f, 0xa0, 0x00, 0xdf, 0x88, 0x88,
    0xdf, 0x20, 0x5f, 0x20, 0x00, 0x00, 0xd9, 0x0c, 0xa0, 0x00, 0x00, 0x06, 0xe1,

    /* U+00C6 LATIN CAPITAL LETTER AE */
    0x00, 0x00, 0x05, 0xff, 0xcc, 0xcc, 0xc8, 0x00, 0x00, 0x1d, 0xff, 0x76, 0x66, 0x64, 0x00, 0x00,
    0x8c, 0x4f, 0x20, 0x00, 0x00, 0x00, 0x02, 0xf4, 0x4f, 0x20, 0x00, 0x00, 0x00, 0x0b, 0xa0, 0x4f,
    0xb9, 0x99, 0x91, 0x00, 0x5e, 0x20, 0x4f, 0xb9, 0x99, 0x91, 0x01, 0xff, 0x99, 0xcf, 0x20, 0x00,
    0x00, 0x08, 0xf9, 0x88, 0xcf, 0x20, 0x00, 0x00, 0x2f, 0x50, 0x00, 0x4f, 0x53, 0x33, 0x33, 0xbb,
    0x00, 0x00, 0x4f, 0xff, 0xff, 0xfd,

    /* U+00C7 LATIN CAPITAL LETTER C WITH CEDILLA */
    0x00, 0x06, 0xbd, 0xda, 0x30, 0x01, 0xbf, 0x96, 0x6a, 0xf5, 0x09, 0xe3, 0x00, 0x00, 0x40, 0x1f,
    0x70, 0x00, 0x00, 0x00, 0x4f, 0x20, 0x00, 0x00, 0x00, 0x4f, 0x20, 0x00, 0x00, 0x00, 0x2f, 0x50,
    0x00, 0x00, 0x00, 0x0b, 0xd1, 0x00, 0x00, 0x20, 0x02, 0xde, 0x63, 0x37, 0xe5, 0x00, 0x19, 0xef,
    0xfd, 0x60, 0x00, 0x00, 0x06, 0x90, 0x00, 0x00, 0x00, 0x02, 0xa7, 0x00, 0x00, 0x00, 0x3a, 0xd5,
    0x00, 0x00, 0x00, 0x01, 0x10, 0x00,

    /* U+00C8 LATIN CAPITAL LETTER E WITH GRAVE */
    0x01, 0x53, 0x00, 0x00, 0x00, 0x5e, 0x40, 0x00, 0x00, 0x03, 0x70, 0x00, 0x6c, 0xcc, 0xcc, 0xc5,
    0x8e, 0x66, 0x66, 0x62, 0x8d, 0x00, 0x00, 0x00, 0x8d, 0x00, 0x00, 0x00, 0x8f, 0x99, 0x99, 0x70,
    0x8f, 0x99, 0x99, 0x70, 0x8d, 0x00, 0x00, 0x00, 0x8d, 0x00, 0x00, 0x00, 0x8d, 0x33, 0x33, 0x32,
    0x8f, 0xff, 0xff, 0xf9,

    /* U+00C9 LATIN CAPITAL LETTER E WITH ACUTE */
    0x00, 0x00, 0x15, 0x30, 0x00, 0x01, 0xba, 0x10, 0x00, 0x04, 0x60, 0x00, 0x6c, 0xcc, 0xcc, 0xc5,
    0x8e, 0x66, 0x66, 0x62, 0x8d, 0x00, 0x00, 0x00, 0x8d, 0x00, 0x00, 0x00, 0x8f, 0x99, 0x99, 0x70,
    0x8f, 0x99, 0x99, 0x70, 0x8d, 0x00, 0x00, 0x00, 0x8d, 0x00, 0x00, 0x00, 0x8d, 0x33, 0x33, 0x32,
    0x8f, 0xff, 0xff, 0xf9,

    /* U+00CA LATIN CAPITAL LETTER E WITH CIRCUMFLEX */
    0x00, 0x03, 0x50, 0x00, 0x00, 0x5e, 0xda, 0x00, 0x01, 0x72, 0x06, 0x30, 0x6c, 0xcc, 0xcc, 0xc5,
    0x8e, 0x66, 0x66, 0x62, 0x8d, 0x00, 0x00, 0x00, 0x8d, 0x00, 0x00, 0x00, 0x8f, 0x99, 0x99, 0x70,
    0x8f, 0x99, 0x99, 0x70, 0x8d, 0x00, 0x00, 0x00, 0x8d, 0x00, 0x00, 0x00, 0x8d, 0x33, 0x33, 0x32,
    0x8f, 0xff, 0xff, 0xf9,

    /* U+00CB LATIN CAPITAL LETTER E WITH DIAERESIS */
    0x00, 0x10, 0x01, 0x00, 0x00, 0xb8, 0x2f, 0x20, 0x00, 0x21, 0x02, 0x00, 0x6c, 0xcc, 0xcc, 0xc5,
    0x8e, 0x66, 0x66, 0x62, 0x8d, 0x00, 0x00, 0x00, 0x8d, 0x00, 0x00, 0x00, 0x8f, 0x99, 0x99, 0x70,
    0x8f, 0x99, 0x99, 0x70, 0x8d, 0x00, 0x00, 0x00, 0x8d, 0x00, 0x00, 0x00, 0x8d, 0x33, 0x33, 0x32,
    0x8f, 0xff, 0xff, 0xf9,

    /* U+00CC LATIN CAPITAL LETTER I WITH GRAVE */
    0x15, 0x30, 0x05, 0xe4, 0x00, 0x37, 0x00, 0x6a, 0x00, 0x8d, 0x00, 0x8d, 0x00, 0x8d, 0x00, 0x8d,
    0x00, 0x8d, 0x00, 0x8d, 0x00, 0x8d, 0x00, 0x8d, 0x00, 0x8d,

    /* U+00CD LATIN CAPITAL LETTER I WITH ACUTE */
    0x01, 0x53, 0x1b, 0xa1, 0x46, 0x00, 0x6a, 0x00, 0x8d, 0x00, 0x8d, 0x00, 0x8d, 0x00, 0x8d, 0x00,
    0x8d, 0x00, 0x8d, 0x00, 0x8d, 0x00, 0x8d, 0x00, 0x8d, 0x00,

    /* U+00CE LATIN CAPITAL LETTER I WITH CIRCUMFLEX */
    0x00, 0x35, 0x00, 0x05, 0xed, 0xa0, 0x17, 0x20, 0x63, 0x00, 0x6a, 0x00, 0x00, 0x8d, 0x00, 0x00,
    0x8d, 0x00, 0x00, 0x8d, 0x00, 0x00, 0x8d, 0x00, 0x00, 0x8d, 0x00, 0x00, 0x8d, 0x00, 0x00, 0x8d,
    0x00, 0x00, 0x8d, 0x00, 0x00, 0x8d, 0x00,

    /* U+00CF LATIN CAPITAL LETTER I WITH DIAERESIS */
    0x10, 0x01, 0x0b, 0x82, 0xf2, 0x21, 0x02, 0x00, 0x6a, 0x00, 0x08, 0xd0, 0x00, 0x8d, 0x00, 0x08,
    0xd0, 0x00, 0x8d, 0x00, 0x08, 0xd0, 0x00, 0x8d, 0x00, 0x08, 0xd0, 0x00, 0x8d, 0x00, 0x08, 0xd0,
    0x00,

    /* U+00D0 LATIN CAPITAL LETTER ETH */
    0x06, 0xcc, 0xcc, 0xb7, 0x20, 0x00, 0x8e, 0x66, 0x68, 0xde, 0x50, 0x08, 0xd0, 0x00, 0x00, 0x9f,
    0x30, 0x8d, 0x00, 0x00, 0x00, 0xd9, 0x5f, 0xf8, 0x88, 0x00, 0x09, 0xc5, 0xff, 0x88, 0x80, 0x00,
    0x8d, 0x08, 0xd0, 0x00, 0x00, 0x0c, 0xa0, 0x8d, 0x00, 0x00, 0x06, 0xf4, 0x08, 0xd3, 0x33, 0x5a,
    0xf8, 0x00, 0x8f, 0xff, 0xfe, 0xa4, 0x00,

    /* U+00D1 LATIN CAPITAL LETTER N WITH TILDE */
    0x00, 0x45, 0x01, 0x40, 0x00, 0x2d, 0x8c, 0xa8, 0x00, 0x02, 0x30, 0x35, 0x00, 0x06, 0xb1, 0x00,
    0x00, 0x6b, 0x8f, 0xa0, 0x00, 0x08, 0xd8, 0xff, 0x70, 0x00, 0x8d, 0x8d, 0x7f, 0x40, 0x08, 0xd8,
    0xd0, 0xae, 0x20, 0x8d, 0x8d, 0x01, 0xcc, 0x18, 0xd8, 0xd0, 0x02, 0xea, 0x8d, 0x8d, 0x00, 0x04,
    0xff, 0xd8, 0xd0, 0x00, 0x07, 0xfd, 0x8d, 0x00, 0x00, 0x0a, 0xd0,

    /* U+00D2 LATIN CAPITAL LETTER O WITH GRAVE */
    0x00, 0x01, 0x53, 0x00, 0x00, 0x00, 0x00, 0x00, 0x5e, 0x40, 0x00, 0x00, 0x00, 0x00, 0x03, 0x70,
    0x00, 0x00, 0x00, 0x06, 0xbd, 0xda, 0x40, 0x00, 0x00, 0xbf, 0x95, 0x6b, 0xf8, 0x00, 0x09, 0xe3,
    0x00, 0x00, 0x6f, 0x50, 0x1f, 0x70, 0x00, 0x00, 0x0a, 0xc0, 0x4f, 0x20, 0x00, 0x00, 0x06, 0xf1,
    0x4f, 0x20, 0x00, 0x00, 0x05, 0xf1, 0x2f, 0x50, 0x00, 0x00, 0x09, 0xd0, 0x0b, 0xd1, 0x00, 0x00,
    0x4f, 0x70, 0x02, 0xde, 0x63, 0x38, 0xfb, 0x00, 0x00, 0x19, 0xef, 0xfd, 0x70, 0x00, 0x00, 0x00,
    0x01, 0x10, 0x00, 0x00,

    /* U+00D3 LATIN CAPITAL LETTER O WITH ACUTE */
    0x00, 0x00, 0x00, 0x15, 0x30, 0x00, 0x00, 0x00, 0x01, 0xba, 0x10, 0x00, 0x00, 0x00, 0x04, 0x60,
    0x00, 0x00, 0x00, 0x06, 0xbd, 0xda, 0x40, 0x00, 0x00, 0xbf, 0x95, 0x6b, 0xf8, 0x00, 0x09, 0xe3,
    0x00, 0x00, 0x6f, 0x50, 0x1f, 0x70, 0x00, 0x00, 0x0a, 0xc0, 0x4f, 0x20, 0x00, 0x00, 0x06, 0xf1,
    0x4f, 0x20, 0x00, 0x00, 0x05, 0xf1, 0x2f, 0x50, 0x00, 0x00, 0x09, 0xd0, 0x0b, 0xd1, 0x00, 0x00,
    0x4f, 0x70, 0x02, 0xde, 0x63, 0x38, 0xfb, 0x00, 0x00, 0x19, 0xef, 0xfd, 0x70, 0x00, 0x00, 0x00,
    0x01, 0x10, 0x00, 0x00,

    /* U+00D4 LATIN CAPITAL LETTER O WITH CIRCUMFLEX */
    0x00, 0x00, 0x03, 0x50, 0x00, 0x00, 0x00, 0x00, 0x5e, 0xda, 0x00, 0x00, 0x00, 0x01, 0x72, 0x06,
    0x30, 0x00, 0x00, 0x06, 0xbd, 0xda, 0x40, 0x00, 0x00, 0xbf, 0x95, 0x6b, 0xf8, 0x00, 0x09, 0xe3,
    0x00, 0x00, 0x6f, 0x50, 0x1f, 0x70, 0x00, 0x00, 0x0a, 0xc0, 0x4f, 0x20, 0x00, 0x00, 0x06, 0xf1,
    0x4f, 0x20, 0x00, 0x00, 0x05, 0xf1, 0x2f, 0x50, 0x00, 0x00, 0x09, 0xd0, 0x0b, 0xd1, 0x00, 0x00,
    0x4f, 0x70, 0x02, 0xde, 0x63, 0x38, 0xfb, 0x00, 0x00, 0x19, 0xef, 0xfd, 0x70, 0x00, 0x00, 0x00,
    0x01, 0x10, 0x00, 0x00,

    /* U+00D5 LATIN CAPITAL LETTER O WITH TILDE */
    0x00, 0x00, 0x45, 0x01, 0x40, 0x00, 0x00, 0x02, 0xd8, 0xca, 0x80, 0x00, 0x00, 0x02, 0x30, 0x35,
    0x00, 0x00, 0x00, 0x06, 0xbd, 0xda, 0x40, 0x00, 0x00, 0xbf, 0x95, 0x6b, 0xf8, 0x00, 0x09, 0xe3,
    0x00, 0x00, 0x6f, 0x50, 0x1f, 0x70, 0x00, 0x00, 0x0a, 0xc0, 0x4f, 0x20, 0x00, 0x00, 0x06, 0xf1,
    0x4f, 0x20, 0x00, 0x00, 0x05, 0xf1, 0x2f, 0x50, 0x00, 0x00, 0x09, 0xd0, 0x0b, 0xd1, 0x00, 0x00,
    0x4f, 0x70, 0x02, 0xde, 0x63, 0x38, 0xfb, 0x00, 0x00, 0x19, 0xef, 0xfd, 0x70, 0x00, 0x00, 0x00,
    0x01, 0x10, 0x00, 0x00,

    /* U+00D6 LATIN CAPITAL LETTER O WITH DIAERESIS */
    0x00, 0x00, 0x10, 0x01, 0x00, 0x00, 0x00, 0x00, 0xb8, 0x2f, 0x20, 0x00, 0x00, 0x00, 0x21, 0x02,
    0x00, 0x00, 0x00, 0x06, 0xbd, 0xda, 0x40, 0x00, 0x00, 0xbf, 0x95, 0x6b, 0xf8, 0x00, 0x09, 0xe3,
    0x00, 0x00, 0x6f, 0x50, 0x1f, 0x70, 0x00, 0x00, 0x0a, 0xc0, 0x4f, 0x20, 0x00, 0x00, 0x06, 0xf1,
    0x4f, 0x20, 0x00, 0x00, 0x05, 0xf1, 0x2f, 0x50, 0x00, 0x00, 0x09, 0xd0, 0x0b, 0xd1, 0x00, 0x00,
    0x4f, 0x70, 0x02, 0xde, 0x63, 0x38, 0xfb, 0x00, 0x00, 0x19, 0xef, 0xfd, 0x70, 0x00, 0x00, 0x00,
    0x01, 0x10, 0x00, 0x00,

    /* U+00D7 MULTIPLICATION SIGN */
    0x03, 0x00, 0x31, 0x3e, 0x43, 0xe5, 0x05, 0xff, 0x70, 0x03, 0xff, 0x40, 0x2e, 0x75, 0xe4, 0x26,
    0x00, 0x53,

    /* U+00D8 LATIN CAPITAL LETTER O WITH STROKE */
    0x00, 0x00, 0x00, 0x00, 0xa3, 0x00, 0x00, 0x06, 0xbd, 0xdf, 0xf0, 0x00, 0x00, 0xbf, 0x95, 0x7f,
    0xf8, 0x00, 0x09, 0xe3, 0x00, 0x7a, 0x6f, 0x50, 0x1f, 0x70, 0x01, 0xe2, 0x0a, 0xc0, 0x4f, 0x20,
    0x09, 0x90, 0x06, 0xf1, 0x4f, 0x20, 0x2e, 0x10, 0x05, 0xf1, 0x2f, 0x50, 0xa7, 0x00, 0x09, 0xd0,
    0x0b, 0xd5, 0xe1, 0x00, 0x4f, 0x70, 0x02, 0xdf, 0xc3, 0x38, 0xfb, 0x00, 0x00, 0x6f, 0xef, 0xfd,
    0x70, 0x00, 0x00, 0xd4, 0x01, 0x10, 0x00, 0x00,

    /* U+00D9 LATIN CAPITAL LETTER U WITH GRAVE */
    0x01, 0x53, 0x00, 0x00, 0x00, 0x05, 0xe4, 0x00, 0x00, 0x00, 0x03, 0x70, 0x00, 0x07, 0x90, 0x00,
    0x00, 0x88, 0x9c, 0x00, 0x00, 0x0a, 0xa9, 0xc0, 0x00, 0x00, 0xaa, 0x9c, 0x00, 0x00, 0x0a, 0xa9,
    0xc0, 0x00, 0x00, 0xaa, 0x9c, 0x00, 0x00, 0x0a, 0xa8, 0xd0, 0x00, 0x00, 0xc9, 0x5f, 0x30, 0x00,
    0x2f, 0x60, 0xdd, 0x53, 0x5c, 0xd1, 0x02, 0xaf, 0xff, 0xb2, 0x00, 0x00, 0x01, 0x00, 0x00,

    /* U+00DA LATIN CAPITAL LETTER U WITH ACUTE */
    0x00, 0x00, 0x15, 0x30, 0x00, 0x00, 0x1b, 0xa1, 0x00, 0x00, 0x04, 0x60, 0x00, 0x07, 0x90, 0x00,
    0x00, 0x88, 0x9c, 0x00, 0x00, 0x0a, 0xa9, 0xc0, 0x00, 0x00, 0xaa, 0x9c, 0x00, 0x00, 0x0a, 0xa9,
    0xc0, 0x00, 0x00, 0xaa, 0x9c, 0x00, 0x00, 0x0a, 0xa8, 0xd0, 0x00, 0x00, 0xc9, 0x5f, 0x30, 0x00,
    0x2f, 0x60, 0xdd, 0x53, 0x5c, 0xd1, 0x02, 0xaf, 0xff, 0xb2, 0x00, 0x00, 0x01, 0x00, 0x00,

    /* U+00DB LATIN CAPITAL LETTER U WITH CIRCUMFLEX */
    0x00, 0x03, 0x50, 0x00, 0x00, 0x05, 0xed, 0xa0, 0x00, 0x01, 0x72, 0x06, 0x30, 0x07, 0x90, 0x00,
    0x00, 0x88, 0x9c, 0x00, 0x00, 0x0a, 0xa9, 0xc0, 0x00, 0x00, 0xaa, 0x9c, 0x00, 0x00, 0x0a, 0xa9,
    0xc0, 0x00, 0x00, 0xaa, 0x9c, 0x00, 0x00, 0x0a, 0xa8, 0xd0, 0x00, 0x00, 0xc9, 0x5f, 0x30, 0x00,
    0x2f, 0x60, 0xdd, 0x53, 0x5c, 0xd1, 0x02, 0xaf, 0xff, 0xb2, 0x00, 0x00, 0x01, 0x00, 0x00,

    /* U+00DC LATIN CAPITAL LETTER U WITH DIAERESIS */
    0x00, 0x10, 0x01, 0x00, 0x00, 0x0b, 0x82, 0xf2, 0x00, 0x00, 0x21, 0x02, 0x00, 0x07, 0x90, 0x00,
    0x00, 0x88, 0x9c, 0x00, 0x00, 0x0a, 0xa9, 0xc0, 0x00, 0x00, 0xaa, 0x9c, 0x00, 0x00, 0x0a, 0xa9,
    0xc0, 0x00, 0x00, 0xaa, 0x9c, 0x00, 0x00, 0x0a, 0xa8, 0xd0, 0x00, 0x00, 0xc9, 0x5f, 0x30, 0x00,
    0x2f, 0x60, 0xdd, 0x53, 0x5c, 0xd1, 0x02, 0xaf, 0xff, 0xb2, 0x00, 0x00, 0x01, 0x00, 0x00,

    /* U+00DD LATIN CAPITAL LETTER Y WITH ACUTE */
    0x00, 0x00, 0x15, 0x30, 0x00, 0x00, 0x1b, 0xa1, 0x00, 0x00, 0x04, 0x60, 0x00, 0x0a, 0x80, 0x00,
    0x00, 0x6a, 0x4f, 0x30, 0x00, 0x2e, 0x50, 0xac, 0x00, 0x0a, 0xb0, 0x01, 0xe7, 0x04, 0xf2, 0x00,
    0x07, 0xe2, 0xd7, 0x00, 0x00, 0x0c, 0xfd, 0x00, 0x00, 0x00, 0x5f, 0x60, 0x00, 0x00, 0x03, 0xf3,
    0x00, 0x00, 0x00, 0x3f, 0x30, 0x00, 0x00, 0x03, 0xf3, 0x00, 0x00,

    /* U+00DE LATIN CAPITAL LETTER THORN */
    0x6a, 0x00, 0x00, 0x00, 0x08, 0xf9, 0x99, 0x72, 0x00, 0x8f, 0x99, 0xad, 0xf6, 0x08, 0xd0, 0x00,
    0x08, 0xf2, 0x8d, 0x00, 0x00, 0x1f, 0x58, 0xd0, 0x00, 0x02, 0xf4, 0x8d, 0x00, 0x03, 0xbe, 0x18,
    0xfe, 0xef, 0xfc, 0x30, 0x8f, 0x44, 0x32, 0x00, 0x08, 0xd0, 0x00, 0x00, 0x00,

    /* U+00DF LATIN SMALL LETTER SHARP S */
    0x00, 0x46, 0x61, 0x00, 0x0b, 0xeb, 0xde, 0x50, 0x6e, 0x20, 0x09, 0xd0, 0xaa, 0x00, 0x05, 0xe0,
    0xb9, 0x00, 0x1b, 0xa0, 0xb9, 0x06, 0xff, 0x30, 0xb9, 0x03, 0x6a, 0xf4, 0xb9, 0x00, 0x00, 0xab,
    0xb9, 0x00, 0x00, 0x8c, 0xb9, 0x02, 0x25, 0xe8, 0xb9, 0x1f, 0xfe, 0x80, 0x00, 0x00, 0x10, 0x00,

    /* U+00E0 LATIN SMALL LETTER A WITH GRAVE */
    0x01, 0x53, 0x00, 0x00, 0x00, 0x5e, 0x40, 0x00, 0x00, 0x03, 0x70, 0x00, 0x00, 0x46, 0x63, 0x00,
    0x0c, 0xeb, 0xcf, 0x70, 0x04, 0x00, 0x07, 0xf0, 0x00, 0x24, 0x47, 0xf2, 0x0a, 0xeb, 0xbd, 0xf2,
    0x3f, 0x20, 0x03, 0xf2, 0x3f, 0x50, 0x2d, 0xf2, 0x07, 0xef, 0xe8, 0xf2, 0x00, 0x01, 0x00, 0x00,

    /* U+00E1 LATIN SMALL LETTER A WITH ACUTE */
    0x00, 0x00, 0x15, 0x30, 0x00, 0x01, 0xba, 0x10, 0x00, 0x04, 0x60, 0x00, 0x00, 0x46, 0x63, 0x00,
    0x0c, 0xeb, 0xcf, 0x70, 0x04, 0x00, 0x07, 0xf0, 0x00, 0x24, 0x47, 0xf2, 0x0a, 0xeb, 0xbd, 0xf2,
    0x3f, 0x20, 0x03, 0xf2, 0x3f, 0x50, 0x2d, 0xf2, 0x07, 0xef, 0xe8, 0xf2, 0x00, 0x01, 0x00, 0x00,

    /* U+00E2 LATIN SMALL LETTER A WITH CIRCUMFLEX */
    0x00, 0x03, 0x50, 0x00, 0x00, 0x5e, 0xda, 0x00, 0x01, 0x72, 0x06, 0x30, 0x00, 0x46, 0x63, 0x00,
    0x0c, 0xeb, 0xcf, 0x70, 0x04, 0x00, 0x07, 0xf0, 0x00, 0x24, 0x47, 0xf2, 0x0a, 0xeb, 0xbd, 0xf2,
    0x3f, 0x20, 0x03, 0xf2, 0x3f, 0x50, 0x2d, 0xf2, 0x07, 0xef, 0xe8, 0xf2, 0x00, 0x01, 0x00, 0x00,

    /* U+00E3 LATIN SMALL LETTER A WITH TILDE */
    0x00, 0x13, 0x01, 0x20, 0x00, 0xca, 0xaa, 0x60, 0x01, 0x40, 0x46, 0x00, 0x00, 0x46, 0x63, 0x00,
    0x0c, 0xeb, 0xcf, 0x70, 0x04, 0x00, 0x07, 0xf0, 0x00, 0x24, 0x47, 0xf2, 0x0a, 0xeb, 0xbd, 0xf2,
    0x3f, 0x20, 0x03, 0xf2, 0x3f, 0x50, 0x2d, 0xf2, 0x07, 0xef, 0xe8, 0xf2, 0x00, 0x01, 0x00, 0x00,

    /* U+00E4 LATIN SMALL LETTER A WITH DIAERESIS */
    0x00, 0x10, 0x01, 0x00, 0x00, 0xb8, 0x2f, 0x20, 0x00, 0x21, 0x02, 0x00, 0x00, 0x46, 0x63, 0x00,
    0x0c, 0xeb, 0xcf, 0x70, 0x04, 0x00, 0x07, 0xf0, 0x00, 0x24, 0x47, 0xf2, 0x0a, 0xeb, 0xbd, 0xf2,
    0x3f, 0x20, 0x03, 0xf2, 0x3f, 0x50, 0x2d, 0xf2, 0x07, 0xef, 0xe8, 0xf2, 0x00, 0x01, 0x00, 0x00,

    /* U+00E5 LATIN SMALL LETTER A WITH RING ABOVE */
    0x00, 0x02, 0x40, 0x00, 0x00, 0x29, 0x57, 0x00, 0x00, 0x46, 0x19, 0x00, 0x00, 0x06, 0x82, 0x00,
    0x00, 0x46, 0x63, 0x00, 0x0c, 0xeb, 0xcf, 0x70, 0x04, 0x00, 0x07, 0xf0, 0x00, 0x24, 0x47, 0xf2,
    0x0a, 0xeb, 0xbd, 0xf2, 0x3f, 0x20, 0x03, 0xf2, 0x3f, 0x50, 0x2d, 0xf2, 0x07, 0xef, 0xe8, 0xf2,
    0x00, 0x01, 0x00, 0x00,

    /* U+00E6 LATIN SMALL LETTER AE */
    0x00, 0x46, 0x73, 0x00, 0x57, 0x51, 0x00, 0x0c, 0xeb, 0xcf, 0x8c, 0xda, 0xdd, 0x20, 0x04, 0x00,
    0x07, 0xfb, 0x00, 0x09, 0xc0, 0x00, 0x24, 0x47, 0xf8, 0x44, 0x46, 0xf2, 0x0a, 0xeb, 0xbe, 0xfe,
    0xbb, 0xbb, 0xb3, 0x4f, 0x20, 0x04, 0xf6, 0x00, 0x00, 0x00, 0x2f, 0x60, 0x2b, 0xfe, 0x62, 0x3a,
    0x60, 0x06, 0xef, 0xe9, 0x17, 0xdf, 0xfb, 0x20, 0x00, 0x01, 0x00, 0x00, 0x01, 0x00, 0x00,

    /* U+00E7 LATIN SMALL LETTER C WITH CEDILLA */
    0x00, 0x15, 0x75, 0x10, 0x04, 0xed, 0xbe, 0xd2, 0x1e, 0x90, 0x00, 0x82, 0x5f, 0x10, 0x00, 0x00,
    0x6f, 0x00, 0x00, 0x00, 0x3f, 0x40, 0x00, 0x00, 0x0b, 0xe5, 0x25, 0xe4, 0x01, 0x8e, 0xfe, 0x80,
    0x00, 0x05, 0x90, 0x00, 0x00, 0x02, 0xa7, 0x00, 0x00, 0x3a, 0xd5, 0x00, 0x00, 0x01, 0x10, 0x00,

    /* U+00E8 LATIN SMALL LETTER E WITH GRAVE */
    0x01, 0x53, 0x00, 0x00, 0x00, 0x5e, 0x40, 0x00, 0x00, 0x03, 0x70, 0x00, 0x00, 0x16, 0x74, 0x00,
    0x04, 0xec, 0xae, 0xc1, 0x1e, 0x80, 0x01, 0xd8, 0x5f, 0x44, 0x44, 0x9e, 0x6f, 0xbb, 0xbb, 0xbb,
    0x3f, 0x30, 0x00, 0x00, 0x0b, 0xd5, 0x24, 0xb3, 0x01, 0x8e, 0xfe, 0xa1, 0x00, 0x00, 0x10, 0x00,

    /* U+00E9 LATIN SMALL LETTER E WITH ACUTE */
    0x00, 0x00, 0x15, 0x30, 0x00, 0x01, 0xba, 0x10, 0x00, 0x04, 0x60, 0x00, 0x00, 0x16, 0x74, 0x00,
    0x04, 0xec, 0xae, 0xc1, 0x1e, 0x80, 0x01, 0xd8, 0x5f, 0x44, 0x44, 0x9e, 0x6f, 0xbb, 0xbb, 0xbb,
    0x3f, 0x30, 0x00, 0x00, 0x0b, 0xd5, 0x24, 0xb3, 0x01, 0x8e, 0xfe, 0xa1, 0x00, 0x00, 0x10, 0x00,

    /* U+00EA LATIN SMALL LETTER E WITH CIRCUMFLEX */
    0x00, 0x03, 0x50, 0x00, 0x00, 0x5e, 0xda, 0x00, 0x01, 0x72, 0x06, 0x30, 0x00, 0x16, 0x74, 0x00,
    0x04, 0xec, 0xae, 0xc1, 0x1e, 0x80, 0x01, 0xd8, 0x5f, 0x44, 0x44, 0x9e, 0x6f, 0xbb, 0xbb, 0xbb,
    0x3f, 0x30, 0x00, 0x00, 0x0b, 0xd5, 0x24, 0xb3, 0x01, 0x8e, 0xfe, 0xa1, 0x00, 0x00, 0x10, 0x00,

    /* U+00EB LATIN SMALL LETTER E WITH DIAERESIS */
    0x00, 0x10, 0x01, 0x00, 0x00, 0xb8, 0x2f, 0x20, 0x00, 0x21, 0x02, 0x00, 0x00, 0x16, 0x74, 0x00,
    0x04, 0xec, 0xae, 0xc1, 0x1e, 0x80, 0x01, 0xd8, 0x5f, 0x44, 0x44, 0x9e, 0x6f, 0xbb, 0xbb, 0xbb,
    0x3f, 0x30, 0x00, 0x00, 0x0b, 0xd5, 0x24, 0xb3, 0x01, 0x8e, 0xfe, 0xa1, 0x00, 0x00, 0x10, 0x00,

    /* U+00EC LATIN SMALL LETTER I WITH GRAVE */
    0x15, 0x30, 0x05, 0xe4, 0x00, 0x37, 0x00, 0x54, 0x00, 0xb9, 0x00, 0xb9, 0x00, 0xb9, 0x00, 0xb9,
    0x00, 0xb9, 0x00, 0xb9, 0x00, 0xb9,

    /* U+00ED LATIN SMALL LETTER I WITH ACUTE */
    0x01, 0x53, 0x1b, 0xa1, 0x46, 0x00, 0x54, 0x00, 0xb9, 0x00, 0xb9, 0x00, 0xb9, 0x00, 0xb9, 0x00,
    0xb9, 0x00, 0xb9, 0x00, 0xb9, 0x00,

    /* U+00EE LATIN SMALL LETTER I WITH CIRCUMFLEX */
    0x03, 0x50, 0x03, 0xee, 0x80, 0x63, 0x17, 0x10, 0x54, 0x00, 0x0b, 0x90, 0x00, 0xb9, 0x00, 0x0b,
    0x90, 0x00, 0xb9, 0x00, 0x0b, 0x90, 0x00, 0xb9, 0x00, 0x0b, 0x90, 0x00,

    /* U+00EF LATIN SMALL LETTER I WITH DIAERESIS */
    0x01, 0x01, 0x6c, 0x6c, 0x02, 0x02, 0x05, 0x40, 0x0b, 0x90, 0x0b, 0x90, 0x0b, 0x90, 0x0b, 0x90,
    0x0b, 0x90, 0x0b, 0x90, 0x0b, 0x90,

    /* U+00F0 LATIN SMALL LETTER ETH */
    0x00, 0x41, 0x00, 0x00, 0x00, 0xae, 0x67, 0xb0, 0x00, 0x1c, 0xfd, 0x10, 0x03, 0xc5, 0x3e, 0x40,
    0x00, 0x02, 0x16, 0xd0, 0x06, 0xee, 0xea, 0xe5, 0x2f, 0x70, 0x06, 0xf9, 0x6e, 0x00, 0x00, 0xda,
    0x5f, 0x10, 0x00, 0xd8, 0x1e, 0xa2, 0x29, 0xe2, 0x03, 0xcf, 0xfb, 0x30,

    /* U+00F1 LATIN SMALL LETTER N WITH TILDE */
    0x00, 0x13, 0x01, 0x20, 0x00, 0xca, 0xaa, 0x60, 0x01, 0x40, 0x46, 0x00, 0x54, 0x26, 0x74, 0x00,
    0xbc, 0xec, 0xcf, 0x90, 0xbf, 0x30, 0x06, 0xf2, 0xbb, 0x00, 0x01, 0xf5, 0xb9, 0x00, 0x00, 0xf5,
    0xb9, 0x00, 0x00, 0xf5, 0xb9, 0x00, 0x00, 0xf5, 0xb9, 0x00, 0x00, 0xf5,

    /* U+00F2 LATIN SMALL LETTER O WITH GRAVE */
    0x01, 0x53, 0x00, 0x00, 0x00, 0x05, 0xe4, 0x00, 0x00, 0x00, 0x03, 0x70, 0x00, 0x00, 0x01, 0x57,
    0x51, 0x00, 0x04, 0xed, 0xbe, 0xd3, 0x01, 0xe9, 0x00, 0x0b, 0xd0, 0x5f, 0x10, 0x00, 0x3f, 0x36,
    0xf0, 0x00, 0x01, 0xf4, 0x3f, 0x40, 0x00, 0x5f, 0x10, 0xbe, 0x52, 0x5e, 0x90, 0x01, 0x9e, 0xfe,
    0x80, 0x00, 0x00, 0x01, 0x00, 0x00,

    /* U+00F3 LATIN SMALL LETTER O WITH ACUTE */
    0x00, 0x00, 0x15, 0x30, 0x00, 0x00, 0x1b, 0xa1, 0x00, 0x00, 0x04, 0x60, 0x00, 0x00, 0x01, 0x57,
    0x51, 0x00, 0x04, 0xed, 0xbe, 0xd3, 0x01, 0xe9, 0x00, 0x0b, 0xd0, 0x5f, 0x10, 0x00, 0x3f, 0x36,
    0xf0, 0x00, 0x01, 0xf4, 0x3f, 0x40, 0x00, 0x5f, 0x10, 0xbe, 0x52, 0x5e, 0x90, 0x01, 0x9e, 0xfe,
    0x80, 0x00, 0x00, 0x01, 0x00, 0x00,

    /* U+00F4 LATIN SMALL LETTER O WITH CIRCUMFLEX */
    0x00, 0x03, 0x50, 0x00, 0x00, 0x05, 0xed, 0xa0, 0x00, 0x01, 0x72, 0x06, 0x30, 0x00, 0x01, 0x57,
    0x51, 0x00, 0x04, 0xed, 0xbe, 0xd3, 0x01, 0xe9, 0x00, 0x0b, 0xd0, 0x5f, 0x10, 0x00, 0x3f, 0x36,
    0xf0, 0x00, 0x01, 0xf4, 0x3f, 0x40, 0x00, 0x5f, 0x10, 0xbe, 0x52, 0x5e, 0x90, 0x01, 0x9e, 0xfe,
    0x80, 0x00, 0x00, 0x01, 0x00, 0x00,

    /* U+00F5 LATIN SMALL LETTER O WITH TILDE */
    0x00, 0x13, 0x01, 0x20, 0x00, 0x0c, 0xaa, 0xa6, 0x00, 0x01, 0x40, 0x46, 0x00, 0x00, 0x01, 0x57,
    0x51, 0x00, 0x04, 0xed, 0xbe, 0xd3, 0x01, 0xe9, 0x00, 0x0b, 0xd0, 0x5f, 0x10, 0x00, 0x3f, 0x36,
    0xf0, 0x00, 0x01, 0xf4, 0x3f, 0x40, 0x00, 0x5f, 0x10, 0xbe, 0x52, 0x5e, 0x90, 0x01, 0x9e, 0xfe,
    0x80, 0x00, 0x00, 0x01, 0x00, 0x00,

    /* U+00F6 LATIN SMALL LETTER O WITH DIAERESIS */
    0x00, 0x10, 0x01, 0x00, 0x00, 0x0b, 0x82, 0xf2, 0x00, 0x00, 0x21, 0x02, 0x00, 0x00, 0x01, 0x57,
    0x51, 0x00, 0x04, 0xed, 0xbe, 0xd3, 0x01, 0xe9, 0x00, 0x0b, 0xd0, 0x5f, 0x10, 0x00, 0x3f, 0x36,
    0xf0, 0x00, 0x01, 0xf4, 0x3f, 0x40, 0x00, 0x5f, 0x10, 0xbe, 0x52, 0x5e, 0x90, 0x01, 0x9e, 0xfe,
    0x80, 0x00, 0x00, 0x01, 0x00, 0x00,

    /* U+00F7 DIVISION SIGN */
    0x00, 0x03, 0x40, 0x00, 0x00, 0x09, 0xc0, 0x00, 0x00, 0x00, 0x10, 0x00, 0x07, 0x77, 0x77, 0x71,
    0x1a, 0xaa, 0xaa, 0xa2, 0x00, 0x00, 0x00, 0x00, 0x00, 0x08, 0xa0, 0x00, 0x00, 0x05, 0x60, 0x00,

    /* U+00F8 LATIN SMALL LETTER O WITH STROKE */
    0x00, 0x00, 0x00, 0x31, 0x00, 0x01, 0x57, 0x7d, 0x00, 0x04, 0xed, 0xbf, 0xf3, 0x01, 0xe9, 0x02,
    0xdb, 0xd0, 0x5f, 0x10, 0x95, 0x3f, 0x36, 0xf0, 0x2c, 0x01, 0xf4, 0x3f, 0x4a, 0x50, 0x5f, 0x10,
    0xbf, 0xf2, 0x5e, 0x90, 0x01, 0xff, 0xfe, 0x80, 0x00, 0x3b, 0x01, 0x00, 0x00, 0x01, 0x10, 0x00,
    0x00, 0x00,

    /* U+00F9 LATIN SMALL LETTER U WITH GRAVE */
    0x01, 0x53, 0x00, 0x00, 0x00, 0x5e, 0x40, 0x00, 0x00, 0x03, 0x70, 0x00, 0x53, 0x00, 0x01, 0x61,
    0xc8, 0x00, 0x02, 0xf3, 0xc8, 0x00, 0x02, 0xf3, 0xc8, 0x00, 0x02, 0xf3, 0xc8, 0x00, 0x03, 0xf3,
    0xba, 0x00, 0x05, 0xf3, 0x7f, 0x62, 0x5e, 0xf3, 0x08, 0xef, 0xd6, 0xf3, 0x00, 0x01, 0x00, 0x00,

    /* U+00FA LATIN SMALL LETTER U WITH ACUTE */
    0x00, 0x00, 0x15, 0x30, 0x00, 0x01, 0xba, 0x10, 0x00, 0x04, 0x60, 0x00, 0x53, 0x00, 0x01, 0x61,
    0xc8, 0x00, 0x02, 0xf3, 0xc8, 0x00, 0x02, 0xf3, 0xc8, 0x00, 0x02, 0xf3, 0xc8, 0x00, 0x03, 0xf3,
    0xba, 0x00, 0x05, 0xf3, 0x7f, 0x62, 0x5e, 0xf3, 0x08, 0xef, 0xd6, 0xf3, 0x00, 0x01, 0x00, 0x00,

    /* U+00FB LATIN SMALL LETTER U WITH CIRCUMFLEX */
    0x00, 0x03, 0x50, 0x00, 0x00, 0x5e, 0xda, 0x00, 0x01, 0x72, 0x06, 0x30, 0x53, 0x00, 0x01, 0x61,
    0xc8, 0x00, 0x02, 0xf3, 0xc8, 0x00, 0x02, 0xf3, 0xc8, 0x00, 0x02, 0xf3, 0xc8, 0x00, 0x03, 0xf3,
    0xba, 0x00, 0x05, 0xf3, 0x7f, 0x62, 0x5e, 0xf3, 0x08, 0xef, 0xd6, 0xf3, 0x00, 0x01, 0x00, 0x00,

    /* U+00FC LATIN SMALL LETTER U WITH DIAERESIS */
    0x00, 0x10, 0x01, 0x00, 0x00, 0xb8, 0x2f, 0x20, 0x00, 0x21, 0x02, 0x00, 0x53, 0x00, 0x01, 0x61,
    0xc8, 0x00, 0x02, 0xf3, 0xc8, 0x00, 0x02, 0xf3, 0xc8, 0x00, 0x02, 0xf3, 0xc8, 0x00, 0x03, 0xf3,
    0xba, 0x00, 0x05, 0xf3, 0x7f, 0x62, 0x5e, 0xf3, 0x08, 0xef, 0xd6, 0xf3, 0x00, 0x01, 0x00, 0x00,

    /* U+00FD LATIN SMALL LETTER Y WITH ACUTE */
    0x00, 0x00, 0x01, 0x53, 0x00, 0x00, 0x01, 0xba, 0x10, 0x00, 0x00, 0x46, 0x00, 0x00, 0x63, 0x00,
    0x00, 0x45, 0x09, 0xc0, 0x00, 0x0d, 0x70, 0x3f, 0x30, 0x05, 0xe1, 0x00, 0xba, 0x00, 0xb8, 0x00,
    0x04, 0xf1, 0x3f, 0x20, 0x00, 0x0d, 0x89, 0xa0, 0x00, 0x00, 0x6f, 0xf3, 0x00, 0x00, 0x01, 0xfd,
    0x00, 0x00, 0x00, 0x1f, 0x50, 0x00, 0x1a, 0x6b, 0xc0, 0x00, 0x01, 0x8b, 0x91, 0x00, 0x00,

    /* U+00FE LATIN SMALL LETTER THORN */
    0x44, 0x00, 0x00, 0x00, 0xb9, 0x00, 0x00, 0x00, 0xb9, 0x00, 0x00, 0x00, 0xb9, 0x16, 0x74, 0x00,
    0xbd, 0xec, 0xbf, 0xb1, 0xbf, 0x40, 0x02, 0xe8, 0xcf, 0x00, 0x00, 0x8d, 0xdf, 0x00, 0x00, 0x7e,
    0xbf, 0x00, 0x00, 0xab, 0xbf, 0xa3, 0x28, 0xf4, 0xba, 0x9f, 0xfd, 0x50, 0xb9, 0x00, 0x10, 0x00,
    0xb9, 0x00, 0x00, 0x00, 0x87, 0x00, 0x00, 0x00,

    /* U+00FF LATIN SMALL LETTER Y WITH DIAERESIS */
    0x00, 0x01, 0x00, 0x10, 0x00, 0x00, 0xb8, 0x2f, 0x20, 0x00, 0x02, 0x10, 0x20, 0x00, 0x63, 0x00,
    0x00, 0x45, 0x09, 0xc0, 0x00, 0x0d, 0x70, 0x3f, 0x30, 0x05, 0xe1, 0x00, 0xba, 0x00, 0xb8, 0x00,
    0x04, 0xf1, 0x3f, 0x20, 0x00, 0x0d, 0x89, 0xa0, 0x00, 0x00, 0x6f, 0xf3, 0x00, 0x00, 0x01, 0xfd,
    0x00, 0x00, 0x00, 0x1f, 0x50, 0x00, 0x1a, 0x6b, 0xc0, 0x00, 0x01, 0x8b, 0x91, 0x00, 0x00,

    /* U+0100 LATIN CAPITAL LETTER A WITH MACRON */
    0x00, 0x1c, 0xcc, 0xc6, 0x00, 0x00, 0x00, 0x00, 0x00, 0x00, 0x00, 0x00, 0x00, 0x9b, 0x00, 0x00,
    0x00, 0x00, 0x3f, 0xf6, 0x00, 0x00, 0x00, 0x09, 0xb8, 0xd0, 0x00, 0x00, 0x01, 0xf4, 0x1f, 0x50,
    0x00, 0x00, 0x8d, 0x00, 0x9b, 0x00, 0x00, 0x1e, 0x60, 0x03, 0xf3, 0x00, 0x07, 0xf9, 0x99, 0x9f,
    0xa0, 0x00, 0xdf, 0x88, 0x88, 0xdf, 0x20, 0x5f, 0x20, 0x00, 0x00, 0xd9, 0x0c, 0xa0, 0x00, 0x00,
    0x06, 0xe1,

    /* U+0101 LATIN SMALL LETTER A WITH MACRON */
    0x01, 0xcc, 0xcc, 0x60, 0x00, 0x00, 0x00, 0x00, 0x00, 0x46, 0x63, 0x00, 0x0c, 0xeb, 0xcf, 0x70,
    0x04, 0x00, 0x07, 0xf0, 0x00, 0x24, 0x47, 0xf2, 0x0a, 0xeb, 0xbd, 0xf2, 0x3f, 0x20, 0x03, 0xf2,
    0x3f, 0x50, 0x2d, 0xf2, 0x07, 0xef, 0xe8, 0xf2, 0x00, 0x01, 0x00, 0x00,

    /* U+0102 LATIN CAPITAL LETTER A WITH BREVE */
    0x00, 0x04, 0x00, 0x22, 0x00, 0x00, 0x00, 0xc6, 0x4c, 0x30, 0x00, 0x00, 0x01, 0x78, 0x30, 0x00,
    0x00, 0x00, 0x09, 0xb0, 0x00, 0x00, 0x00, 0x03, 0xff, 0x60, 0x00, 0x00, 0x00, 0x9b, 0x8d, 0x00,
    0x00, 0x00, 0x1f, 0x41, 0xf5, 0x00, 0x00, 0x08, 0xd0, 0x09, 0xb0, 0x00, 0x01, 0xe6, 0x00, 0x3f,
    0x30, 0x00, 0x7f, 0x99, 0x99, 0xfa, 0x00, 0x0d, 0xf8, 0x88, 0x8d, 0xf2, 0x05, 0xf2, 0x00, 0x00,
    0x0d, 0x90, 0xca, 0x00, 0x00, 0x00, 0x6e, 0x10,

    /* U+0103 LATIN SMALL LETTER A WITH BREVE */
    0x00, 0x40, 0x02, 0x20, 0x00, 0xc6, 0x4c, 0x30, 0x00, 0x17, 0x83, 0x00, 0x00, 0x46, 0x63, 0x00,
    0x0c, 0xeb, 0xcf, 0x70, 0x04, 0x00, 0x07, 0xf0, 0x00, 0x24, 0x47, 0xf2, 0x0a, 0xeb, 0xbd, 0xf2,
    0x3f, 0x20, 0x03, 0xf2, 0x3f, 0x50, 0x2d, 0xf2, 0x07, 0xef, 0xe8, 0xf2, 0x00, 0x01, 0x00, 0x00,

    /* U+0104 LATIN CAPITAL LETTER A WITH OGONEK */
    0x00, 0x00, 0x9b, 0x00, 0x00, 0x00, 0x00, 0x3f, 0xf6, 0x00, 0x00, 0x00, 0x09, 0xb8, 0xd0, 0x00,
    0x00, 0x01, 0xf4, 0x1f, 0x50, 0x00, 0x00, 0x8d, 0x00, 0x9b, 0x00, 0x00, 0x1e, 0x60, 0x03, 0xf3,
    0x00, 0x07, 0xf9, 0x99, 0x9f, 0xa0, 0x00, 0xdf, 0x88, 0x88, 0xdf, 0x20, 0x5f, 0x20, 0x00, 0x00,
    0xd9, 0x0c, 0xa0, 0x00, 0x00, 0x06, 0xf2, 0x00, 0x00, 0x00, 0x00, 0x99, 0x10, 0x00, 0x00, 0x00,
    0x2d, 0x00, 0x00, 0x00, 0x00, 0x00, 0xcb, 0x70, 0x00, 0x00, 0x00, 0x00, 0x20,

    /* U+0105 LATIN SMALL LETTER A WITH OGONEK */
    0x00, 0x46, 0x63, 0x00, 0x0c, 0xeb, 0xcf, 0x70, 0x04, 0x00, 0x07, 0xf0, 0x00, 0x24, 0x47, 0xf2,
    0x0a, 0xeb, 0xbd, 0xf2, 0x3f, 0x20, 0x03, 0xf2, 0x3f, 0x50, 0x2d, 0xf2, 0x07, 0xef, 0xe8, 0xf3,
    0x00, 0x01, 0x09, 0x91, 0x00, 0x00, 0x2d, 0x00, 0x00, 0x00, 0x0c, 0xb7, 0x00, 0x00, 0x00, 0x20,

    /* U+0106 LATIN CAPITAL LETTER C WITH ACUTE */
    0x00, 0x00, 0x00, 0x15, 0x30, 0x00, 0x00, 0x01, 0xba, 0x10, 0x00, 0x00, 0x04, 0x60, 0x00, 0x00,
    0x06, 0xbd, 0xda, 0x30, 0x01, 0xbf, 0x96, 0x6a, 0xf5, 0x09, 0xe3, 0x00, 0x00, 0x40, 0x1f, 0x70,
    0x00, 0x00, 0x00, 0x4f, 0x20, 0x00, 0x00, 0x00, 0x4f, 0x20, 0x00, 0x00, 0x00, 0x2f, 0x50, 0x00,
    0x00, 0x00, 0x0b, 0xd1, 0x00, 0x00, 0x20, 0x02, 0xde, 0x63, 0x37, 0xe5, 0x00, 0x19, 0xef, 0xfd,
    0x60, 0x00, 0x00, 0x01, 0x10, 0x00,

    /* U+0107 LATIN SMALL LETTER C WITH ACUTE */
    0x00, 0x00, 0x15, 0x30, 0x00, 0x01, 0xba, 0x10, 0x00, 0x04, 0x60, 0x00, 0x00, 0x15, 0x75, 0x10,
    0x04, 0xed, 0xbe, 0xd2, 0x1e, 0x90, 0x00, 0x82, 0x5f, 0x10, 0x00, 0x00, 0x6f, 0x00, 0x00, 0x00,
    0x3f, 0x40, 0x00, 0x00, 0x0b, 0xe5, 0x25, 0xe4, 0x01, 0x8e, 0xfe, 0x80, 0x00, 0x00, 0x10, 0x00,

    /* U+0108 LATIN CAPITAL LETTER C WITH CIRCUMFLEX */
    0x00, 0x00, 0x03, 0x50, 0x00, 0x00, 0x00, 0x5e, 0xda, 0x00, 0x00, 0x01, 0x72, 0x06, 0x30, 0x00,
    0x06, 0xbd, 0xda, 0x30, 0x01, 0xbf, 0x96, 0x6a, 0xf5, 0x09, 0xe3, 0x00, 0x00, 0x40, 0x1f, 0x70,
    0x00, 0x00, 0x00, 0x4f, 0x20, 0x00, 0x00, 0x00, 0x4f, 0x20, 0x00, 0x00, 0x00, 0x2f, 0x50, 0x00,
    0x00, 0x00, 0x0b, 0xd1, 0x00, 0x00, 0x20, 0x02, 0xde, 0x63, 0x37, 0xe5, 0x00, 0x19, 0xef, 0xfd,
    0x60, 0x00, 0x00, 0x01, 0x10, 0x00,

    /* U+0109 LATIN SMALL LETTER C WITH CIRCUMFLEX */
    0x00, 0x03, 0x50, 0x00, 0x00, 0x5e, 0xda, 0x00, 0x01, 0x72, 0x06, 0x30, 0x00, 0x15, 0x75, 0x10,
    0x04, 0xed, 0xbe, 0xd2, 0x1e, 0x90, 0x00, 0x82, 0x5f, 0x10, 0x00, 0x00, 0x6f, 0x00, 0x00, 0x00,
    0x3f, 0x40, 0x00, 0x00, 0x0b, 0xe5, 0x25, 0xe4, 0x01, 0x8e, 0xfe, 0x80, 0x00, 0x00, 0x10, 0x00,

    /* U+010A LATIN CAPITAL LETTER C WITH DOT ABOVE */
    0x00, 0x00, 0x01, 0x40, 0x00, 0x00, 0x00, 0x08, 0xe0, 0x00, 0x00, 0x00, 0x01, 0x20, 0x00, 0x00,
    0x06, 0xbd, 0xda, 0x30, 0x01, 0xbf, 0x96, 0x6a, 0xf5, 0x09, 0xe3, 0x00, 0x00, 0x40, 0x1f, 0x70,
    0x00, 0x00, 0x00, 0x4f, 0x20, 0x00, 0x00, 0x00, 0x4f, 0x20, 0x00, 0x00, 0x00, 0x2f, 0x50, 0x00,
    0x00, 0x00, 0x0b, 0xd1, 0x00, 0x00, 0x20, 0x02, 0xde, 0x63, 0x37, 0xe5, 0x00, 0x19, 0xef, 0xfd,
    0x60, 0x00, 0x00, 0x01, 0x10, 0x00,

    /* U+010B LATIN SMALL LETTER C WITH DOT ABOVE */
    0x00, 0x01, 0x40, 0x00, 0x00, 0x08, 0xe0, 0x00, 0x00, 0x01, 0x20, 0x00, 0x00, 0x15, 0x75, 0x10,
    0x04, 0xed, 0xbe, 0xd2, 0x1e, 0x90, 0x00, 0x82, 0x5f, 0x10, 0x00, 0x00, 0x6f, 0x00, 0x00, 0x00,
    0x3f, 0x40, 0x00, 0x00, 0x0b, 0xe5, 0x25, 0xe4, 0x01, 0x8e, 0xfe, 0x80, 0x00, 0x00, 0x10, 0x00,

    /* U+010C LATIN CAPITAL LETTER C WITH CARON */
    0x00, 0x01, 0x51, 0x03, 0x30, 0x00, 0x00, 0x7c, 0x9c, 0x10, 0x00, 0x00, 0x06, 0x91, 0x00, 0x00,
    0x06, 0xbd, 0xda, 0x30, 0x01, 0xbf, 0x96, 0x6a, 0xf5, 0x09, 0xe3, 0x00, 0x00, 0x40, 0x1f, 0x70,
    0x00, 0x00, 0x00, 0x4f, 0x20, 0x00, 0x00, 0x00, 0x4f, 0x20, 0x00, 0x00, 0x00, 0x2f, 0x50, 0x00,
    0x00, 0x00, 0x0b, 0xd1, 0x00, 0x00, 0x20, 0x02, 0xde, 0x63, 0x37, 0xe5, 0x00, 0x19, 0xef, 0xfd,
    0x60, 0x00, 0x00, 0x01, 0x10, 0x00,

    /* U+010D LATIN SMALL LETTER C WITH CARON */
    0x01, 0x51, 0x03, 0x30, 0x00, 0x7c, 0x9c, 0x10, 0x00, 0x06, 0x91, 0x00, 0x00, 0x15, 0x75, 0x10,
    0x04, 0xed, 0xbe, 0xd2, 0x1e, 0x90, 0x00, 0x82, 0x5f, 0x10, 0x00, 0x00, 0x6f, 0x00, 0x00, 0x00,
    0x3f, 0x40, 0x00, 0x00, 0x0b, 0xe5, 0x25, 0xe4, 0x01, 0x8e, 0xfe, 0x80, 0x00, 0x00, 0x10, 0x00,

    /* U+010E LATIN CAPITAL LETTER D WITH CARON */
    0x01, 0x51, 0x03, 0x30, 0x00, 0x00, 0x7c, 0x9c, 0x10, 0x00, 0x00, 0x06, 0x91, 0x00, 0x00, 0x6c,
    0xcc, 0xcb, 0x72, 0x00, 0x8e, 0x66, 0x68, 0xde, 0x50, 0x8d, 0x00, 0x00, 0x09, 0xf3, 0x8d, 0x00,
    0x00, 0x00, 0xd9, 0x8d, 0x00, 0x00, 0x00, 0x9c, 0x8d, 0x00, 0x00, 0x00, 0x8d, 0x8d, 0x00, 0x00,
    0x00, 0xca, 0x8d, 0x00, 0x00, 0x06, 0xf4, 0x8d, 0x33, 0x35, 0xaf, 0x80, 0x8f, 0xff, 0xfe, 0xa4,
    0x00,

    /* U+010F LATIN SMALL LETTER D WITH CARON */
    0x00, 0x00, 0x00, 0x00, 0x03, 0x10, 0x00, 0x00, 0x00, 0x62, 0xc4, 0x00, 0x00, 0x00, 0x1f, 0x4c,
    0x30, 0x00, 0x00, 0x01, 0xf4, 0x51, 0x00, 0x16, 0x74, 0x1f, 0x40, 0x00, 0x4e, 0xdb, 0xeb, 0xf4,
    0x00, 0x1e, 0x90, 0x00, 0xcf, 0x40, 0x05, 0xf1, 0x00, 0x03, 0xf4, 0x00, 0x6f, 0x00, 0x00, 0x1f,
    0x40, 0x03, 0xf4, 0x00, 0x05, 0xf4, 0x00, 0x0b, 0xe5, 0x25, 0xef, 0x40, 0x00, 0x19, 0xef, 0xd5,
    0xf4, 0x00, 0x00, 0x00, 0x10, 0x00, 0x00, 0x00,

    /* U+0110 LATIN CAPITAL LETTER D WITH STROKE */
    0x06, 0xcc, 0xcc, 0xb7, 0x20, 0x00, 0x8e, 0x66, 0x68, 0xde, 0x50, 0x08, 0xd0, 0x00, 0x00, 0x9f,
    0x30, 0x8d, 0x00, 0x00, 0x00, 0xd9, 0x5f, 0xf8, 0x88, 0x00, 0x09, 0xc5, 0xff, 0x88, 0x80, 0x00,
    0x8d, 0x08, 0xd0, 0x00, 0x00, 0x0c, 0xa0, 0x8d, 0x00, 0x00, 0x06, 0xf4, 0x08, 0xd3, 0x33, 0x5a,
    0xf8, 0x00, 0x8f, 0xff, 0xfe, 0xa4, 0x00,

    /* U+0111 LATIN SMALL LETTER D WITH STROKE */
    0x00, 0x00, 0x00, 0x06, 0x20, 0x00, 0x00, 0x59, 0xaf, 0xd9, 0x00, 0x00, 0x35, 0x6f, 0x95, 0x00,
    0x16, 0x74, 0x1f, 0x40, 0x04, 0xed, 0xbe, 0xbf, 0x40, 0x1e, 0x90, 0x00, 0xcf, 0x40, 0x5f, 0x10,
    0x00, 0x3f, 0x40, 0x6f, 0x00, 0x00, 0x1f, 0x40, 0x3f, 0x40, 0x00, 0x5f, 0x40, 0x0b, 0xe5, 0x25,
    0xef, 0x40, 0x01, 0x9e, 0xfd, 0x5f, 0x40, 0x00, 0x00, 0x10, 0x00, 0x00,

    /* U+0112 LATIN CAPITAL LETTER E WITH MACRON */
    0x01, 0xcc, 0xcc, 0x60, 0x00, 0x00, 0x00, 0x00, 0x6c, 0xcc, 0xcc, 0xc5, 0x8e, 0x66, 0x66, 0x62,
    0x8d, 0x00, 0x00, 0x00, 0x8d, 0x00, 0x00, 0x00, 0x8f, 0x99, 0x99, 0x70, 0x8f, 0x99, 0x99, 0x70,
    0x8d, 0x00, 0x00, 0x00, 0x8d, 0x00, 0x00, 0x00, 0x8d, 0x33, 0x33, 0x32, 0x8f, 0xff, 0xff, 0xf9,

    /* U+0113 LATIN SMALL LETTER E WITH MACRON */
    0x01, 0xcc, 0xcc, 0x60, 0x00, 0x00, 0x00, 0x00, 0x00, 0x16, 0x74, 0x00, 0x04, 0xec, 0xae, 0xc1,
    0x1e, 0x80, 0x01, 0xd8, 0x5f, 0x44, 0x44, 0x9e, 0x6f, 0xbb, 0xbb, 0xbb, 0x3f, 0x30, 0x00, 0x00,
    0x0b, 0xd5, 0x24, 0xb3, 0x01, 0x8e, 0xfe, 0xa1, 0x00, 0x00, 0x10, 0x00,

    /* U+0114 LATIN CAPITAL LETTER E WITH BREVE */
    0x00, 0x40, 0x02, 0x20, 0x00, 0xc6, 0x4c, 0x30, 0x00, 0x17, 0x83, 0x00, 0x6c, 0xcc, 0xcc, 0xc5,
    0x8e, 0x66, 0x66, 0x62, 0x8d, 0x00, 0x00, 0x00, 0x8d, 0x00, 0x00, 0x00, 0x8f, 0x99, 0x99, 0x70,
    0x8f, 0x99, 0x99, 0x70, 0x8d, 0x00, 0x00, 0x00, 0x8d, 0x00, 0x00, 0x00, 0x8d, 0x33, 0x33, 0x32,
    0x8f, 0xff, 0xff, 0xf9,

    /* U+0115 LATIN SMALL LETTER E WITH BREVE */
    0x00, 0x40, 0x02, 0x20, 0x00, 0xc6, 0x4c, 0x30, 0x00, 0x17, 0x83, 0x00, 0x00, 0x16, 0x74, 0x00,
    0x04, 0xec, 0xae, 0xc1, 0x1e, 0x80, 0x01, 0xd8, 0x5f, 0x44, 0x44, 0x9e, 0x6f, 0xbb, 0xbb, 0xbb,
    0x3f, 0x30, 0x00, 0x00, 0x0b, 0xd5, 0x24, 0xb3, 0x01, 0x8e, 0xfe, 0xa1, 0x00, 0x00, 0x10, 0x00,

    /* U+0116 LATIN CAPITAL LETTER E WITH DOT ABOVE */
    0x00, 0x01, 0x40, 0x00, 0x00, 0x08, 0xe0, 0x00, 0x00, 0x01, 0x20, 0x00, 0x6c, 0xcc, 0xcc, 0xc5,
    0x8e, 0x66, 0x66, 0x62, 0x8d, 0x00, 0x00, 0x00, 0x8d, 0x00, 0x00, 0x00, 0x8f, 0x99, 0x99, 0x70,
    0x8f, 0x99, 0x99, 0x70, 0x8d, 0x00, 0x00, 0x00, 0x8d, 0x00, 0x00, 0x00, 0x8d, 0x33, 0x33, 0x32,
    0x8f, 0xff, 0xff, 0xf9,

    /* U+0117 LATIN SMALL LETTER E WITH DOT ABOVE */
    0x00, 0x01, 0x40, 0x00, 0x00, 0x08, 0xe0, 0x00, 0x00, 0x01, 0x20, 0x00, 0x00, 0x16, 0x74, 0x00,
    0x04, 0xec, 0xae, 0xc1, 0x1e, 0x80, 0x01, 0xd8, 0x5f, 0x44, 0x44, 0x9e, 0x6f, 0xbb, 0xbb, 0xbb,
    0x3f, 0x30, 0x00, 0x00, 0x0b, 0xd5, 0x24, 0xb3, 0x01, 0x8e, 0xfe, 0xa1, 0x00, 0x00, 0x10, 0x00,

    /* U+0118 LATIN CAPITAL LETTER E WITH OGONEK */
    0x6c, 0xcc, 0xcc, 0xc5, 0x8e, 0x66, 0x66, 0x62, 0x8d, 0x00, 0x00, 0x00, 0x8d, 0x00, 0x00, 0x00,
    0x8f, 0x99, 0x99, 0x70, 0x8f, 0x99, 0x99, 0x70, 0x8d, 0x00, 0x00, 0x00, 0x8d, 0x00, 0x00, 0x00,
    0x8d, 0x33, 0x33, 0x32, 0x8f, 0xff, 0xff, 0xfa, 0x00, 0x00, 0x09, 0x91, 0x00, 0x00, 0x2d, 0x00,
    0x00, 0x00, 0x0c, 0xb7, 0x00, 0x00, 0x00, 0x20,

    /* U+0119 LATIN SMALL LETTER E WITH OGONEK */
    0x00, 0x16, 0x74, 0x00, 0x04, 0xec, 0xae, 0xc1, 0x1e, 0x80, 0x01, 0xd8, 0x5f, 0x44, 0x44, 0x9e,
    0x6f, 0xbb, 0xbb, 0xbb, 0x3f, 0x30, 0x00, 0x00, 0x0b, 0xd5, 0x24, 0xb3, 0x01, 0x8e, 0xff, 0xb1,
    0x00, 0x00, 0x4c, 0x10, 0x00, 0x00, 0x87, 0x00, 0x00, 0x00, 0x4d, 0xb3, 0x00, 0x00, 0x01, 0x10,

    /* U+011A LATIN CAPITAL LETTER E WITH CARON */
    0x01, 0x51, 0x03, 0x30, 0x00, 0x7c, 0x9c, 0x10, 0x00, 0x06, 0x91, 0x00, 0x6c, 0xcc, 0xcc, 0xc5,
    0x8e, 0x66, 0x66, 0x62, 0x8d, 0x00, 0x00, 0x00, 0x8d, 0x00, 0x00, 0x00, 0x8f, 0x99, 0x99, 0x70,
    0x8f, 0x99, 0x99, 0x70, 0x8d, 0x00, 0x00, 0x00, 0x8d, 0x00, 0x00, 0x00, 0x8d, 0x33, 0x33, 0x32,
    0x8f, 0xff, 0xff, 0xf9,

    /* U+011B LATIN SMALL LETTER E WITH CARON */
    0x01, 0x51, 0x03, 0x30, 0x00, 0x7c, 0x9c, 0x10, 0x00, 0x06, 0x91, 0x00, 0x00, 0x16, 0x74, 0x00,
    0x04, 0xec, 0xae, 0xc1, 0x1e, 0x80, 0x01, 0xd8, 0x5f, 0x44, 0x44, 0x9e, 0x6f, 0xbb, 0xbb, 0xbb,
    0x3f, 0x30, 0x00, 0x00, 0x0b, 0xd5, 0x24, 0xb3, 0x01, 0x8e, 0xfe, 0xa1, 0x00, 0x00, 0x10, 0x00,

    /* U+011C LATIN CAPITAL LETTER G WITH CIRCUMFLEX */
    0x00, 0x00, 0x03, 0x50, 0x00, 0x00, 0x00, 0x5e, 0xda, 0x00, 0x00, 0x01, 0x72, 0x06, 0x30, 0x00,
    0x05, 0xbd, 0xda, 0x40, 0x01, 0xbf, 0x96, 0x69, 0xf6, 0x09, 0xe3, 0x00, 0x00, 0x31, 0x1f, 0x70,
    0x00, 0x00, 0x00, 0x4f, 0x20, 0x00, 0x00, 0x00, 0x4f, 0x20, 0x00, 0x00, 0xb8, 0x2f, 0x50, 0x00,
    0x00, 0xb9, 0x0b, 0xe1, 0x00, 0x00, 0xc9, 0x02, 0xde, 0x63, 0x36, 0xfc, 0x00, 0x19, 0xef, 0xfd,
    0x81, 0x00, 0x00, 0x01, 0x10, 0x00,

    /* U+011D LATIN SMALL LETTER G WITH CIRCUMFLEX */
    0x00, 0x03, 0x50, 0x00, 0x00, 0x05, 0xed, 0xa0, 0x00, 0x01, 0x72, 0x06, 0x30, 0x00, 0x01, 0x67,
    0x50, 0x62, 0x05, 0xed, 0xbd, 0xce, 0x61, 0xe9, 0x00, 0x09, 0xf6, 0x5f, 0x10, 0x00, 0x1f, 0x65,
    0xf0, 0x00, 0x00, 0xf6, 0x2f, 0x70, 0x00, 0x7f, 0x60, 0x7f, 0xa8, 0xae, 0xf6, 0x00, 0x49, 0xa7,
    0x2f, 0x50, 0x20, 0x00, 0x05, 0xf2, 0x0c, 0xd8, 0x68, 0xea, 0x00, 0x27, 0xbc, 0xa6, 0x00,

    /* U+011E LATIN CAPITAL LETTER G WITH BREVE */
    0x00, 0x00, 0x40, 0x02, 0x20, 0x00, 0x00, 0xc6, 0x4c, 0x30, 0x00, 0x00, 0x17, 0x83, 0x00, 0x00,
    0x05, 0xbd, 0xda, 0x40, 0x01, 0xbf, 0x96, 0x69, 0xf6, 0x09, 0xe3, 0x00, 0x00, 0x31, 0x1f, 0x70,
    0x00, 0x00, 0x00, 0x4f, 0x20, 0x00, 0x00, 0x00, 0x4f, 0x20, 0x00, 0x00, 0xb8, 0x2f, 0x50, 0x00,
    0x00, 0xb9, 0x0b, 0xe1, 0x00, 0x00, 0xc9, 0x02, 0xde, 0x63, 0x36, 0xfc, 0x00, 0x19, 0xef, 0xfd,
    0x81, 0x00, 0x00, 0x01, 0x10, 0x00,

    /* U+011F LATIN SMALL LETTER G WITH BREVE */
    0x00, 0x40, 0x02, 0x20, 0x00, 0x0c, 0x64, 0xc3, 0x00, 0x00, 0x17, 0x83, 0x00, 0x00, 0x01, 0x67,
    0x50, 0x62, 0x05, 0xed, 0xbd, 0xce, 0x61, 0xe9, 0x00, 0x09, 0xf6, 0x5f, 0x10, 0x00, 0x1f, 0x65,
    0xf0, 0x00, 0x00, 0xf6, 0x2f, 0x70, 0x00, 0x7f, 0x60, 0x7f, 0xa8, 0xae, 0xf6, 0x00, 0x49, 0xa7,
    0x2f, 0x50, 0x20, 0x00, 0x05, 0xf2, 0x0c, 0xd8, 0x68, 0xea, 0x00, 0x27, 0xbc, 0xa6, 0x00,

    /* U+0120 LATIN CAPITAL LETTER G WITH DOT ABOVE */
    0x00, 0x00, 0x01, 0x40, 0x00, 0x00, 0x00, 0x08, 0xe0, 0x00, 0x00, 0x00, 0x01, 0x20, 0x00, 0x00,
    0x05, 0xbd, 0xda, 0x40, 0x01, 0xbf, 0x96, 0x69, 0xf6, 0x09, 0xe3, 0x00, 0x00, 0x31, 0x1f, 0x70,
    0x00, 0x00, 0x00, 0x4f, 0x20, 0x00, 0x00, 0x00, 0x4f, 0x20, 0x00, 0x00, 0xb8, 0x2f, 0x50, 0x00,
    0x00, 0xb9, 0x0b, 0xe1, 0x00, 0x00, 0xc9, 0x02, 0xde, 0x63, 0x36, 0xfc, 0x00, 0x19, 0xef, 0xfd,
    0x81, 0x00, 0x00, 0x01, 0x10, 0x00,

    /* U+0121 LATIN SMALL LETTER G WITH DOT ABOVE */
    0x00, 0x01, 0x40, 0x00, 0x00, 0x00, 0x8e, 0x00, 0x00, 0x00, 0x01, 0x20, 0x00, 0x00, 0x01, 0x67,
    0x50, 0x62, 0x05, 0xed, 0xbd, 0xce, 0x61, 0xe9, 0x00, 0x09, 0xf6, 0x5f, 0x10, 0x00, 0x1f, 0x65,
    0xf0, 0x00, 0x00, 0xf6, 0x2f, 0x70, 0x00, 0x7f, 0x60, 0x7f, 0xa8, 0xae, 0xf6, 0x00, 0x49, 0xa7,
    0x2f, 0x50, 0x20, 0x00, 0x05, 0xf2, 0x0c, 0xd8, 0x68, 0xea, 0x00, 0x27, 0xbc, 0xa6, 0x00,

    /* U+0122 LATIN CAPITAL LETTER G WITH CEDILLA */
    0x00, 0x05, 0xbd, 0xda, 0x40, 0x01, 0xbf, 0x96, 0x69, 0xf6, 0x09, 0xe3, 0x00, 0x00, 0x31, 0x1f,
    0x70, 0x00, 0x00, 0x00, 0x4f, 0x20, 0x00, 0x00, 0x00, 0x4f, 0x20, 0x00, 0x00, 0xb8, 0x2f, 0x50,
    0x00, 0x00, 0xb9, 0x0b, 0xe1, 0x00, 0x00, 0xc9, 0x02, 0xde, 0x63, 0x36, 0xfc, 0x00, 0x19, 0xef,
    0xfd, 0x81, 0x00, 0x00, 0x01, 0x10, 0x00, 0x00, 0x00, 0x49, 0x00, 0x00, 0x00, 0x00, 0x3c, 0x00,
    0x00, 0x00, 0x00, 0x33, 0x00, 0x00,

    /* U+0123 LATIN SMALL LETTER G WITH CEDILLA */
    0x00, 0x00, 0x10, 0x00, 0x00, 0x00, 0x2b, 0x00, 0x00, 0x00, 0x07, 0xc0, 0x00, 0x00, 0x00, 0x36,
    0x00, 0x00, 0x00, 0x16, 0x75, 0x06, 0x20, 0x5e, 0xdb, 0xdc, 0xe6, 0x1e, 0x90, 0x00, 0x9f, 0x65,
    0xf1, 0x00, 0x01, 0xf6, 0x5f, 0x00, 0x00, 0x0f, 0x62, 0xf7, 0x00, 0x07, 0xf6, 0x07, 0xfa, 0x8a,
    0xef, 0x60, 0x04, 0x9a, 0x72, 0xf5, 0x02, 0x00, 0x00, 0x5f, 0x20, 0xcd, 0x86, 0x8e, 0xa0, 0x02,
    0x7b, 0xca, 0x60, 0x00,

    /* U+0124 LATIN CAPITAL LETTER H WITH CIRCUMFLEX */
    0x00, 0x03, 0x50, 0x00, 0x00, 0x05, 0xed, 0xa0, 0x00, 0x01, 0x72, 0x06, 0x30, 0x06, 0xa0, 0x00,
    0x00, 0x6b, 0x8d, 0x00, 0x00, 0x08, 0xd8, 0xd0, 0x00, 0x00, 0x8d, 0x8d, 0x00, 0x00, 0x08, 0xd8,
    0xf9, 0x99, 0x99, 0xdd, 0x8f, 0x99, 0x99, 0x9d, 0xd8, 0xd0, 0x00, 0x00, 0x8d, 0x8d, 0x00, 0x00,
    0x08, 0xd8, 0xd0, 0x00, 0x00, 0x8d, 0x8d, 0x00, 0x00, 0x08, 0xd0,

    /* U+0125 LATIN SMALL LETTER H WITH CIRCUMFLEX */
    0x00, 0x35, 0x00, 0x00, 0x00, 0x05, 0xed, 0xa0, 0x00, 0x00, 0x17, 0x64, 0x63, 0x00, 0x00, 0x00,
    0xb9, 0x00, 0x00, 0x00, 0x00, 0xb9, 0x00, 0x00, 0x00, 0x00, 0xb9, 0x26, 0x74, 0x00, 0x00, 0xbd,
    0xec, 0xcf, 0x90, 0x00, 0xbf, 0x30, 0x06, 0xf2, 0x00, 0xbb, 0x00, 0x01, 0xf5, 0x00, 0xb9, 0x00,
    0x00, 0xf5, 0x00, 0xb9, 0x00, 0x00, 0xf5, 0x00, 0xb9, 0x00, 0x00, 0xf5, 0x00, 0xb9, 0x00, 0x00,
    0xf5,

    /* U+0126 LATIN CAPITAL LETTER H WITH STROKE */
    0x05, 0xc0, 0x00, 0x00, 0x5c, 0x00, 0x29, 0xf3, 0x33, 0x33, 0x9f, 0x31, 0xcf, 0xfe, 0xee, 0xee,
    0xff, 0xe6, 0x06, 0xf0, 0x00, 0x00, 0x6f, 0x00, 0x06, 0xf9, 0x99, 0x99, 0xcf, 0x00, 0x06, 0xf9,
    0x99, 0x99, 0xdf, 0x00, 0x06, 0xf0, 0x00, 0x00, 0x6f, 0x00, 0x06, 0xf0, 0x00, 0x00, 0x6f, 0x00,
    0x06, 0xf0, 0x00, 0x00, 0x6f, 0x00, 0x06, 0xf0, 0x00, 0x00, 0x6f, 0x00,

    /* U+0127 LATIN SMALL LETTER H WITH STROKE */
    0x03, 0x50, 0x00, 0x00, 0x05, 0xef, 0x55, 0x10, 0x00, 0x8f, 0xf9, 0x92, 0x00, 0x00, 0x8c, 0x16,
    0x75, 0x00, 0x08, 0xee, 0xcb, 0xfb, 0x00, 0x8f, 0x50, 0x04, 0xf4, 0x08, 0xd0, 0x00, 0x0e, 0x70,
    0x8c, 0x00, 0x00, 0xd7, 0x08, 0xc0, 0x00, 0x0d, 0x70, 0x8c, 0x00, 0x00, 0xd7, 0x08, 0xc0, 0x00,
    0x0d, 0x70,

    /* U+0128 LATIN CAPITAL LETTER I WITH TILDE */
    0x26, 0x03, 0x2b, 0x8b, 0xc2, 0x40, 0x44, 0x00, 0x6a, 0x00, 0x08, 0xd0, 0x00, 0x8d, 0x00, 0x08,
    0xd0, 0x00, 0x8d, 0x00, 0x08, 0xd0, 0x00, 0x8d, 0x00, 0x08, 0xd0, 0x00, 0x8d, 0x00, 0x08, 0xd0,
    0x00,

    /* U+0129 LATIN SMALL LETTER I WITH TILDE */
    0x14, 0x02, 0x19, 0xaa, 0xc1, 0x40, 0x44, 0x00, 0x54, 0x00, 0x0b, 0x90, 0x00, 0xb9, 0x00, 0x0b,
    0x90, 0x00, 0xb9, 0x00, 0x0b, 0x90, 0x00, 0xb9, 0x00, 0x0b, 0x90, 0x00,

    /* U+012A LATIN CAPITAL LETTER I WITH MACRON */
    0x8c, 0xcc, 0x10, 0x00, 0x00, 0x06, 0xa0, 0x00, 0x8d, 0x00, 0x08, 0xd0, 0x00, 0x8d, 0x00, 0x08,
    0xd0, 0x00, 0x8d, 0x00, 0x08, 0xd0, 0x00, 0x8d, 0x00, 0x08, 0xd0, 0x00, 0x8d, 0x00,

    /* U+012B LATIN SMALL LETTER I WITH MACRON */
    0x8c, 0xcc, 0x10, 0x00, 0x00, 0x05, 0x40, 0x00, 0xb9, 0x00, 0x0b, 0x90, 0x00, 0xb9, 0x00, 0x0b,
    0x90, 0x00, 0xb9, 0x00, 0x0b, 0x90, 0x00, 0xb9, 0x00,

    /* U+012C LATIN CAPITAL LETTER I WITH BREVE */
    0x40, 0x02, 0x2c, 0x64, 0xc3, 0x17, 0x83, 0x00, 0x6a, 0x00, 0x08, 0xd0, 0x00, 0x8d, 0x00, 0x08,
    0xd0, 0x00, 0x8d, 0x00, 0x08, 0xd0, 0x00, 0x8d, 0x00, 0x08, 0xd0, 0x00, 0x8d, 0x00, 0x08, 0xd0,
    0x00,

    /* U+012D LATIN SMALL LETTER I WITH BREVE */
    0x31, 0x04, 0x88, 0x4d, 0x06, 0x82, 0x05, 0x40, 0x0b, 0x90, 0x0b, 0x90, 0x0b, 0x90, 0x0b, 0x90,
    0x0b, 0x90, 0x0b, 0x90, 0x0b, 0x90,

    /* U+012E LATIN CAPITAL LETTER I WITH OGONEK */
    0x06, 0xa0, 0x08, 0xd0, 0x08, 0xd0, 0x08, 0xd0, 0x08, 0xd0, 0x08, 0xd0, 0x08, 0xd0, 0x08, 0xd0,
    0x08, 0xd0, 0x08, 0xf0, 0x0a, 0x40, 0x1e, 0x00, 0x0c, 0xb1, 0x00, 0x10,

    /* U+012F LATIN SMALL LETTER I WITH OGONEK */
    0x03, 0x70, 0x09, 0xe1, 0x00, 0x10, 0x05, 0x40, 0x0b, 0x90, 0x0b, 0x90, 0x0b, 0x90, 0x0b, 0x90,
    0x0b, 0x90, 0x0b, 0x90, 0x0b, 0xc0, 0x0a, 0x40, 0x1e, 0x00, 0x0c, 0xb1, 0x00, 0x10,

    /* U+0130 LATIN CAPITAL LETTER I WITH DOT ABOVE */
    0x14, 0x8e, 0x12, 0x6a, 0x8d, 0x8d, 0x8d, 0x8d, 0x8d, 0x8d, 0x8d, 0x8d, 0x8d,

    /* U+0131 LATIN SMALL LETTER DOTLESS I */
    0x54, 0xb9, 0xb9, 0xb9, 0xb9, 0xb9, 0xb9, 0xb9,

    /* U+0132 LATIN CAPITAL LIGATURE IJ */
    0x79, 0x00, 0x00, 0x88, 0x9c, 0x00, 0x00, 0xba, 0x9c, 0x00, 0x00, 0xba, 0x9c, 0x00, 0x00, 0xba,
    0x9c, 0x00, 0x00, 0xba, 0x68, 0x00, 0x00, 0xba, 0x00, 0x00, 0x00, 0xc9, 0x00, 0x00, 0x02, 0xf6,
    0x7a, 0x53, 0x5c, 0xd1, 0x4b, 0xff, 0xfa, 0x20, 0x00, 0x01, 0x00, 0x00,

    /* U+0133 LATIN SMALL LIGATURE IJ */
    0x37, 0x00, 0x37, 0x09, 0xe1, 0x09, 0xe1, 0x01, 0x00, 0x01, 0x05, 0x40, 0x04, 0x40, 0xb9, 0x00,
    0xaa, 0x0b, 0x90, 0x0a, 0xa0, 0xb9, 0x00, 0xaa, 0x0b, 0x90, 0x0a, 0xa0, 0xb9, 0x00, 0xaa, 0x0b,
    0x90, 0x0a, 0xa0, 0xb9, 0x00, 0xaa, 0x00, 0x00, 0x0a, 0xa0, 0x00, 0x76, 0xe6, 0x00, 0x1a, 0xb7,
    0x00,

    /* U+0134 LATIN CAPITAL LETTER J WITH CIRCUMFLEX */
    0x00, 0x35, 0x00, 0x05, 0xed, 0xa0, 0x17, 0x20, 0x63, 0x1c, 0xcc, 0xca, 0x16, 0x66, 0xbc, 0x00,
    0x00, 0x9c, 0x00, 0x00, 0x9c, 0x00, 0x00, 0x9c, 0x00, 0x00, 0x9c, 0x00, 0x00, 0x9c, 0x10, 0x00,
    0xab, 0xd7, 0x25, 0xe7, 0x5d, 0xff, 0x90, 0x00, 0x10, 0x00,

    /* U+0135 LATIN SMALL LETTER J WITH CIRCUMFLEX */
    0x00, 0x03, 0x50, 0x00, 0x03, 0xee, 0x80, 0x00, 0x63, 0x17, 0x10, 0x00, 0x44, 0x00, 0x00, 0x0a,
    0xa0, 0x00, 0x00, 0xaa, 0x00, 0x00, 0x0a, 0xa0, 0x00, 0x00, 0xaa, 0x00, 0x00, 0x0a, 0xa0, 0x00,
    0x00, 0xaa, 0x00, 0x00, 0x0a, 0xa0, 0x00, 0x00, 0xaa, 0x00, 0x07, 0x6e, 0x60, 0x01, 0xab, 0x70,
    0x00,

    /* U+0136 LATIN CAPITAL LETTER K WITH CEDILLA */
    0x6a, 0x00, 0x00, 0x3c, 0x58, 0xd0, 0x00, 0x2e, 0x80, 0x8d, 0x00, 0x2e, 0x90, 0x08, 0xd0, 0x2d,
    0xa0, 0x00, 0x8d, 0x2e, 0xf0, 0x00, 0x08, 0xed, 0xff, 0x50, 0x00, 0x8f, 0xb1, 0x9e, 0x30, 0x08,
    0xf1, 0x00, 0xbd, 0x10, 0x8d, 0x00, 0x01, 0xcc, 0x08, 0xd0, 0x00, 0x02, 0xda, 0x00, 0x00, 0x00,
    0x00, 0x00, 0x00, 0x49, 0x00, 0x00, 0x00, 0x03, 0xc0, 0x00, 0x00, 0x00, 0x33, 0x00, 0x00,

    /* U+0137 LATIN SMALL LETTER K WITH CEDILLA */
    0x44, 0x00, 0x00, 0x00, 0xb9, 0x00, 0x00, 0x00, 0xb9, 0x00, 0x00, 0x00, 0xb9, 0x00, 0x04, 0x61,
    0xb9, 0x00, 0x6f, 0x60, 0xb9, 0x07, 0xf5, 0x00, 0xb9, 0x8f, 0x70, 0x00, 0xbf, 0xef, 0xc0, 0x00,
    0xbf, 0x32, 0xe9, 0x00, 0xba, 0x00, 0x4f, 0x60, 0xb9, 0x00, 0x07, 0xf3, 0x00, 0x00, 0x00, 0x00,
    0x00, 0x49, 0x00, 0x00, 0x00, 0x3c, 0x00, 0x00, 0x00, 0x33, 0x00, 0x00,

    /* U+0138 LATIN SMALL LETTER KRA */
    0x54, 0x00, 0x04, 0x61, 0xb9, 0x00, 0x6f, 0x60, 0xb9, 0x07, 0xf5, 0x00, 0xb9, 0x8f, 0x70, 0x00,
    0xbf, 0xef, 0xc0, 0x00, 0xbf, 0x32, 0xe9, 0x00, 0xba, 0x00, 0x4f, 0x60, 0xb9, 0x00, 0x07, 0xf3,

    /* U+0139 LATIN CAPITAL LETTER L WITH ACUTE */
    0x01, 0x53, 0x00, 0x00, 0x1b, 0xa1, 0x00, 0x00, 0x46, 0x00, 0x00, 0x00, 0x6a, 0x00, 0x00, 0x00,
    0x8d, 0x00, 0x00, 0x00, 0x8d, 0x00, 0x00, 0x00, 0x8d, 0x00, 0x00, 0x00, 0x8d, 0x00, 0x00, 0x00,
    0x8d, 0x00, 0x00, 0x00, 0x8d, 0x00, 0x00, 0x00, 0x8d, 0x00, 0x00, 0x00, 0x8d, 0x33, 0x33, 0x31,
    0x8f, 0xff, 0xff, 0xf3,

    /* U+013A LATIN SMALL LETTER L WITH ACUTE */
    0x01, 0x53, 0x1b, 0xa1, 0x46, 0x00, 0x44, 0x00, 0xb9, 0x00, 0xb9, 0x00, 0xb9, 0x00, 0xb9, 0x00,
    0xb9, 0x00, 0xb9, 0x00, 0xb9, 0x00, 0xb9, 0x00, 0xb9, 0x00, 0xb9, 0x00,

    /* U+013B LATIN CAPITAL LETTER L WITH CEDILLA */
    0x6a, 0x00, 0x00, 0x00, 0x8d, 0x00, 0x00, 0x00, 0x8d, 0x00, 0x00, 0x00, 0x8d, 0x00, 0x00, 0x00,
    0x8d, 0x00, 0x00, 0x00, 0x8d, 0x00, 0x00, 0x00, 0x8d, 0x00, 0x00, 0x00, 0x8d, 0x00, 0x00, 0x00,
    0x8d, 0x33, 0x33, 0x31, 0x8f, 0xff, 0xff, 0xf3, 0x00, 0x00, 0x00, 0x00, 0x00, 0x04, 0x90, 0x00,
    0x00, 0x03, 0xc0, 0x00, 0x00, 0x03, 0x30, 0x00,

    /* U+013C LATIN SMALL LETTER L WITH CEDILLA */
    0x44, 0xb9, 0xb9, 0xb9, 0xb9, 0xb9, 0xb9, 0xb9, 0xb9, 0xb9, 0xb9, 0x00, 0x49, 0x3c, 0x33,

    /* U+013D LATIN CAPITAL LETTER L WITH CARON */
    0x00, 0x00, 0x03, 0x10, 0x6a, 0x00, 0x0c, 0x40, 0x8d, 0x00, 0x0c, 0x30, 0x8d, 0x00, 0x05, 0x10,
    0x8d, 0x00, 0x00, 0x00, 0x8d, 0x00, 0x00, 0x00, 0x8d, 0x00, 0x00, 0x00, 0x8d, 0x00, 0x00, 0x00,
    0x8d, 0x00, 0x00, 0x00, 0x8d, 0x33, 0x33, 0x31, 0x8f, 0xff, 0xff, 0xf3,

    /* U+013E LATIN SMALL LETTER L WITH CARON */
    0x00, 0x03, 0x14, 0x40, 0xc4, 0xb9, 0x0c, 0x3b, 0x90, 0x51, 0xb9, 0x00, 0x0b, 0x90, 0x00, 0xb9,
    0x00, 0x0b, 0x90, 0x00, 0xb9, 0x00, 0x0b, 0x90, 0x00, 0xb9, 0x00, 0x0b, 0x90, 0x00,

    /* U+013F LATIN CAPITAL LETTER L WITH MIDDLE DOT */
    0x6a, 0x00, 0x00, 0x00, 0x8d, 0x00, 0x00, 0x00, 0x8d, 0x00, 0x00, 0x00, 0x8d, 0x00, 0x05, 0x30,
    0x8d, 0x00, 0x0d, 0x90, 0x8d, 0x00, 0x01, 0x00, 0x8d, 0x00, 0x00, 0x00, 0x8d, 0x00, 0x00, 0x00,
    0x8d, 0x33, 0x33, 0x31, 0x8f, 0xff, 0xff, 0xf3,

    /* U+0140 LATIN SMALL LETTER L WITH MIDDLE DOT */
    0x44, 0x00, 0x0b, 0x90, 0x00, 0xb9, 0x00, 0x0b, 0x90, 0x00, 0xb9, 0x00, 0x0b, 0x90, 0x95, 0xb9,
    0x09, 0x5b, 0x90, 0x00, 0xb9, 0x00, 0x0b, 0x90, 0x00, 0xb9, 0x00, 0x00,

    /* U+0141 LATIN CAPITAL LETTER L WITH STROKE */
    0x00, 0x6a, 0x00, 0x00, 0x00, 0x00, 0x8d, 0x00, 0x00, 0x00, 0x00, 0x8d, 0x45, 0x00, 0x00, 0x00,
    0x8f, 0xe4, 0x00, 0x00, 0x01, 0xff, 0x20, 0x00, 0x00, 0x1d, 0xfd, 0x00, 0x00, 0x00, 0x03, 0x8d,
    0x00, 0x00, 0x00, 0x00, 0x8d, 0x00, 0x00, 0x00, 0x00, 0x8d, 0x33, 0x33, 0x31, 0x00, 0x8f, 0xff,
    0xff, 0xf3,

    /* U+0142 LATIN SMALL LETTER L WITH STROKE */
    0x00, 0x44, 0x00, 0x0b, 0x90, 0x00, 0xb9, 0x00, 0x0b, 0x90, 0x00, 0xb9, 0x10, 0x0b, 0xfc, 0x01,
    0xff, 0x21, 0xdf, 0xa0, 0x03, 0xb9, 0x00, 0x0b, 0x90, 0x00, 0xb9, 0x00,

    /* U+0143 LATIN CAPITAL LETTER N WITH ACUTE */
    0x00, 0x00, 0x15, 0x30, 0x00, 0x00, 0x1b, 0xa1, 0x00, 0x00, 0x04, 0x60, 0x00, 0x06, 0xb1, 0x00,
    0x00, 0x6b, 0x8f, 0xa0, 0x00, 0x08, 0xd8, 0xff, 0x70, 0x00, 0x8d, 0x8d, 0x7f, 0x40, 0x08, 0xd8,
    0xd0, 0xae, 0x20, 0x8d, 0x8d, 0x01, 0xcc, 0x18, 0xd8, 0xd0, 0x02, 0xea, 0x8d, 0x8d, 0x00, 0x04,
    0xff, 0xd8, 0xd0, 0x00, 0x07, 0xfd, 0x8d, 0x00, 0x00, 0x0a, 0xd0,

    /* U+0144 LATIN SMALL LETTER N WITH ACUTE */
    0x00, 0x00, 0x15, 0x30, 0x00, 0x01, 0xba, 0x10, 0x00, 0x04, 0x60, 0x00, 0x54, 0x26, 0x74, 0x00,
    0xbc, 0xec, 0xcf, 0x90, 0xbf, 0x30, 0x06, 0xf2, 0xbb, 0x00, 0x01, 0xf5, 0xb9, 0x00, 0x00, 0xf5,
    0xb9, 0x00, 0x00, 0xf5, 0xb9, 0x00, 0x00, 0xf5, 0xb9, 0x00, 0x00, 0xf5,

    /* U+0145 LATIN CAPITAL LETTER N WITH CEDILLA */
    0x6b, 0x10, 0x00, 0x06, 0xb8, 0xfa, 0x00, 0x00, 0x8d, 0x8f, 0xf7, 0x00, 0x08, 0xd8, 0xd7, 0xf4,
    0x00, 0x8d, 0x8d, 0x0a, 0xe2, 0x08, 0xd8, 0xd0, 0x1c, 0xc1, 0x8d, 0x8d, 0x00, 0x2e, 0xa8, 0xd8,
    0xd0, 0x00, 0x4f, 0xfd, 0x8d, 0x00, 0x00, 0x7f, 0xd8, 0xd0, 0x00, 0x00, 0xad, 0x00, 0x00, 0x00,
    0x00, 0x00, 0x00, 0x49, 0x00, 0x00, 0x00, 0x03, 0xc0, 0x00, 0x00, 0x00, 0x33, 0x00, 0x00,

    /* U+0146 LATIN SMALL LETTER N WITH CEDILLA */
    0x54, 0x26, 0x74, 0x00, 0xbc, 0xec, 0xcf, 0x90, 0xbf, 0x30, 0x06, 0xf2, 0xbb, 0x00, 0x01, 0xf5,
    0xb9, 0x00, 0x00, 0xf5, 0xb9, 0x00, 0x00, 0xf5, 0xb9, 0x00, 0x00, 0xf5, 0xb9, 0x00, 0x00, 0xf5,
    0x00, 0x00, 0x00, 0x00, 0x00, 0x04, 0x90, 0x00, 0x00, 0x03, 0xc0, 0x00, 0x00, 0x03, 0x30, 0x00,

    /* U+0147 LATIN CAPITAL LETTER N WITH CARON */
    0x01, 0x51, 0x03, 0x30, 0x00, 0x07, 0xc9, 0xc1, 0x00, 0x00, 0x06, 0x91, 0x00, 0x06, 0xb1, 0x00,
    0x00, 0x6b, 0x8f, 0xa0, 0x00, 0x08, 0xd8, 0xff, 0x70, 0x00, 0x8d, 0x8d, 0x7f, 0x40, 0x08, 0xd8,
    0xd0, 0xae, 0x20, 0x8d, 0x8d, 0x01, 0xcc, 0x18, 0xd8, 0xd0, 0x02, 0xea, 0x8d, 0x8d, 0x00, 0x04,
    0xff, 0xd8, 0xd0, 0x00, 0x07, 0xfd, 0x8d, 0x00, 0x00, 0x0a, 0xd0,

    /* U+0148 LATIN SMALL LETTER N WITH CARON */
    0x01, 0x51, 0x03, 0x30, 0x00, 0x7c, 0x9c, 0x10, 0x00, 0x06, 0x91, 0x00, 0x54, 0x26, 0x74, 0x00,
    0xbc, 0xec, 0xcf, 0x90, 0xbf, 0x30, 0x06, 0xf2, 0xbb, 0x00, 0x01, 0xf5, 0xb9, 0x00, 0x00, 0xf5,
    0xb9, 0x00, 0x00, 0xf5, 0xb9, 0x00, 0x00, 0xf5, 0xb9, 0x00, 0x00, 0xf5,

    /* U+0149 LATIN SMALL LETTER N PRECEDED BY APOSTROPHE */
    0x06, 0x10, 0x00, 0x00, 0x00, 0x04, 0xf7, 0x00, 0x00, 0x00, 0x00, 0x0e, 0x40, 0x00, 0x00, 0x00,
    0x01, 0xe0, 0x54, 0x26, 0x74, 0x00, 0x15, 0x0b, 0xce, 0xcc, 0xf9, 0x00, 0x00, 0xbf, 0x30, 0x06,
    0xf2, 0x00, 0x0b, 0xb0, 0x00, 0x1f, 0x50, 0x00, 0xb9, 0x00, 0x00, 0xf5, 0x00, 0x0b, 0x90, 0x00,
    0x0f, 0x50, 0x00, 0xb9, 0x00, 0x00, 0xf5, 0x00, 0x0b, 0x90, 0x00, 0x0f, 0x50,

    /* U+014A LATIN CAPITAL LETTER ENG */
    0x6b, 0x10, 0x00, 0x06, 0xb8, 0xfa, 0x00, 0x00, 0x8d, 0x8f, 0xf7, 0x00, 0x08, 0xd8, 0xd7, 0xf4,
    0x00, 0x8d, 0x8d, 0x0a, 0xe2, 0x08, 0xd8, 0xd0, 0x1c, 0xc1, 0x8d, 0x8d, 0x00, 0x2e, 0xa8, 0xd8,
    0xd0, 0x00, 0x4f, 0xfd, 0x8d, 0x00, 0x00, 0x7f, 0xe8, 0xd0, 0x00, 0x00, 0xfd, 0x00, 0x00, 0x10,
    0x0a, 0xb0, 0x00, 0x7d, 0x78, 0xf6, 0x00, 0x01, 0x8b, 0xb6, 0x00,

    /* U+014B LATIN SMALL LETTER ENG */
    0x54, 0x26, 0x74, 0x00, 0xbc, 0xec, 0xcf, 0x90, 0xbf, 0x30, 0x06, 0xf2, 0xbb, 0x00, 0x01, 0xf5,
    0xb9, 0x00, 0x00, 0xf5, 0xb9, 0x00, 0x00, 0xf5, 0xb9, 0x00, 0x00, 0xf5, 0xb9, 0x00, 0x00, 0xf5,
    0x00, 0x00, 0x01, 0xf4, 0x00, 0x03, 0x69, 0xe1, 0x00, 0x05, 0xbb, 0x40,

    /* U+014C LATIN CAPITAL LETTER O WITH MACRON */
    0x00, 0x01, 0xcc, 0xcc, 0x60, 0x00, 0x00, 0x00, 0x00, 0x00, 0x00, 0x00, 0x00, 0x06, 0xbd, 0xda,
    0x40, 0x00, 0x00, 0xbf, 0x95, 0x6b, 0xf8, 0x00, 0x09, 0xe3, 0x00, 0x00, 0x6f, 0x50, 0x1f, 0x70,
    0x00, 0x00, 0x0a, 0xc0, 0x4f, 0x20, 0x00, 0x00, 0x06, 0xf1, 0x4f, 0x20, 0x00, 0x00, 0x05, 0xf1,
    0x2f, 0x50, 0x00, 0x00, 0x09, 0xd0, 0x0b, 0xd1, 0x00, 0x00, 0x4f, 0x70, 0x02, 0xde, 0x63, 0x38,
    0xfb, 0x00, 0x00, 0x19, 0xef, 0xfd, 0x70, 0x00, 0x00, 0x00, 0x01, 0x10, 0x00, 0x00,

    /* U+014D LATIN SMALL LETTER O WITH MACRON */
    0x01, 0xcc, 0xcc, 0x60, 0x00, 0x00, 0x00, 0x00, 0x00, 0x00, 0x15, 0x75, 0x10, 0x00, 0x4e, 0xdb,
    0xed, 0x30, 0x1e, 0x90, 0x00, 0xbd, 0x05, 0xf1, 0x00, 0x03, 0xf3, 0x6f, 0x00, 0x00, 0x1f, 0x43,
    0xf4, 0x00, 0x05, 0xf1, 0x0b, 0xe5, 0x25, 0xe9, 0x00, 0x19, 0xef, 0xe8, 0x00, 0x00, 0x00, 0x10,
    0x00, 0x00,

    /* U+014E LATIN CAPITAL LETTER O WITH BREVE */
    0x00, 0x00, 0x40, 0x02, 0x20, 0x00, 0x00, 0x00, 0xc6, 0x4c, 0x30, 0x00, 0x00, 0x00, 0x17, 0x83,
    0x00, 0x00, 0x00, 0x06, 0xbd, 0xda, 0x40, 0x00, 0x00, 0xbf, 0x95, 0x6b, 0xf8, 0x00, 0x09, 0xe3,
    0x00, 0x00, 0x6f, 0x50, 0x1f, 0x70, 0x00, 0x00, 0x0a, 0xc0, 0x4f, 0x20, 0x00, 0x00, 0x06, 0xf1,
    0x4f, 0x20, 0x00, 0x00, 0x05, 0xf1, 0x2f, 0x50, 0x00, 0x00, 0x09, 0xd0, 0x0b, 0xd1, 0x00, 0x00,
    0x4f, 0x70, 0x02, 0xde, 0x63, 0x38, 0xfb, 0x00, 0x00, 0x19, 0xef, 0xfd, 0x70, 0x00, 0x00, 0x00,
    0x01, 0x10, 0x00, 0x00,

    /* U+014F LATIN SMALL LETTER O WITH BREVE */
    0x00, 0x40, 0x02, 0x20, 0x00, 0x0c, 0x64, 0xc3, 0x00, 0x00, 0x17, 0x83, 0x00, 0x00, 0x01, 0x57,
    0x51, 0x00, 0x04, 0xed, 0xbe, 0xd3, 0x01, 0xe9, 0x00, 0x0b, 0xd0, 0x5f, 0x10, 0x00, 0x3f, 0x36,
    0xf0, 0x00, 0x01, 0xf4, 0x3f, 0x40, 0x00, 0x5f, 0x10, 0xbe, 0x52, 0x5e, 0x90, 0x01, 0x9e, 0xfe,
    0x80, 0x00, 0x00, 0x01, 0x00, 0x00,

    /* U+0150 LATIN CAPITAL LETTER O WITH DOUBLE ACUTE */
    0x00, 0x00, 0x02, 0x50, 0x52, 0x00, 0x00, 0x00, 0x1d, 0x67, 0xc0, 0x00, 0x00, 0x00, 0x36, 0x07,
    0x10, 0x00, 0x00, 0x06, 0xbd, 0xda, 0x40, 0x00, 0x00, 0xbf, 0x95, 0x6b, 0xf8, 0x00, 0x09, 0xe3,
    0x00, 0x00, 0x6f, 0x50, 0x1f, 0x70, 0x00, 0x00, 0x0a, 0xc0, 0x4f, 0x20, 0x00, 0x00, 0x06, 0xf1,
    0x4f, 0x20, 0x00, 0x00, 0x05, 0xf1, 0x2f, 0x50, 0x00, 0x00, 0x09, 0xd0, 0x0b, 0xd1, 0x00, 0x00,
    0x4f, 0x70, 0x02, 0xde, 0x63, 0x38, 0xfb, 0x00, 0x00, 0x19, 0xef, 0xfd, 0x70, 0x00, 0x00, 0x00,
    0x01, 0x10, 0x00, 0x00,

    /* U+0151 LATIN SMALL LETTER O WITH DOUBLE ACUTE */
    0x00, 0x02, 0x50, 0x52, 0x00, 0x01, 0xd6, 0x7c, 0x00, 0x00, 0x36, 0x07, 0x10, 0x00, 0x01, 0x57,
    0x51, 0x00, 0x04, 0xed, 0xbe, 0xd3, 0x01, 0xe9, 0x00, 0x0b, 0xd0, 0x5f, 0x10, 0x00, 0x3f, 0x36,
    0xf0, 0x00, 0x01, 0xf4, 0x3f, 0x40, 0x00, 0x5f, 0x10, 0xbe, 0x52, 0x5e, 0x90, 0x01, 0x9e, 0xfe,
    0x80, 0x00, 0x00, 0x01, 0x00, 0x00,

    /* U+0152 LATIN CAPITAL LIGATURE OE */
    0x00, 0x04, 0x9b, 0xce, 0xec, 0xcc, 0xcc, 0x90, 0x0a, 0xfa, 0x76, 0x8f, 0x86, 0x66, 0x65, 0x09,
    0xe3, 0x00, 0x02, 0xf4, 0x00, 0x00, 0x01, 0xf7, 0x00, 0x00, 0x2f, 0x40, 0x00, 0x00, 0x4f, 0x20,
    0x00, 0x02, 0xfb, 0x99, 0x99, 0x14, 0xf2, 0x00, 0x00, 0x2f, 0xc9, 0x99, 0x92, 0x2f, 0x50, 0x00,
    0x02, 0xf4, 0x00, 0x00, 0x00, 0xbd, 0x10, 0x00, 0x2f, 0x40, 0x00, 0x00, 0x01, 0xde, 0x74, 0x35,
    0xf6, 0x33, 0x33, 0x30, 0x01, 0x7c, 0xef, 0xff, 0xff, 0xff, 0xff,

    /* U+0153 LATIN SMALL LIGATURE OE */
    0x00, 0x15, 0x75, 0x00, 0x04, 0x76, 0x10, 0x00, 0x4e, 0xdb, 0xed, 0x3b, 0xea, 0xce, 0x40, 0x1e,
    0x90, 0x00, 0xbf, 0xd1, 0x00, 0x9e, 0x05, 0xf1, 0x00, 0x03, 0xfa, 0x44, 0x44, 0xf4, 0x6f, 0x00,
    0x00, 0x1f, 0xfb, 0xbb, 0xbb, 0x43, 0xf4, 0x00, 0x05, 0xf9, 0x00, 0x00, 0x00, 0x0b, 0xe5, 0x25,
    0xec, 0xf7, 0x23, 0x88, 0x00, 0x19, 0xef, 0xe7, 0x05, 0xcf, 0xfc, 0x30, 0x00, 0x00, 0x10, 0x00,
    0x00, 0x00, 0x00, 0x00,

    /* U+0154 LATIN CAPITAL LETTER R WITH ACUTE */
    0x00, 0x00, 0x15, 0x30, 0x00, 0x00, 0x1b, 0xa1, 0x00, 0x00, 0x04, 0x60, 0x00, 0x06, 0xdc, 0xcb,
    0xa5, 0x00, 0x8f, 0x66, 0x79, 0xfa, 0x08, 0xd0, 0x00, 0x05, 0xf3, 0x8d, 0x00, 0x00, 0x1f, 0x58,
    0xd0, 0x00, 0x04, 0xf4, 0x8f, 0x33, 0x36, 0xdc, 0x08, 0xff, 0xff, 0xfa, 0x10, 0x8d, 0x00, 0x0b,
    0xc0, 0x08, 0xd0, 0x00, 0x1e, 0x70, 0x8d, 0x00, 0x00, 0x5f, 0x30,

    /* U+0155 LATIN SMALL LETTER R WITH ACUTE */
    0x00, 0x15, 0x30, 0x1b, 0xa1, 0x04, 0x60, 0x05, 0x41, 0x62, 0xbc, 0xed, 0x3b, 0xf5, 0x00, 0xbb,
    0x00, 0x0b, 0x90, 0x00, 0xb9, 0x00, 0x0b, 0x90, 0x00, 0xb9, 0x00, 0x00,

    /* U+0156 LATIN CAPITAL LETTER R WITH CEDILLA */
    0x6d, 0xcc, 0xba, 0x50, 0x08, 0xf6, 0x67, 0x9f, 0xa0, 0x8d, 0x00, 0x00, 0x5f, 0x38, 0xd0, 0x00,
    0x01, 0xf5, 0x8d, 0x00, 0x00, 0x4f, 0x48, 0xf3, 0x33, 0x6d, 0xc0, 0x8f, 0xff, 0xff, 0xa1, 0x08,
    0xd0, 0x00, 0xbc, 0x00, 0x8d, 0x00, 0x01, 0xe7, 0x08, 0xd0, 0x00, 0x05, 0xf3, 0x00, 0x00, 0x00,
    0x00, 0x00, 0x00, 0x49, 0x00, 0x00, 0x00, 0x03, 0xc0, 0x00, 0x00, 0x00, 0x33, 0x00, 0x00,

    /* U+0157 LATIN SMALL LETTER R WITH CEDILLA */
    0x54, 0x16, 0x2b, 0xce, 0xd3, 0xbf, 0x50, 0x0b, 0xb0, 0x00, 0xb9, 0x00, 0x0b, 0x90, 0x00, 0xb9,
    0x00, 0x0b, 0x90, 0x00, 0x00, 0x00, 0x04, 0x90, 0x00, 0x3c, 0x00, 0x03, 0x30, 0x00,

    /* U+0158 LATIN CAPITAL LETTER R WITH CARON */
    0x01, 0x51, 0x03, 0x30, 0x00, 0x07, 0xc9, 0xc1, 0x00, 0x00, 0x06, 0x91, 0x00, 0x06, 0xdc, 0xcb,
    0xa5, 0x00, 0x8f, 0x66, 0x79, 0xfa, 0x08, 0xd0, 0x00, 0x05, 0xf3, 0x8d, 0x00, 0x00, 0x1f, 0x58,
    0xd0, 0x00, 0x04, 0xf4, 0x8f, 0x33, 0x36, 0xdc, 0x08, 0xff, 0xff, 0xfa, 0x10, 0x8d, 0x00, 0x0b,
    0xc0, 0x08, 0xd0, 0x00, 0x1e, 0x70, 0x8d, 0x00, 0x00, 0x5f, 0x30,

    /* U+0159 LATIN SMALL LETTER R WITH CARON */
    0x15, 0x10, 0x33, 0x07, 0xc9, 0xc1, 0x00, 0x69, 0x10, 0x05, 0x41, 0x62, 0x0b, 0xce, 0xd3, 0x0b,
    0xf5, 0x00, 0x0b, 0xb0, 0x00, 0x0b, 0x90, 0x00, 0x0b, 0x90, 0x00, 0x0b, 0x90, 0x00, 0x0b, 0x90,
    0x00,

    /* U+015A LATIN CAPITAL LETTER S WITH ACUTE */
    0x00, 0x00, 0x15, 0x30, 0x00, 0x00, 0x1b, 0xa1, 0x00, 0x00, 0x04, 0x60, 0x00, 0x00, 0x18, 0xcd,
    0xc8, 0x20, 0x0b, 0xd6, 0x56, 0xb7, 0x02, 0xf4, 0x00, 0x00, 0x00, 0x1f, 0x70, 0x00, 0x00, 0x00,
    0x8f, 0xc8, 0x40, 0x00, 0x00, 0x38, 0xcf, 0xd4, 0x00, 0x00, 0x00, 0x2b, 0xe0, 0x01, 0x00, 0x00,
    0x4f, 0x13, 0xd6, 0x21, 0x3c, 0xc0, 0x07, 0xdf, 0xff, 0xa1, 0x00, 0x00, 0x11, 0x00, 0x00,

    /* U+015B LATIN SMALL LETTER S WITH ACUTE */
    0x00, 0x01, 0x53, 0x00, 0x01, 0xba, 0x10, 0x00, 0x46, 0x00, 0x00, 0x15, 0x76, 0x30, 0x1d, 0xda,
    0xcf, 0x26, 0xf1, 0x00, 0x10, 0x3f, 0x94, 0x10, 0x00, 0x5b, 0xef, 0xb1, 0x00, 0x00, 0x2e, 0x84,
    0x83, 0x24, 0xe7, 0x4b, 0xef, 0xe9, 0x10, 0x00, 0x10, 0x00,

    /* U+015C LATIN CAPITAL LETTER S WITH CIRCUMFLEX */
    0x00, 0x03, 0x50, 0x00, 0x00, 0x05, 0xed, 0xa0, 0x00, 0x01, 0x72, 0x06, 0x30, 0x00, 0x18, 0xcd,
    0xc8, 0x20, 0x0b, 0xd6, 0x56, 0xb7, 0x02, 0xf4, 0x00, 0x00, 0x00, 0x1f, 0x70, 0x00, 0x00, 0x00,
    0x8f, 0xc8, 0x40, 0x00, 0x00, 0x38, 0xcf, 0xd4, 0x00, 0x00, 0x00, 0x2b, 0xe0, 0x01, 0x00, 0x00,
    0x4f, 0x13, 0xd6, 0x21, 0x3c, 0xc0, 0x07, 0xdf, 0xff, 0xa1, 0x00, 0x00, 0x11, 0x00, 0x00,

    /* U+015D LATIN SMALL LETTER S WITH CIRCUMFLEX */
    0x00, 0x35, 0x00, 0x00, 0x5e, 0xda, 0x00, 0x17, 0x20, 0x63, 0x00, 0x15, 0x76, 0x30, 0x1d, 0xda,
    0xcf, 0x26, 0xf1, 0x00, 0x10, 0x3f, 0x94, 0x10, 0x00, 0x5b, 0xef, 0xb1, 0x00, 0x00, 0x2e, 0x84,
    0x83, 0x24, 0xe7, 0x4b, 0xef, 0xe9, 0x10, 0x00, 0x10, 0x00,

    /* U+015E LATIN CAPITAL LETTER S WITH CEDILLA */
    0x01, 0x8c, 0xdc, 0x82, 0x00, 0xbd, 0x65, 0x6b, 0x70, 0x2f, 0x40, 0x00, 0x00, 0x01, 0xf7, 0x00,
    0x00, 0x00, 0x08, 0xfc, 0x84, 0x00, 0x00, 0x03, 0x8c, 0xfd, 0x40, 0x00, 0x00, 0x02, 0xbe, 0x00,
    0x10, 0x00, 0x04, 0xf1, 0x3d, 0x62, 0x13, 0xcc, 0x00, 0x7d, 0xff, 0xfa, 0x10, 0x00, 0x06, 0xa0,
    0x00, 0x00, 0x00, 0x2a, 0x70, 0x00, 0x00, 0x3a, 0xd5, 0x00, 0x00, 0x00, 0x11, 0x00, 0x00,

    /* U+015F LATIN SMALL LETTER S WITH CEDILLA */
    0x01, 0x57, 0x63, 0x01, 0xdd, 0xac, 0xf2, 0x6f, 0x10, 0x01, 0x03, 0xf9, 0x41, 0x00, 0x05, 0xbe,
    0xfb, 0x10, 0x00, 0x02, 0xe8, 0x48, 0x32, 0x4e, 0x74, 0xbf, 0xfe, 0x91, 0x00, 0x59, 0x00, 0x00,
    0x02, 0xa7, 0x00, 0x03, 0xad, 0x50, 0x00, 0x01, 0x10, 0x00,

    /* U+0160 LATIN CAPITAL LETTER S WITH CARON */
    0x01, 0x51, 0x03, 0x30, 0x00, 0x07, 0xc9, 0xc1, 0x00, 0x00, 0x06, 0x91, 0x00, 0x00, 0x18, 0xcd,
    0xc8, 0x20, 0x0b, 0xd6, 0x56, 0xb7, 0x02, 0xf4, 0x00, 0x00, 0x00, 0x1f, 0x70, 0x00, 0x00, 0x00,
    0x8f, 0xc8, 0x40, 0x00, 0x00, 0x38, 0xcf, 0xd4, 0x00, 0x00, 0x00, 0x2b, 0xe0, 0x01, 0x00, 0x00,
    0x4f, 0x13, 0xd6, 0x21, 0x3c, 0xc0, 0x07, 0xdf, 0xff, 0xa1, 0x00, 0x00, 0x11, 0x00, 0x00,

    /* U+0161 LATIN SMALL LETTER S WITH CARON */
    0x15, 0x10, 0x33, 0x00, 0x7c, 0x9c, 0x10, 0x00, 0x69, 0x10, 0x00, 0x15, 0x76, 0x30, 0x1d, 0xda,
    0xcf, 0x26, 0xf1, 0x00, 0x10, 0x3f, 0x94, 0x10, 0x00, 0x5b, 0xef, 0xb1, 0x00, 0x00, 0x2e, 0x84,
    0x83, 0x24, 0xe7, 0x4b, 0xef, 0xe9, 0x10, 0x00, 0x10, 0x00,

    /* U+0162 LATIN CAPITAL LETTER T WITH CEDILLA */
    0xbc, 0xcc, 0xcc, 0xcc, 0x26, 0x66, 0xbd, 0x66, 0x61, 0x00, 0x09, 0xc0, 0x00, 0x00, 0x00, 0x9c,
    0x00, 0x00, 0x00, 0x09, 0xc0, 0x00, 0x00, 0x00, 0x9c, 0x00, 0x00, 0x00, 0x09, 0xc0, 0x00, 0x00,
    0x00, 0x9c, 0x00, 0x00, 0x00, 0x09, 0xc0, 0x00, 0x00, 0x00, 0x9d, 0x00, 0x00, 0x00, 0x05, 0x90,
    0x00, 0x00, 0x00, 0x2a, 0x70, 0x00, 0x00, 0x3a, 0xd5, 0x00, 0x00, 0x00, 0x11, 0x00, 0x00,

    /* U+0163 LATIN SMALL LETTER T WITH CEDILLA */
    0x00, 0x10, 0x00, 0x08, 0xc0, 0x00, 0x5e, 0xf6, 0x60, 0x8f, 0xfa, 0xa0, 0x08, 0xc0, 0x00, 0x08,
    0xc0, 0x00, 0x08, 0xc0, 0x00, 0x08, 0xc0, 0x00, 0x06, 0xe3, 0x21, 0x01, 0xbf, 0xe3, 0x00, 0x59,
    0x00, 0x00, 0x2a, 0x70, 0x03, 0xad, 0x50, 0x00, 0x11, 0x00,

    /* U+0164 LATIN CAPITAL LETTER T WITH CARON */
    0x01, 0x51, 0x03, 0x30, 0x00, 0x07, 0xc9, 0xc1, 0x00, 0x00, 0x06, 0x91, 0x00, 0x0b, 0xcc, 0xcc,
    0xcc, 0xc2, 0x66, 0x6b, 0xd6, 0x66, 0x10, 0x00, 0x9c, 0x00, 0x00, 0x00, 0x09, 0xc0, 0x00, 0x00,
    0x00, 0x9c, 0x00, 0x00, 0x00, 0x09, 0xc0, 0x00, 0x00, 0x00, 0x9c, 0x00, 0x00, 0x00, 0x09, 0xc0,
    0x00, 0x00, 0x00, 0x9c, 0x00, 0x00, 0x00, 0x09, 0xc0, 0x00, 0x00,

    /* U+0165 LATIN SMALL LETTER T WITH CARON */
    0x00, 0x00, 0x93, 0x00, 0x10, 0xc3, 0x08, 0xc0, 0x81, 0x5e, 0xf6, 0x60, 0x8f, 0xfa, 0xa0, 0x08,
    0xc0, 0x00, 0x08, 0xc0, 0x00, 0x08, 0xc0, 0x00, 0x08, 0xc0, 0x00, 0x06, 0xe3, 0x21, 0x01, 0xbf,
    0xe3,

    /* U+0166 LATIN CAPITAL LETTER T WITH STROKE */
    0xbc, 0xcc, 0xcc, 0xcc, 0x26, 0x66, 0xbd, 0x66, 0x61, 0x00, 0x09, 0xc0, 0x00, 0x00, 0x00, 0x9c,
    0x00, 0x00, 0x06, 0x8f, 0xf8, 0x80, 0x00, 0x68, 0xff, 0x88, 0x00, 0x00, 0x09, 0xc0, 0x00, 0x00,
    0x00, 0x9c, 0x00, 0x00, 0x00, 0x09, 0xc0, 0x00, 0x00, 0x00, 0x9c, 0x00, 0x00,

    /* U+0167 LATIN SMALL LETTER T WITH STROKE */
    0x00, 0x10, 0x00, 0x08, 0xd0, 0x00, 0x5e, 0xf6, 0x60, 0x8f, 0xfa, 0xa0, 0x08, 0xd0, 0x00, 0x3c,
    0xf4, 0x10, 0x8f, 0xfa, 0x30, 0x07, 0xd0, 0x00, 0x06, 0xf3, 0x21, 0x00, 0xbf, 0xe4,

    /* U+0168 LATIN CAPITAL LETTER U WITH TILDE */
    0x00, 0x45, 0x01, 0x40, 0x00, 0x2d, 0x8c, 0xa8, 0x00, 0x02, 0x30, 0x35, 0x00, 0x07, 0x90, 0x00,
    0x00, 0x88, 0x9c, 0x00, 0x00, 0x0a, 0xa9, 0xc0, 0x00, 0x00, 0xaa, 0x9c, 0x00, 0x00, 0x0a, 0xa9,
    0xc0, 0x00, 0x00, 0xaa, 0x9c, 0x00, 0x00, 0x0a, 0xa8, 0xd0, 0x00, 0x00, 0xc9, 0x5f, 0x30, 0x00,
    0x2f, 0x60, 0xdd, 0x53, 0x5c, 0xd1, 0x02, 0xaf, 0xff, 0xb2, 0x00, 0x00, 0x01, 0x00, 0x00,

    /* U+0169 LATIN SMALL LETTER U WITH TILDE */
    0x00, 0x13, 0x01, 0x20, 0x00, 0xca, 0xaa, 0x60, 0x01, 0x40, 0x46, 0x00, 0x53, 0x00, 0x01, 0x61,
    0xc8, 0x00, 0x02, 0xf3, 0xc8, 0x00, 0x02, 0xf3, 0xc8, 0x00, 0x02, 0xf3, 0xc8, 0x00, 0x03, 0xf3,
    0xba, 0x00, 0x05, 0xf3, 0x7f, 0x62, 0x5e, 0xf3, 0x08, 0xef, 0xd6, 0xf3, 0x00, 0x01, 0x00, 0x00,

    /* U+016A LATIN CAPITAL LETTER U WITH MACRON */
    0x01, 0xcc, 0xcc, 0x60, 0x00, 0x00, 0x00, 0x00, 0x00, 0x79, 0x00, 0x00, 0x08, 0x89, 0xc0, 0x00,
    0x00, 0xaa, 0x9c, 0x00, 0x00, 0x0a, 0xa9, 0xc0, 0x00, 0x00, 0xaa, 0x9c, 0x00, 0x00, 0x0a, 0xa9,
    0xc0, 0x00, 0x00, 0xaa, 0x8d, 0x00, 0x00, 0x0c, 0x95, 0xf3, 0x00, 0x02, 0xf6, 0x0d, 0xd5, 0x35,
    0xcd, 0x10, 0x2a, 0xff, 0xfb, 0x20, 0x00, 0x00, 0x10, 0x00, 0x00,

    /* U+016B LATIN SMALL LETTER U WITH MACRON */
    0x01, 0xcc, 0xcc, 0x60, 0x00, 0x00, 0x00, 0x00, 0x53, 0x00, 0x01, 0x61, 0xc8, 0x00, 0x02, 0xf3,
    0xc8, 0x00, 0x02, 0xf3, 0xc8, 0x00, 0x02, 0xf3, 0xc8, 0x00, 0x03, 0xf3, 0xba, 0x00, 0x05, 0xf3,
    0x7f, 0x62, 0x5e, 0xf3, 0x08, 0xef, 0xd6, 0xf3, 0x00, 0x01, 0x00, 0x00,

    /* U+016C LATIN CAPITAL LETTER U WITH BREVE */
    0x00, 0x40, 0x02, 0x20, 0x00, 0x0c, 0x64, 0xc3, 0x00, 0x00, 0x17, 0x83, 0x00, 0x07, 0x90, 0x00,
    0x00, 0x88, 0x9c, 0x00, 0x00, 0x0a, 0xa9, 0xc0, 0x00, 0x00, 0xaa, 0x9c, 0x00, 0x00, 0x0a, 0xa9,
    0xc0, 0x00, 0x00, 0xaa, 0x9c, 0x00, 0x00, 0x0a, 0xa8, 0xd0, 0x00, 0x00, 0xc9, 0x5f, 0x30, 0x00,
    0x2f, 0x60, 0xdd, 0x53, 0x5c, 0xd1, 0x02, 0xaf, 0xff, 0xb2, 0x00, 0x00, 0x01, 0x00, 0x00,

    /* U+016D LATIN SMALL LETTER U WITH BREVE */
    0x00, 0x40, 0x02, 0x20, 0x00, 0xc6, 0x4c, 0x30, 0x00, 0x17, 0x83, 0x00, 0x53, 0x00, 0x01, 0x61,
    0xc8, 0x00, 0x02, 0xf3, 0xc8, 0x00, 0x02, 0xf3, 0xc8, 0x00, 0x02, 0xf3, 0xc8, 0x00, 0x03, 0xf3,
    0xba, 0x00, 0x05, 0xf3, 0x7f, 0x62, 0x5e, 0xf3, 0x08, 0xef, 0xd6, 0xf3, 0x00, 0x01, 0x00, 0x00,

    /* U+016E LATIN CAPITAL LETTER U WITH RING ABOVE */
    0x00, 0x02, 0x40, 0x00, 0x00, 0x02, 0x95, 0x70, 0x00, 0x00, 0x46, 0x19, 0x00, 0x00, 0x00, 0x68,
    0x20, 0x00, 0x79, 0x00, 0x00, 0x08, 0x89, 0xc0, 0x00, 0x00, 0xaa, 0x9c, 0x00, 0x00, 0x0a, 0xa9,
    0xc0, 0x00, 0x00, 0xaa, 0x9c, 0x00, 0x00, 0x0a, 0xa9, 0xc0, 0x00, 0x00, 0xaa, 0x8d, 0x00, 0x00,
    0x0c, 0x95, 0xf3, 0x00, 0x02, 0xf6, 0x0d, 0xd5, 0x35, 0xcd, 0x10, 0x2a, 0xff, 0xfb, 0x20, 0x00,
    0x00, 0x10, 0x00, 0x00,

    /* U+016F LATIN SMALL LETTER U WITH RING ABOVE */
    0x00, 0x02, 0x40, 0x00, 0x00, 0x29, 0x57, 0x00, 0x00, 0x46, 0x19, 0x00, 0x00, 0x06, 0x82, 0x00,
    0x53, 0x00, 0x01, 0x61, 0xc8, 0x00, 0x02, 0xf3, 0xc8, 0x00, 0x02, 0xf3, 0xc8, 0x00, 0x02, 0xf3,
    0xc8, 0x00, 0x03, 0xf3, 0xba, 0x00, 0x05, 0xf3, 0x7f, 0x62, 0x5e, 0xf3, 0x08, 0xef, 0xd6, 0xf3,
    0x00, 0x01, 0x00, 0x00,

    /* U+0170 LATIN CAPITAL LETTER U WITH DOUBLE ACUTE */
    0x00, 0x02, 0x50, 0x52, 0x00, 0x01, 0xd6, 0x7c, 0x00, 0x00, 0x36, 0x07, 0x10, 0x07, 0x90, 0x00,
    0x00, 0x88, 0x9c, 0x00, 0x00, 0x0a, 0xa9, 0xc0, 0x00, 0x00, 0xaa, 0x9c, 0x00, 0x00, 0x0a, 0xa9,
    0xc0, 0x00, 0x00, 0xaa, 0x9c, 0x00, 0x00, 0x0a, 0xa8, 0xd0, 0x00, 0x00, 0xc9, 0x5f, 0x30, 0x00,
    0x2f, 0x60, 0xdd, 0x53, 0x5c, 0xd1, 0x02, 0xaf, 0xff, 0xb2, 0x00, 0x00, 0x01, 0x00, 0x00,

    /* U+0171 LATIN SMALL LETTER U WITH DOUBLE ACUTE */
    0x00, 0x02, 0x50, 0x52, 0x00, 0x1d, 0x67, 0xc0, 0x00, 0x36, 0x07, 0x10, 0x53, 0x00, 0x01, 0x61,
    0xc8, 0x00, 0x02, 0xf3, 0xc8, 0x00, 0x02, 0xf3, 0xc8, 0x00, 0x02, 0xf3, 0xc8, 0x00, 0x03, 0xf3,
    0xba, 0x00, 0x05, 0xf3, 0x7f, 0x62, 0x5e, 0xf3, 0x08, 0xef, 0xd6, 0xf3, 0x00, 0x01, 0x00, 0x00,

    /* U+0172 LATIN CAPITAL LETTER U WITH OGONEK */
    0x79, 0x00, 0x00, 0x08, 0x89, 0xc0, 0x00, 0x00, 0xaa, 0x9c, 0x00, 0x00, 0x0a, 0xa9, 0xc0, 0x00,
    0x00, 0xaa, 0x9c, 0x00, 0x00, 0x0a, 0xa9, 0xc0, 0x00, 0x00, 0xaa, 0x8d, 0x00, 0x00, 0x0c, 0x95,
    0xf3, 0x00, 0x02, 0xf6, 0x0d, 0xd5, 0x35, 0xcd, 0x10, 0x2a, 0xff, 0xfa, 0x20, 0x00, 0x04, 0xd3,
    0x00, 0x00, 0x00, 0xb3, 0x00, 0x00, 0x00, 0x08, 0xcb, 0x00, 0x00, 0x00, 0x01, 0x10, 0x00,

    /* U+0173 LATIN SMALL LETTER U WITH OGONEK */
    0x53, 0x00, 0x01, 0x61, 0xc8, 0x00, 0x02, 0xf3, 0xc8, 0x00, 0x02, 0xf3, 0xc8, 0x00, 0x02, 0xf3,
    0xc8, 0x00, 0x03, 0xf3, 0xba, 0x00, 0x05, 0xf3, 0x7f, 0x62, 0x5e, 0xf3, 0x08, 0xef, 0xd6, 0xf4,
    0x00, 0x01, 0x09, 0x91, 0x00, 0x00, 0x2d, 0x00, 0x00, 0x00, 0x0c, 0xb7, 0x00, 0x00, 0x00, 0x20,

    /* U+0174 LATIN CAPITAL LETTER W WITH CIRCUMFLEX */
    0x00, 0x00, 0x00, 0x03, 0x50, 0x00, 0x00, 0x00, 0x00, 0x00, 0x00, 0x5e, 0xda, 0x00, 0x00, 0x00,
    0x00, 0x00, 0x01, 0x72, 0x06, 0x30, 0x00, 0x00, 0x5c, 0x10, 0x00, 0x0a, 0x90, 0x00, 0x02, 0xc2,
    0x2f, 0x50, 0x00, 0x2f, 0xf1, 0x00, 0x07, 0xd0, 0x0c, 0xa0, 0x00, 0x7d, 0xe5, 0x00, 0x0c, 0x80,
    0x07, 0xe1, 0x00, 0xd7, 0xaa, 0x00, 0x2f, 0x30, 0x02, 0xf5, 0x03, 0xf2, 0x5f, 0x10, 0x7d, 0x00,
    0x00, 0xca, 0x08, 0xb0, 0x0e, 0x60, 0xc8, 0x00, 0x00, 0x7e, 0x1d, 0x60, 0x0a, 0xb2, 0xf3, 0x00,
    0x00, 0x2f, 0x8f, 0x10, 0x04, 0xf8, 0xd0, 0x00, 0x00, 0x0c, 0xfb, 0x00, 0x00, 0xef, 0x80, 0x00,
    0x00, 0x07, 0xf6, 0x00, 0x00, 0x9f, 0x30, 0x00,

    /* U+0175 LATIN SMALL LETTER W WITH CIRCUMFLEX */
    0x00, 0x00, 0x03, 0x50, 0x00, 0x00, 0x00, 0x00, 0x05, 0xed, 0xa0, 0x00, 0x00, 0x00, 0x01, 0x72,
    0x06, 0x30, 0x00, 0x05, 0x30, 0x00, 0x26, 0x00, 0x00, 0x53, 0x9a, 0x00, 0x09, 0xf3, 0x00, 0x1f,
    0x23, 0xf1, 0x01, 0xee, 0x90, 0x06, 0xc0, 0x0d, 0x60, 0x5d, 0x4e, 0x00, 0xc6, 0x00, 0x7c, 0x0b,
    0x70, 0xd5, 0x3f, 0x10, 0x02, 0xf4, 0xf2, 0x08, 0xb8, 0xa0, 0x00, 0x0b, 0xfb, 0x00, 0x2f, 0xf4,
    0x00, 0x00, 0x5f, 0x50, 0x00, 0xcf, 0x00, 0x00,

    /* U+0176 LATIN CAPITAL LETTER Y WITH CIRCUMFLEX */
    0x00, 0x03, 0x50, 0x00, 0x00, 0x05, 0xed, 0xa0, 0x00, 0x01, 0x72, 0x06, 0x30, 0x0a, 0x80, 0x00,
    0x00, 0x6a, 0x4f, 0x30, 0x00, 0x2e, 0x50, 0xac, 0x00, 0x0a, 0xb0, 0x01, 0xe7, 0x04, 0xf2, 0x00,
    0x07, 0xe2, 0xd7, 0x00, 0x00, 0x0c, 0xfd, 0x00, 0x00, 0x00, 0x5f, 0x60, 0x00, 0x00, 0x03, 0xf3,
    0x00, 0x00, 0x00, 0x3f, 0x30, 0x00, 0x00, 0x03, 0xf3, 0x00, 0x00,

    /* U+0177 LATIN SMALL LETTER Y WITH CIRCUMFLEX */
    0x00, 0x00, 0x35, 0x00, 0x00, 0x00, 0x5e, 0xda, 0x00, 0x00, 0x17, 0x20, 0x63, 0x00, 0x63, 0x00,
    0x00, 0x45, 0x09, 0xc0, 0x00, 0x0d, 0x70, 0x3f, 0x30, 0x05, 0xe1, 0x00, 0xba, 0x00, 0xb8, 0x00,
    0x04, 0xf1, 0x3f, 0x20, 0x00, 0x0d, 0x89, 0xa0, 0x00, 0x00, 0x6f, 0xf3, 0x00, 0x00, 0x01, 0xfd,
    0x00, 0x00, 0x00, 0x1f, 0x50, 0x00, 0x1a, 0x6b, 0xc0, 0x00, 0x01, 0x8b, 0x91, 0x00, 0x00,

    /* U+0178 LATIN CAPITAL LETTER Y WITH DIAERESIS */
    0x00, 0x10, 0x01, 0x00, 0x00, 0x0b, 0x82, 0xf2, 0x00, 0x00, 0x21, 0x02, 0x00, 0x0a, 0x80, 0x00,
    0x00, 0x6a, 0x4f, 0x30, 0x00, 0x2e, 0x50, 0xac, 0x00, 0x0a, 0xb0, 0x01, 0xe7, 0x04, 0xf2, 0x00,
    0x07, 0xe2, 0xd7, 0x00, 0x00, 0x0c, 0xfd, 0x00, 0x00, 0x00, 0x5f, 0x60, 0x00, 0x00, 0x03, 0xf3,
    0x00, 0x00, 0x00, 0x3f, 0x30, 0x00, 0x00, 0x03, 0xf3, 0x00, 0x00,

    /* U+0179 LATIN CAPITAL LETTER Z WITH ACUTE */
    0x00, 0x00, 0x01, 0x53, 0x00, 0x00, 0x01, 0xba, 0x10, 0x00, 0x00, 0x46, 0x00, 0x04, 0xcc, 0xcc,
    0xcc, 0xc7, 0x26, 0x66, 0x66, 0xbf, 0x50, 0x00, 0x00, 0x3e, 0x80, 0x00, 0x00, 0x1d, 0xb0, 0x00,
    0x00, 0x0b, 0xd1, 0x00, 0x00, 0x08, 0xe2, 0x00, 0x00, 0x05, 0xf5, 0x00, 0x00, 0x03, 0xe8, 0x00,
    0x00, 0x01, 0xde, 0x33, 0x33, 0x33, 0x6f, 0xff, 0xff, 0xff, 0xc0,

    /* U+017A LATIN SMALL LETTER Z WITH ACUTE */
    0x00, 0x01, 0x53, 0x00, 0x01, 0xba, 0x10, 0x00, 0x46, 0x00, 0x02, 0x66, 0x66, 0x64, 0x4a, 0xaa,
    0xbf, 0x80, 0x00, 0x0a, 0xc0, 0x00, 0x08, 0xe2, 0x00, 0x05, 0xf4, 0x00, 0x03, 0xe6, 0x00, 0x01,
    0xeb, 0x22, 0x21, 0x6f, 0xff, 0xff, 0xc0,

    /* U+017B LATIN CAPITAL LETTER Z WITH DOT ABOVE */
    0x00, 0x00, 0x14, 0x00, 0x00, 0x00, 0x08, 0xe0, 0x00, 0x00, 0x00, 0x12, 0x00, 0x04, 0xcc, 0xcc,
    0xcc, 0xc7, 0x26, 0x66, 0x66, 0xbf, 0x50, 0x00, 0x00, 0x3e, 0x80, 0x00, 0x00, 0x1d, 0xb0, 0x00,
    0x00, 0x0b, 0xd1, 0x00, 0x00, 0x08, 0xe2, 0x00, 0x00, 0x05, 0xf5, 0x00, 0x00, 0x03, 0xe8, 0x00,
    0x00, 0x01, 0xde, 0x33, 0x33, 0x33, 0x6f, 0xff, 0xff, 0xff, 0xc0,

    /* U+017C LATIN SMALL LETTER Z WITH DOT ABOVE */
    0x00, 0x14, 0x00, 0x00, 0x08, 0xe0, 0x00, 0x00, 0x12, 0x00, 0x02, 0x66, 0x66, 0x64, 0x4a, 0xaa,
    0xbf, 0x80, 0x00, 0x0a, 0xc0, 0x00, 0x08, 0xe2, 0x00, 0x05, 0xf4, 0x00, 0x03, 0xe6, 0x00, 0x01,
    0xeb, 0x22, 0x21, 0x6f, 0xff, 0xff, 0xc0,

    /* U+017D LATIN CAPITAL LETTER Z WITH CARON */
    0x00, 0x15, 0x10, 0x33, 0x00, 0x00, 0x7c, 0x9c, 0x10, 0x00, 0x00, 0x69, 0x10, 0x04, 0xcc, 0xcc,
    0xcc, 0xc7, 0x26, 0x66, 0x66, 0xbf, 0x50, 0x00, 0x00, 0x3e, 0x80, 0x00, 0x00, 0x1d, 0xb0, 0x00,
    0x00, 0x0b, 0xd1, 0x00, 0x00, 0x08, 0xe2, 0x00, 0x00, 0x05, 0xf5, 0x00, 0x00, 0x03, 0xe8, 0x00,
    0x00, 0x01, 0xde, 0x33, 0x33, 0x33, 0x6f, 0xff, 0xff, 0xff, 0xc0,

    /* U+017E LATIN SMALL LETTER Z WITH CARON */
    0x15, 0x10, 0x33, 0x00, 0x7c, 0x9c, 0x10, 0x00, 0x69, 0x10, 0x02, 0x66, 0x66, 0x64, 0x4a, 0xaa,
    0xbf, 0x80, 0x00, 0x0a, 0xc0, 0x00, 0x08, 0xe2, 0x00, 0x05, 0xf4, 0x00, 0x03, 0xe6, 0x00, 0x01,
    0xeb, 0x22, 0x21, 0x6f, 0xff, 0xff, 0xc0,

    /* U+017F LATIN SMALL LETTER LONG S */
    0x00, 0x16, 0x62, 0x01, 0xdc, 0xb5, 0x05, 0xf1, 0x00, 0x4c, 0xf0, 0x00, 0x7f, 0xf0, 0x00, 0x06,
    0xe0, 0x00, 0x06, 0xe0, 0x00, 0x06, 0xe0, 0x00, 0x06, 0xe0, 0x00, 0x06, 0xe0, 0x00, 0x06, 0xe0,
    0x00,

    /* U+2013 EN DASH */
    0x55, 0x55, 0x55, 0x59, 0x99, 0x99, 0x99,

    /* U+2014 EM DASH */
    0x55, 0x55, 0x55, 0x55, 0x55, 0x55, 0x55, 0x99, 0x99, 0x99, 0x99, 0x99, 0x99, 0x99,

    /* U+2018 LEFT SINGLE QUOTATION MARK */
    0x03, 0x20, 0xb3, 0x1f, 0x14, 0xf7, 0x17, 0x10,

    /* U+2019 RIGHT SINGLE QUOTATION MARK */
    0x06, 0x14, 0xf7, 0x0e, 0x41, 0xe0, 0x15, 0x00,

    /* U+201C LEFT DOUBLE QUOTATION MARK */
    0x03, 0x20, 0x32, 0x0b, 0x30, 0xb3, 0x1f, 0x11, 0xf1, 0x4f, 0x74, 0xf7, 0x17, 0x11, 0x71,

    /* U+201D RIGHT DOUBLE QUOTATION MARK */
    0x06, 0x10, 0x61, 0x4f, 0x74, 0xf7, 0x0e, 0x40, 0xe4, 0x1e, 0x01, 0xe0, 0x15, 0x01, 0x50,

    /* U+2022 BULLET */
    0x01, 0x0c, 0xf3, 0xef, 0x53, 0x50,

    /* U+2026 HORIZONTAL ELLIPSIS */
    0x2c, 0x42, 0xc4, 0x02, 0xc4, 0x3f, 0x63, 0xf6, 0x03, 0xf6,
};

/*---------------------
 *  GLYPH DESCRIPTION
 *--------------------*/

static const lv_font_fmt_txt_glyph_dsc_t glyph_dsc[] = {
    {.bitmap_index = 0, .adv_w = 0, .box_w = 0, .box_h = 0, .ofs_x = 0, .ofs_y = 0} /* id = 0 reserved */,
    {.bitmap_index = 0, .adv_w = 60, .box_w = 0, .box_h = 0, .ofs_x = 0, .ofs_y = 0}, /* id = 1 U+00A0 */
    {.bitmap_index = 0, .adv_w = 60, .box_w = 2, .box_h = 11, .ofs_x = 1, .ofs_y = -3}, /* id = 2 U+00A1 */
    {.bitmap_index = 11, .adv_w = 128, .box_w = 8, .box_h = 12, .ofs_x = 0, .ofs_y = -2}, /* id = 3 U+00A2 */
    {.bitmap_index = 59, .adv_w = 145, .box_w = 9, .box_h = 10, .ofs_x = 0, .ofs_y = 0}, /* id = 4 U+00A3 */
    {.bitmap_index = 104, .adv_w = 157, .box_w = 10, .box_h = 9, .ofs_x = 0, .ofs_y = 0}, /* id = 5 U+00A4 */
    {.bitmap_index = 149, .adv_w = 158, .box_w = 10, .box_h = 10, .ofs_x = 0, .ofs_y = 0}, /* id = 6 U+00A5 */
    {.bitmap_index = 199, .adv_w = 67, .box_w = 2, .box_h = 14, .ofs_x = 1, .ofs_y = -3}, /* id = 7 U+00A6 */
    {.bitmap_index = 213, .adv_w = 112, .box_w = 7, .box_h = 12, .ofs_x = 0, .ofs_y = -2}, /* id = 8 U+00A7 */
    {.bitmap_index = 255, .adv_w = 134, .box_w = 5, .box_h = 3, .ofs_x = 2, .ofs_y = 8}, /* id = 9 U+00A8 */
    {.bitmap_index = 263, .adv_w = 180, .box_w = 11, .box_h = 10, .ofs_x = 0, .ofs_y = 0}, /* id = 10 U+00A9 */
    {.bitmap_index = 318, .adv_w = 90, .box_w = 5, .box_h = 5, .ofs_x = 0, .ofs_y = 6}, /* id = 11 U+00AA */
    {.bitmap_index = 331, .adv_w = 113, .box_w = 7, .box_h = 6, .ofs_x = 0, .ofs_y = 1}, /* id = 12 U+00AB */
    {.bitmap_index = 352, .adv_w = 130, .box_w = 8, .box_h = 5, .ofs_x = 0, .ofs_y = 1}, /* id = 13 U+00AC */
    {.bitmap_index = 372, .adv_w = 0, .box_w = 0, .box_h = 0, .ofs_x = 0, .ofs_y = 0}, /* id = 14 U+00AD */
    {.bitmap_index = 372, .adv_w = 180, .box_w = 11, .box_h = 10, .ofs_x = 0, .ofs_y = 0}, /* id = 15 U+00AE */
    {.bitmap_index = 427, .adv_w = 134, .box_w = 6, .box_h = 1, .ofs_x = 1, .ofs_y = 9}, /* id = 16 U+00AF */
    {.bitmap_index = 430, .adv_w = 94, .box_w = 6, .box_h = 5, .ofs_x = 0, .ofs_y = 5}, /* id = 17 U+00B0 */
    {.bitmap_index = 445, .adv_w = 130, .box_w = 8, .box_h = 9, .ofs_x = 0, .ofs_y = 0}, /* id = 18 U+00B1 */
    {.bitmap_index = 481, .adv_w = 96, .box_w = 6, .box_h = 6, .ofs_x = 0, .ofs_y = 5}, /* id = 19 U+00B2 */
    {.bitmap_index = 499, .adv_w = 96, .box_w = 6, .box_h = 6, .ofs_x = 0, .ofs_y = 5}, /* id = 20 U+00B3 */
    {.bitmap_index = 517, .adv_w = 134, .box_w = 4, .box_h = 3, .ofs_x = 3, .ofs_y = 8}, /* id = 21 U+00B4 */
    {.bitmap_index = 523, .adv_w = 153, .box_w = 8, .box_h = 11, .ofs_x = 1, .ofs_y = -3}, /* id = 22 U+00B5 */
    {.bitmap_index = 567, .adv_w = 145, .box_w = 8, .box_h = 13, .ofs_x = 0, .ofs_y = -2}, /* id = 23 U+00B6 */
    {.bitmap_index = 619, .adv_w = 60, .box_w = 2, .box_h = 3, .ofs_x = 1, .ofs_y = 2}, /* id = 24 U+00B7 */
    {.bitmap_index = 622, .adv_w = 134, .box_w = 4, .box_h = 5, .ofs_x = 2, .ofs_y = -4}, /* id = 25 U+00B8 */
    {.bitmap_index = 632, .adv_w = 96, .box_w = 5, .box_h = 6, .ofs_x = 1, .ofs_y = 5}, /* id = 26 U+00B9 */
    {.bitmap_index = 647, .adv_w = 94, .box_w = 6, .box_h = 5, .ofs_x = 0, .ofs_y = 6}, /* id = 27 U+00BA */
    {.bitmap_index = 662, .adv_w = 113, .box_w = 7, .box_h = 6, .ofs_x = 0, .ofs_y = 1}, /* id = 28 U+00BB */
    {.bitmap_index = 683, .adv_w = 232, .box_w = 13, .box_h = 10, .ofs_x = 1, .ofs_y = 0}, /* id = 29 U+00BC */
    {.bitmap_index = 748, .adv_w = 232, .box_w = 13, .box_h = 10, .ofs_x = 1, .ofs_y = 0}, /* id = 30 U+00BD */
    {.bitmap_index = 813, .adv_w = 232, .box_w = 14, .box_h = 10, .ofs_x = 0, .ofs_y = 0}, /* id = 31 U+00BE */
    {.bitmap_index = 883, .adv_w = 128, .box_w = 7, .box_h = 11, .ofs_x = 1, .ofs_y = -3}, /* id = 32 U+00BF */
    {.bitmap_index = 922, .adv_w = 164, .box_w = 11, .box_h = 13, .ofs_x = 0, .ofs_y = 0}, /* id = 33 U+00C0 */
    {.bitmap_index = 994, .adv_w = 164, .box_w = 11, .box_h = 13, .ofs_x = 0, .ofs_y = 0}, /* id = 34 U+00C1 */
    {.bitmap_index = 1066, .adv_w = 164, .box_w = 11, .box_h = 13, .ofs_x = 0, .ofs_y = 0}, /* id = 35 U+00C2 */
    {.bitmap_index = 1138, .adv_w = 164, .box_w = 11, .box_h = 13, .ofs_x = 0, .ofs_y = 0}, /* id = 36 U+00C3 */
    {.bitmap_index = 1210, .adv_w = 164, .box_w = 11, .box_h = 13, .ofs_x = 0, .ofs_y = 0}, /* id = 37 U+00C4 */
    {.bitmap_index = 1282, .adv_w = 164, .box_w = 11, .box_h = 14, .ofs_x = 0, .ofs_y = 0}, /* id = 38 U+00C5 */
    {.bitmap_index = 1359, .adv_w = 235, .box_w = 14, .box_h = 10, .ofs_x = 0, .ofs_y = 0}, /* id = 39 U+00C6 */
    {.bitmap_index = 1429, .adv_w = 160, .box_w = 10, .box_h = 14, .ofs_x = 0, .ofs_y = -4}, /* id = 40 U+00C7 */
    {.bitmap_index = 1499, .adv_w = 150, .box_w = 8, .box_h = 13, .ofs_x = 1, .ofs_y = 0}, /* id = 41 U+00C8 */
    {.bitmap_index = 1551, .adv_w = 150, .box_w = 8, .box_h = 13, .ofs_x = 1, .ofs_y = 0}, /* id = 42 U+00C9 */
    {.bitmap_index = 1603, .adv_w = 150, .box_w = 8, .box_h = 13, .ofs_x = 1, .ofs_y = 0}, /* id = 43 U+00CA */
    {.bitmap_index = 1655, .adv_w = 150, .box_w = 8, .box_h = 13, .ofs_x = 1, .ofs_y = 0}, /* id = 44 U+00CB */
    {.bitmap_index = 1707, .adv_w = 69, .box_w = 4, .box_h = 13, .ofs_x = -1, .ofs_y = 0}, /* id = 45 U+00CC */
    {.bitmap_index = 1733, .adv_w = 69, .box_w = 4, .box_h = 13, .ofs_x = 1, .ofs_y = 0}, /* id = 46 U+00CD */
    {.bitmap_index = 1759, .adv_w = 69, .box_w = 6, .box_h = 13, .ofs_x = -1, .ofs_y = 0}, /* id = 47 U+00CE */
    {.bitmap_index = 1798, .adv_w = 69, .box_w = 5, .box_h = 13, .ofs_x = 0, .ofs_y = 0}, /* id = 48 U+00CF */
    {.bitmap_index = 1831, .adv_w = 185, .box_w = 11, .box_h = 10, .ofs_x = 0, .ofs_y = 0}, /* id = 49 U+00D0 */
    {.bitmap_index = 1886, .adv_w = 182, .box_w = 9, .box_h = 13, .ofs_x = 1, .ofs_y = 0}, /* id = 50 U+00D1 */
    {.bitmap_index = 1945, .adv_w = 188, .box_w = 12, .box_h = 14, .ofs_x = 0, .ofs_y = -1}, /* id = 51 U+00D2 */
    {.bitmap_index = 2029, .adv_w = 188, .box_w = 12, .box_h = 14, .ofs_x = 0, .ofs_y = -1}, /* id = 52 U+00D3 */
    {.bitmap_index = 2113, .adv_w = 188, .box_w = 12, .box_h = 14, .ofs_x = 0, .ofs_y = -1}, /* id = 53 U+00D4 */
    {.bitmap_index = 2197, .adv_w = 188, .box_w = 12, .box_h = 14, .ofs_x = 0, .ofs_y = -1}, /* id = 54 U+00D5 */
    {.bitmap_index = 2281, .adv_w = 188, .box_w = 12, .box_h = 14, .ofs_x = 0, .ofs_y = -1}, /* id = 55 U+00D6 */
    {.bitmap_index = 2365, .adv_w = 130, .box_w = 6, .box_h = 6, .ofs_x = 1, .ofs_y = 2}, /* id = 56 U+00D7 */
    {.bitmap_index = 2383, .adv_w = 188, .box_w = 12, .box_h = 12, .ofs_x = 0, .ofs_y = -1}, /* id = 57 U+00D8 */
    {.bitmap_index = 2455, .adv_w = 177, .box_w = 9, .box_h = 14, .ofs_x = 1, .ofs_y = -1}, /* id = 58 U+00D9 */
    {.bitmap_index = 2518, .adv_w = 177, .box_w = 9, .box_h = 14, .ofs_x = 1, .ofs_y = -1}, /* id = 59 U+00DA */
    {.bitmap_index = 2581, .adv_w = 177, .box_w = 9, .box_h = 14, .ofs_x = 1, .ofs_y = -1}, /* id = 60 U+00DB */
    {.bitmap_index = 2644, .adv_w = 177, .box_w = 9, .box_h = 14, .ofs_x = 1, .ofs_y = -1}, /* id = 61 U+00DC */
    {.bitmap_index = 2707, .adv_w = 145, .box_w = 9, .box_h = 13, .ofs_x = 0, .ofs_y = 0}, /* id = 62 U+00DD */
    {.bitmap_index = 2766, .adv_w = 162, .box_w = 9, .box_h = 10, .ofs_x = 1, .ofs_y = 0}, /* id = 63 U+00DE */
    {.bitmap_index = 2811, .adv_w = 151, .box_w = 8, .box_h = 12, .ofs_x = 1, .ofs_y = -1}, /* id = 64 U+00DF */
    {.bitmap_index = 2859, .adv_w = 134, .box_w = 8, .box_h = 12, .ofs_x = 0, .ofs_y = -1}, /* id = 65 U+00E0 */
    {.bitmap_index = 2907, .adv_w = 134, .box_w = 8, .box_h = 12, .ofs_x = 0, .ofs_y = -1}, /* id = 66 U+00E1 */
    {.bitmap_index = 2955, .adv_w = 134, .box_w = 8, .box_h = 12, .ofs_x = 0, .ofs_y = -1}, /* id = 67 U+00E2 */
    {.bitmap_index = 3003, .adv_w = 134, .box_w = 8, .box_h = 12, .ofs_x = 0, .ofs_y = -1}, /* id = 68 U+00E3 */
    {.bitmap_index = 3051, .adv_w = 134, .box_w = 8, .box_h = 12, .ofs_x = 0, .ofs_y = -1}, /* id = 69 U+00E4 */
    {.bitmap_index = 3099, .adv_w = 134, .box_w = 8, .box_h = 13, .ofs_x = 0, .ofs_y = -1}, /* id = 70 U+00E5 */
    {.bitmap_index = 3151, .adv_w = 222, .box_w = 14, .box_h = 9, .ofs_x = 0, .ofs_y = -1}, /* id = 71 U+00E6 */
    {.bitmap_index = 3214, .adv_w = 128, .box_w = 8, .box_h = 12, .ofs_x = 0, .ofs_y = -4}, /* id = 72 U+00E7 */
    {.bitmap_index = 3262, .adv_w = 137, .box_w = 8, .box_h = 12, .ofs_x = 0, .ofs_y = -1}, /* id = 73 U+00E8 */
    {.bitmap_index = 3310, .adv_w = 137, .box_w = 8, .box_h = 12, .ofs_x = 0, .ofs_y = -1}, /* id = 74 U+00E9 */
    {.bitmap_index = 3358, .adv_w = 137, .box_w = 8, .box_h = 12, .ofs_x = 0, .ofs_y = -1}, /* id = 75 U+00EA */
    {.bitmap_index = 3406, .adv_w = 137, .box_w = 8, .box_h = 12, .ofs_x = 0, .ofs_y = -1}, /* id = 76 U+00EB */
    {.bitmap_index = 3454, .adv_w = 62, .box_w = 4, .box_h = 11, .ofs_x = -1, .ofs_y = 0}, /* id = 77 U+00EC */
    {.bitmap_index = 3476, .adv_w = 62, .box_w = 4, .box_h = 11, .ofs_x = 1, .ofs_y = 0}, /* id = 78 U+00ED */
    {.bitmap_index = 3498, .adv_w = 62, .box_w = 5, .box_h = 11, .ofs_x = 0, .ofs_y = 0}, /* id = 79 U+00EE */
    {.bitmap_index = 3526, .adv_w = 62, .box_w = 4, .box_h = 11, .ofs_x = 0, .ofs_y = 0}, /* id = 80 U+00EF */
    {.bitmap_index = 3548, .adv_w = 134, .box_w = 8, .box_h = 11, .ofs_x = 0, .ofs_y = 0}, /* id = 81 U+00F0 */
    {.bitmap_index = 3592, .adv_w = 153, .box_w = 8, .box_h = 11, .ofs_x = 1, .ofs_y = 0}, /* id = 82 U+00F1 */
    {.bitmap_index = 3636, .adv_w = 142, .box_w = 9, .box_h = 12, .ofs_x = 0, .ofs_y = -1}, /* id = 83 U+00F2 */
    {.bitmap_index = 3690, .adv_w = 142, .box_w = 9, .box_h = 12, .ofs_x = 0, .ofs_y = -1}, /* id = 84 U+00F3 */
    {.bitmap_index = 3744, .adv_w = 142, .box_w = 9, .box_h = 12, .ofs_x = 0, .ofs_y = -1}, /* id = 85 U+00F4 */
    {.bitmap_index = 3798, .adv_w = 142, .box_w = 9, .box_h = 12, .ofs_x = 0, .ofs_y = -1}, /* id = 86 U+00F5 */
    {.bitmap_index = 3852, .adv_w = 142, .box_w = 9, .box_h = 12, .ofs_x = 0, .ofs_y = -1}, /* id = 87 U+00F6 */
    {.bitmap_index = 3906, .adv_w = 130, .box_w = 8, .box_h = 8, .ofs_x = 0, .ofs_y = 1}, /* id = 88 U+00F7 */
    {.bitmap_index = 3938, .adv_w = 142, .box_w = 9, .box_h = 11, .ofs_x = 0, .ofs_y = -2}, /* id = 89 U+00F8 */
    {.bitmap_index = 3988, .adv_w = 152, .box_w = 8, .box_h = 12, .ofs_x = 1, .ofs_y = -1}, /* id = 90 U+00F9 */
    {.bitmap_index = 4036, .adv_w = 152, .box_w = 8, .box_h = 12, .ofs_x = 1, .ofs_y = -1}, /* id = 91 U+00FA */
    {.bitmap_index = 4084, .adv_w = 152, .box_w = 8, .box_h = 12, .ofs_x = 1, .ofs_y = -1}, /* id = 92 U+00FB */
    {.bitmap_index = 4132, .adv_w = 152, .box_w = 8, .box_h = 12, .ofs_x = 1, .ofs_y = -1}, /* id = 93 U+00FC */
    {.bitmap_index = 4180, .adv_w = 125, .box_w = 9, .box_h = 14, .ofs_x = -1, .ofs_y = -3}, /* id = 94 U+00FD */
    {.bitmap_index = 4243, .adv_w = 153, .box_w = 8, .box_h = 14, .ofs_x = 1, .ofs_y = -3}, /* id = 95 U+00FE */
    {.bitmap_index = 4299, .adv_w = 125, .box_w = 9, .box_h = 14, .ofs_x = -1, .ofs_y = -3}, /* id = 96 U+00FF */
    {.bitmap_index = 4362, .adv_w = 164, .box_w = 11, .box_h = 12, .ofs_x = 0, .ofs_y = 0}, /* id = 97 U+0100 */
    {.bitmap_index = 4428, .adv_w = 134, .box_w = 8, .box_h = 11, .ofs_x = 0, .ofs_y = -1}, /* id = 98 U+0101 */
    {.bitmap_index = 4472, .adv_w = 164, .box_w = 11, .box_h = 13, .ofs_x = 0, .ofs_y = 0}, /* id = 99 U+0102 */
    {.bitmap_index = 4544, .adv_w = 134, .box_w = 8, .box_h = 12, .ofs_x = 0, .ofs_y = -1}, /* id = 100 U+0103 */
    {.bitmap_index = 4592, .adv_w = 164, .box_w = 11, .box_h = 14, .ofs_x = 0, .ofs_y = -4}, /* id = 101 U+0104 */
    {.bitmap_index = 4669, .adv_w = 134, .box_w = 8, .box_h = 12, .ofs_x = 0, .ofs_y = -4}, /* id = 102 U+0105 */
    {.bitmap_index = 4717, .adv_w = 160, .box_w = 10, .box_h = 14, .ofs_x = 0, .ofs_y = -1}, /* id = 103 U+0106 */
    {.bitmap_index = 4787, .adv_w = 128, .box_w = 8, .box_h = 12, .ofs_x = 0, .ofs_y = -1}, /* id = 104 U+0107 */
    {.bitmap_index = 4835, .adv_w = 160, .box_w = 10, .box_h = 14, .ofs_x = 0, .ofs_y = -1}, /* id = 105 U+0108 */
    {.bitmap_index = 4905, .adv_w = 128, .box_w = 8, .box_h = 12, .ofs_x = 0, .ofs_y = -1}, /* id = 106 U+0109 */
    {.bitmap_index = 4953, .adv_w = 160, .box_w = 10, .box_h = 14, .ofs_x = 0, .ofs_y = -1}, /* id = 107 U+010A */
    {.bitmap_index = 5023, .adv_w = 128, .box_w = 8, .box_h = 12, .ofs_x = 0, .ofs_y = -1}, /* id = 108 U+010B */
    {.bitmap_index = 5071, .adv_w = 160, .box_w = 10, .box_h = 14, .ofs_x = 0, .ofs_y = -1}, /* id = 109 U+010C */
    {.bitmap_index = 5141, .adv_w = 128, .box_w = 8, .box_h = 12, .ofs_x = 0, .ofs_y = -1}, /* id = 110 U+010D */
    {.bitmap_index = 5189, .adv_w = 185, .box_w = 10, .box_h = 13, .ofs_x = 1, .ofs_y = 0}, /* id = 111 U+010E */
    {.bitmap_index = 5254, .adv_w = 153, .box_w = 11, .box_h = 13, .ofs_x = 0, .ofs_y = -1}, /* id = 112 U+010F */
    {.bitmap_index = 5326, .adv_w = 185, .box_w = 11, .box_h = 10, .ofs_x = 0, .ofs_y = 0}, /* id = 113 U+0110 */
    {.bitmap_index = 5381, .adv_w = 153, .box_w = 10, .box_h = 12, .ofs_x = 0, .ofs_y = -1}, /* id = 114 U+0111 */
    {.bitmap_index = 5441, .adv_w = 150, .box_w = 8, .box_h = 12, .ofs_x = 1, .ofs_y = 0}, /* id = 115 U+0112 */
    {.bitmap_index = 5489, .adv_w = 137, .box_w = 8, .box_h = 11, .ofs_x = 0, .ofs_y = -1}, /* id = 116 U+0113 */
    {.bitmap_index = 5533, .adv_w = 150, .box_w = 8, .box_h = 13, .ofs_x = 1, .ofs_y = 0}, /* id = 117 U+0114 */
    {.bitmap_index = 5585, .adv_w = 137, .box_w = 8, .box_h = 12, .ofs_x = 0, .ofs_y = -1}, /* id = 118 U+0115 */
    {.bitmap_index = 5633, .adv_w = 150, .box_w = 8, .box_h = 13, .ofs_x = 1, .ofs_y = 0}, /* id = 119 U+0116 */
    {.bitmap_index = 5685, .adv_w = 137, .box_w = 8, .box_h = 12, .ofs_x = 0, .ofs_y = -1}, /* id = 120 U+0117 */
    {.bitmap_index = 5733, .adv_w = 150, .box_w = 8, .box_h = 14, .ofs_x = 1, .ofs_y = -4}, /* id = 121 U+0118 */
    {.bitmap_index = 5789, .adv_w = 137, .box_w = 8, .box_h = 12, .ofs_x = 0, .ofs_y = -4}, /* id = 122 U+0119 */
    {.bitmap_index = 5837, .adv_w = 150, .box_w = 8, .box_h = 13, .ofs_x = 1, .ofs_y = 0}, /* id = 123 U+011A */
    {.bitmap_index = 5889, .adv_w = 137, .box_w = 8, .box_h = 12, .ofs_x = 0, .ofs_y = -1}, /* id = 124 U+011B */
    {.bitmap_index = 5937, .adv_w = 173, .box_w = 10, .box_h = 14, .ofs_x = 0, .ofs_y = -1}, /* id = 125 U+011C */
    {.bitmap_index = 6007, .adv_w = 155, .box_w = 9, .box_h = 14, .ofs_x = 0, .ofs_y = -3}, /* id = 126 U+011D */
    {.bitmap_index = 6070, .adv_w = 173, .box_w = 10, .box_h = 14, .ofs_x = 0, .ofs_y = -1}, /* id = 127 U+011E */
    {.bitmap_index = 6140, .adv_w = 155, .box_w = 9, .box_h = 14, .ofs_x = 0, .ofs_y = -3}, /* id = 128 U+011F */
    {.bitmap_index = 6203, .adv_w = 173, .box_w = 10, .box_h = 14, .ofs_x = 0, .ofs_y = -1}, /* id = 129 U+0120 */
    {.bitmap_index = 6273, .adv_w = 155, .box_w = 9, .box_h = 14, .ofs_x = 0, .ofs_y = -3}, /* id = 130 U+0121 */
    {.bitmap_index = 6336, .adv_w = 173, .box_w = 10, .box_h = 14, .ofs_x = 0, .ofs_y = -4}, /* id = 131 U+0122 */
    {.bitmap_index = 6406, .adv_w = 155, .box_w = 9, .box_h = 15, .ofs_x = 0, .ofs_y = -3}, /* id = 132 U+0123 */
    {.bitmap_index = 6474, .adv_w = 182, .box_w = 9, .box_h = 13, .ofs_x = 1, .ofs_y = 0}, /* id = 133 U+0124 */
    {.bitmap_index = 6533, .adv_w = 153, .box_w = 10, .box_h = 13, .ofs_x = -1, .ofs_y = 0}, /* id = 134 U+0125 */
    {.bitmap_index = 6598, .adv_w = 185, .box_w = 12, .box_h = 10, .ofs_x = 0, .ofs_y = 0}, /* id = 135 U+0126 */
    {.bitmap_index = 6658, .adv_w = 155, .box_w = 9, .box_h = 11, .ofs_x = 0, .ofs_y = 0}, /* id = 136 U+0127 */
    {.bitmap_index = 6708, .adv_w = 69, .box_w = 5, .box_h = 13, .ofs_x = 0, .ofs_y = 0}, /* id = 137 U+0128 */
    {.bitmap_index = 6741, .adv_w = 62, .box_w = 5, .box_h = 11, .ofs_x = 0, .ofs_y = 0}, /* id = 138 U+0129 */
    {.bitmap_index = 6769, .adv_w = 69, .box_w = 5, .box_h = 12, .ofs_x = 0, .ofs_y = 0}, /* id = 139 U+012A */
    {.bitmap_index = 6799, .adv_w = 62, .box_w = 5, .box_h = 10, .ofs_x = 0, .ofs_y = 0}, /* id = 140 U+012B */
    {.bitmap_index = 6824, .adv_w = 69, .box_w = 5, .box_h = 13, .ofs_x = 0, .ofs_y = 0}, /* id = 141 U+012C */
    {.bitmap_index = 6857, .adv_w = 62, .box_w = 4, .box_h = 11, .ofs_x = 0, .ofs_y = 0}, /* id = 142 U+012D */
    {.bitmap_index = 6879, .adv_w = 69, .box_w = 4, .box_h = 14, .ofs_x = 0, .ofs_y = -4}, /* id = 143 U+012E */
    {.bitmap_index = 6907, .adv_w = 62, .box_w = 4, .box_h = 15, .ofs_x = 0, .ofs_y = -4}, /* id = 144 U+012F */
    {.bitmap_index = 6937, .adv_w = 69, .box_w = 2, .box_h = 13, .ofs_x = 1, .ofs_y = 0}, /* id = 145 U+0130 */
    {.bitmap_index = 6950, .adv_w = 62, .box_w = 2, .box_h = 8, .ofs_x = 1, .ofs_y = 0}, /* id = 146 U+0131 */
    {.bitmap_index = 6958, .adv_w = 161, .box_w = 8, .box_h = 11, .ofs_x = 1, .ofs_y = -1}, /* id = 147 U+0132 */
    {.bitmap_index = 7002, .adv_w = 126, .box_w = 7, .box_h = 14, .ofs_x = 1, .ofs_y = -3}, /* id = 148 U+0133 */
    {.bitmap_index = 7051, .adv_w = 115, .box_w = 6, .box_h = 14, .ofs_x = 0, .ofs_y = -1}, /* id = 149 U+0134 */
    {.bitmap_index = 7093, .adv_w = 64, .box_w = 7, .box_h = 14, .ofs_x = -2, .ofs_y = -3}, /* id = 150 U+0135 */
    {.bitmap_index = 7142, .adv_w = 161, .box_w = 9, .box_h = 14, .ofs_x = 1, .ofs_y = -4}, /* id = 151 U+0136 */
    {.bitmap_index = 7205, .adv_w = 138, .box_w = 8, .box_h = 15, .ofs_x = 1, .ofs_y = -4}, /* id = 152 U+0137 */
    {.bitmap_index = 7265, .adv_w = 138, .box_w = 8, .box_h = 8, .ofs_x = 1, .ofs_y = 0}, /* id = 153 U+0138 */
    {.bitmap_index = 7297, .adv_w = 133, .box_w = 8, .box_h = 13, .ofs_x = 1, .ofs_y = 0}, /* id = 154 U+0139 */
    {.bitmap_index = 7349, .adv_w = 62, .box_w = 4, .box_h = 14, .ofs_x = 1, .ofs_y = 0}, /* id = 155 U+013A */
    {.bitmap_index = 7377, .adv_w = 133, .box_w = 8, .box_h = 14, .ofs_x = 1, .ofs_y = -4}, /* id = 156 U+013B */
    {.bitmap_index = 7433, .adv_w = 62, .box_w = 2, .box_h = 15, .ofs_x = 1, .ofs_y = -4}, /* id = 157 U+013C */
    {.bitmap_index = 7448, .adv_w = 133, .box_w = 8, .box_h = 11, .ofs_x = 1, .ofs_y = 0}, /* id = 158 U+013D */
    {.bitmap_index = 7492, .adv_w = 62, .box_w = 5, .box_h = 12, .ofs_x = 1, .ofs_y = 0}, /* id = 159 U+013E */
    {.bitmap_index = 7522, .adv_w = 133, .box_w = 8, .box_h = 10, .ofs_x = 1, .ofs_y = 0}, /* id = 160 U+013F */
    {.bitmap_index = 7562, .adv_w = 87, .box_w = 5, .box_h = 11, .ofs_x = 1, .ofs_y = 0}, /* id = 161 U+0140 */
    {.bitmap_index = 7590, .adv_w = 133, .box_w = 10, .box_h = 10, .ofs_x = -1, .ofs_y = 0}, /* id = 162 U+0141 */
    {.bitmap_index = 7640, .adv_w = 62, .box_w = 5, .box_h = 11, .ofs_x = -1, .ofs_y = 0}, /* id = 163 U+0142 */
    {.bitmap_index = 7668, .adv_w = 182, .box_w = 9, .box_h = 13, .ofs_x = 1, .ofs_y = 0}, /* id = 164 U+0143 */
    {.bitmap_index = 7727, .adv_w = 153, .box_w = 8, .box_h = 11, .ofs_x = 1, .ofs_y = 0}, /* id = 165 U+0144 */
    {.bitmap_index = 7771, .adv_w = 182, .box_w = 9, .box_h = 14, .ofs_x = 1, .ofs_y = -4}, /* id = 166 U+0145 */
    {.bitmap_index = 7834, .adv_w = 153, .box_w = 8, .box_h = 12, .ofs_x = 1, .ofs_y = -4}, /* id = 167 U+0146 */
    {.bitmap_index = 7882, .adv_w = 182, .box_w = 9, .box_h = 13, .ofs_x = 1, .ofs_y = 0}, /* id = 168 U+0147 */
    {.bitmap_index = 7941, .adv_w = 153, .box_w = 8, .box_h = 11, .ofs_x = 1, .ofs_y = 0}, /* id = 169 U+0148 */
    {.bitmap_index = 7985, .adv_w = 163, .box_w = 11, .box_h = 11, .ofs_x = -1, .ofs_y = 0}, /* id = 170 U+0149 */
    {.bitmap_index = 8046, .adv_w = 182, .box_w = 9, .box_h = 13, .ofs_x = 1, .ofs_y = -3}, /* id = 171 U+014A */
    {.bitmap_index = 8105, .adv_w = 153, .box_w = 8, .box_h = 11, .ofs_x = 1, .ofs_y = -3}, /* id = 172 U+014B */
    {.bitmap_index = 8149, .adv_w = 188, .box_w = 12, .box_h = 13, .ofs_x = 0, .ofs_y = -1}, /* id = 173 U+014C */
    {.bitmap_index = 8227, .adv_w = 142, .box_w = 9, .box_h = 11, .ofs_x = 0, .ofs_y = -1}, /* id = 174 U+014D */
    {.bitmap_index = 8277, .adv_w = 188, .box_w = 12, .box_h = 14, .ofs_x = 0, .ofs_y = -1}, /* id = 175 U+014E */
    {.bitmap_index = 8361, .adv_w = 142, .box_w = 9, .box_h = 12, .ofs_x = 0, .ofs_y = -1}, /* id = 176 U+014F */
    {.bitmap_index = 8415, .adv_w = 188, .box_w = 12, .box_h = 14, .ofs_x = 0, .ofs_y = -1}, /* id = 177 U+0150 */
    {.bitmap_index = 8499, .adv_w = 142, .box_w = 9, .box_h = 12, .ofs_x = 0, .ofs_y = -1}, /* id = 178 U+0151 */
    {.bitmap_index = 8553, .adv_w = 252, .box_w = 15, .box_h = 10, .ofs_x = 0, .ofs_y = 0}, /* id = 179 U+0152 */
    {.bitmap_index = 8628, .adv_w = 239, .box_w = 15, .box_h = 9, .ofs_x = 0, .ofs_y = -1}, /* id = 180 U+0153 */
    {.bitmap_index = 8696, .adv_w = 163, .box_w = 9, .box_h = 13, .ofs_x = 1, .ofs_y = 0}, /* id = 181 U+0154 */
    {.bitmap_index = 8755, .adv_w = 92, .box_w = 5, .box_h = 11, .ofs_x = 1, .ofs_y = 0}, /* id = 182 U+0155 */
    {.bitmap_index = 8783, .adv_w = 163, .box_w = 9, .box_h = 14, .ofs_x = 1, .ofs_y = -4}, /* id = 183 U+0156 */
    {.bitmap_index = 8846, .adv_w = 92, .box_w = 5, .box_h = 12, .ofs_x = 1, .ofs_y = -4}, /* id = 184 U+0157 */
    {.bitmap_index = 8876, .adv_w = 163, .box_w = 9, .box_h = 13, .ofs_x = 1, .ofs_y = 0}, /* id = 185 U+0158 */
    {.bitmap_index = 8935, .adv_w = 92, .box_w = 6, .box_h = 11, .ofs_x = 0, .ofs_y = 0}, /* id = 186 U+0159 */
    {.bitmap_index = 8968, .adv_w = 139, .box_w = 9, .box_h = 14, .ofs_x = 0, .ofs_y = -1}, /* id = 187 U+015A */
    {.bitmap_index = 9031, .adv_w = 112, .box_w = 7, .box_h = 12, .ofs_x = 0, .ofs_y = -1}, /* id = 188 U+015B */
    {.bitmap_index = 9073, .adv_w = 139, .box_w = 9, .box_h = 14, .ofs_x = 0, .ofs_y = -1}, /* id = 189 U+015C */
    {.bitmap_index = 9136, .adv_w = 112, .box_w = 7, .box_h = 12, .ofs_x = 0, .ofs_y = -1}, /* id = 190 U+015D */
    {.bitmap_index = 9178, .adv_w = 139, .box_w = 9, .box_h = 14, .ofs_x = 0, .ofs_y = -4}, /* id = 191 U+015E */
    {.bitmap_index = 9241, .adv_w = 112, .box_w = 7, .box_h = 12, .ofs_x = 0, .ofs_y = -4}, /* id = 192 U+015F */
    {.bitmap_index = 9283, .adv_w = 139, .box_w = 9, .box_h = 14, .ofs_x = 0, .ofs_y = -1}, /* id = 193 U+0160 */
    {.bitmap_index = 9346, .adv_w = 112, .box_w = 7, .box_h = 12, .ofs_x = 0, .ofs_y = -1}, /* id = 194 U+0161 */
    {.bitmap_index = 9388, .adv_w = 131, .box_w = 9, .box_h = 14, .ofs_x = 0, .ofs_y = -4}, /* id = 195 U+0162 */
    {.bitmap_index = 9451, .adv_w = 93, .box_w = 6, .box_h = 14, .ofs_x = 0, .ofs_y = -4}, /* id = 196 U+0163 */
    {.bitmap_index = 9493, .adv_w = 131, .box_w = 9, .box_h = 13, .ofs_x = 0, .ofs_y = 0}, /* id = 197 U+0164 */
    {.bitmap_index = 9552, .adv_w = 93, .box_w = 6, .box_h = 11, .ofs_x = 0, .ofs_y = 0}, /* id = 198 U+0165 */
    {.bitmap_index = 9585, .adv_w = 131, .box_w = 9, .box_h = 10, .ofs_x = 0, .ofs_y = 0}, /* id = 199 U+0166 */
    {.bitmap_index = 9630, .adv_w = 93, .box_w = 6, .box_h = 10, .ofs_x = 0, .ofs_y = 0}, /* id = 200 U+0167 */
    {.bitmap_index = 9660, .adv_w = 177, .box_w = 9, .box_h = 14, .ofs_x = 1, .ofs_y = -1}, /* id = 201 U+0168 */
    {.bitmap_index = 9723, .adv_w = 152, .box_w = 8, .box_h = 12, .ofs_x = 1, .ofs_y = -1}, /* id = 202 U+0169 */
    {.bitmap_index = 9771, .adv_w = 177, .box_w = 9, .box_h = 13, .ofs_x = 1, .ofs_y = -1}, /* id = 203 U+016A */
    {.bitmap_index = 9830, .adv_w = 152, .box_w = 8, .box_h = 11, .ofs_x = 1, .ofs_y = -1}, /* id = 204 U+016B */
    {.bitmap_index = 9874, .adv_w = 177, .box_w = 9, .box_h = 14, .ofs_x = 1, .ofs_y = -1}, /* id = 205 U+016C */
    {.bitmap_index = 9937, .adv_w = 152, .box_w = 8, .box_h = 12, .ofs_x = 1, .ofs_y = -1}, /* id = 206 U+016D */
    {.bitmap_index = 9985, .adv_w = 177, .box_w = 9, .box_h = 15, .ofs_x = 1, .ofs_y = -1}, /* id = 207 U+016E */
    {.bitmap_index = 10053, .adv_w = 152, .box_w = 8, .box_h = 13, .ofs_x = 1, .ofs_y = -1}, /* id = 208 U+016F */
    {.bitmap_index = 10105, .adv_w = 177, .box_w = 9, .box_h = 14, .ofs_x = 1, .ofs_y = -1}, /* id = 209 U+0170 */
    {.bitmap_index = 10168, .adv_w = 152, .box_w = 8, .box_h = 12, .ofs_x = 1, .ofs_y = -1}, /* id = 210 U+0171 */
    {.bitmap_index = 10216, .adv_w = 177, .box_w = 9, .box_h = 14, .ofs_x = 1, .ofs_y = -4}, /* id = 211 U+0172 */
    {.bitmap_index = 10279, .adv_w = 152, .box_w = 8, .box_h = 12, .ofs_x = 1, .ofs_y = -4}, /* id = 212 U+0173 */
    {.bitmap_index = 10327, .adv_w = 252, .box_w = 16, .box_h = 13, .ofs_x = 0, .ofs_y = 0}, /* id = 213 U+0174 */
    {.bitmap_index = 10431, .adv_w = 201, .box_w = 13, .box_h = 11, .ofs_x = 0, .ofs_y = 0}, /* id = 214 U+0175 */
    {.bitmap_index = 10503, .adv_w = 145, .box_w = 9, .box_h = 13, .ofs_x = 0, .ofs_y = 0}, /* id = 215 U+0176 */
    {.bitmap_index = 10562, .adv_w = 125, .box_w = 9, .box_h = 14, .ofs_x = -1, .ofs_y = -3}, /* id = 216 U+0177 */
    {.bitmap_index = 10625, .adv_w = 145, .box_w = 9, .box_h = 13, .ofs_x = 0, .ofs_y = 0}, /* id = 217 U+0178 */
    {.bitmap_index = 10684, .adv_w = 147, .box_w = 9, .box_h = 13, .ofs_x = 0, .ofs_y = 0}, /* id = 218 U+0179 */
    {.bitmap_index = 10743, .adv_w = 117, .box_w = 7, .box_h = 11, .ofs_x = 0, .ofs_y = 0}, /* id = 219 U+017A */
    {.bitmap_index = 10782, .adv_w = 147, .box_w = 9, .box_h = 13, .ofs_x = 0, .ofs_y = 0}, /* id = 220 U+017B */
    {.bitmap_index = 10841, .adv_w = 117, .box_w = 7, .box_h = 11, .ofs_x = 0, .ofs_y = 0}, /* id = 221 U+017C */
    {.bitmap_index = 10880, .adv_w = 147, .box_w = 9, .box_h = 13, .ofs_x = 0, .ofs_y = 0}, /* id = 222 U+017D */
    {.bitmap_index = 10939, .adv_w = 117, .box_w = 7, .box_h = 11, .ofs_x = 0, .ofs_y = 0}, /* id = 223 U+017E */
    {.bitmap_index = 10978, .adv_w = 70, .box_w = 6, .box_h = 11, .ofs_x = 0, .ofs_y = 0}, /* id = 224 U+017F */
    {.bitmap_index = 11011, .adv_w = 112, .box_w = 7, .box_h = 2, .ofs_x = 0, .ofs_y = 3}, /* id = 225 U+2013 */
    {.bitmap_index = 11018, .adv_w = 224, .box_w = 14, .box_h = 2, .ofs_x = 0, .ofs_y = 3}, /* id = 226 U+2014 */
    {.bitmap_index = 11032, .adv_w = 51, .box_w = 3, .box_h = 5, .ofs_x = 0, .ofs_y = 6}, /* id = 227 U+2018 */
    {.bitmap_index = 11040, .adv_w = 51, .box_w = 3, .box_h = 5, .ofs_x = 0, .ofs_y = 6}, /* id = 228 U+2019 */
    {.bitmap_index = 11048, .adv_w = 93, .box_w = 6, .box_h = 5, .ofs_x = 0, .ofs_y = 6}, /* id = 229 U+201C */
    {.bitmap_index = 11063, .adv_w = 93, .box_w = 6, .box_h = 5, .ofs_x = 0, .ofs_y = 6}, /* id = 230 U+201D */
    {.bitmap_index = 11078, .adv_w = 70, .box_w = 3, .box_h = 4, .ofs_x = 1, .ofs_y = 2}, /* id = 231 U+2022 */
    {.bitmap_index = 11084, .adv_w = 155, .box_w = 10, .box_h = 2, .ofs_x = 0, .ofs_y = 0} /* id = 232 U+2026 */
};

/*---------------------
 *  CHARACTER MAPPING
 *--------------------*/

static const uint16_t unicode_list_1[] = {
    0x0, 0x1, 0x5, 0x6, 0x9, 0xa, 0xf, 0x13,
};

/*Collect the unicode lists and glyph_id offsets*/
static const lv_font_fmt_txt_cmap_t cmaps[] = {
    {
        .range_start = 160, .range_length = 224, .glyph_id_start = 1,
        .unicode_list = NULL, .glyph_id_ofs_list = NULL, .list_length = 0, .type = LV_FONT_FMT_TXT_CMAP_FORMAT0_TINY
    },
    {
        .range_start = 8211, .range_length = 20, .glyph_id_start = 225,
        .unicode_list = unicode_list_1, .glyph_id_ofs_list = NULL, .list_length = 8, .type = LV_FONT_FMT_TXT_CMAP_SPARSE_TINY
    }
};

/*--------------------
 *  ALL CUSTOM DATA
 *--------------------*/

/*Store all the custom data of the font*/
static const lv_font_fmt_txt_dsc_t font_dsc = {
    .glyph_bitmap = glyph_bitmap,
    .glyph_dsc = glyph_dsc,
    .cmaps = cmaps,
    .kern_dsc = NULL,
    .kern_scale = 0,
    .cmap_num = 2,
    .bpp = 4,
    .kern_classes = 0,
    .bitmap_format = 0, /*LV_FONT_FMT_TXT_PLAIN*/
};

/*-----------------
 *  PUBLIC FONT
 *----------------*/

/*Initialize a public general font descriptor*/
const lv_font_t cc_font_14 = {
    .get_glyph_dsc = lv_font_get_glyph_dsc_fmt_txt,    /*Function pointer to get glyph's data*/
    .get_glyph_bitmap = lv_font_get_bitmap_fmt_txt,    /*Function pointer to get glyph's bitmap*/
    .line_height = 16,          /*Same as lv_font_montserrat_14*/
    .base_line = 3,             /*Baseline measured from the bottom of the line*/
    .subpx = LV_FONT_SUBPX_NONE,
    .underline_position = -1,
    .underline_thickness = 1,
    .dsc = &font_dsc,          /*The custom font data. Will be accessed by `get_glyph_bitmap/dsc` */
    .fallback = &lv_font_montserrat_14,   /*Required: ASCII lives in the built-in*/
    .user_data = NULL,
};
